id,url,author,display_name,desc,views,likes,keyword,PublishTime,Duration
7594796583473007893,https://www.tiktok.com/@phc.o.sinh/video/7594796583473007893,phc.o.sinh,Dược sĩ Trần Trọng Phúc,"Tiểu đường ăn cơm sai đường huyết tăng vọt. 5 mẹo ăn cơm, đường ổn định #duocsiphuc #tieuduong #tieuduongtuyp2 #tangduonghuyet #ondinhduonghuyet",803500,18600,tiểu đường,2026-01-14T06:00:00+07:00,8M23S
7553877250123238657,https://www.tiktok.com/@tam.dan046.thaoduoctutam/video/7553877250123238657,tam.dan046.thaoduoctutam,Tâm Đan Thảo Dược,Ăn lá này càng ăn càng tốt cho người tiểu đường.#tieuduong #tieuduongvadaiduong #bienchungtieuduong #xuhuong #xuhuongtiktok ,299100,6844,tiểu đường,2025-09-25T11:22:07+07:00,1M34S
7617401815646162184,https://www.tiktok.com/@thankhoetaman0911/video/7617401815646162184,thankhoetaman0911,Hậu Tập Sống Khỏe 💚,"#6 Hành Trình Sống Khỏe Mình làm video này để chia sẻ những dấu hiệu mà trước đây chính mình đã từng gặp phải khi chưa biết mình bị tiểu đường.  Như thừa cân, hay đói bụng, khát nước nhiều, đi tiểu nhiều, hoặc sụt cân bất thường… Nếu anh chị nghe những triệu chứng đó và thấy mình cũng có vài dấu hiệu giống vậy, thì đừng chủ quan. Hãy dành thời gian đi kiểm tra sức khỏe và đo đường huyết để biết rõ tình trạng của mình. Mình chia sẻ câu chuyện này không phải để làm mọi người lo lắng, mà chỉ mong thông qua trải nghiệm của bản thân, mỗi người sẽ quan tâm đến sức khỏe của mình sớm hơn một chút. Vì phát hiện sớm thì mình sẽ có cơ hội điều chỉnh và sống khỏe hơn. 💚#hautapsongkhoe #suckhoe #tieuduong #thinhhanh #tothonmoingay",45700,537,tiểu đường,2026-03-15T15:49:41+07:00,2M04S
7599107167521705223,https://www.tiktok.com/@toitensuckhoe/video/7599107167521705223,toitensuckhoe,❤️‍🔥 Tôi Tên Sức Khỏe 💪,Tiểu đường để lại rất nhiều hệ lụy... bảo vệ bản thân mọi người nhé. #tieuduong  #phongbenh  #caythuocdangian ,50500,269,tiểu đường,2026-01-25T08:37:01+07:00,32S
7497937059915599122,https://www.tiktok.com/@trancongtrinh286/video/7497937059915599122,trancongtrinh286,Trần Công Trình 286,"Hết Tiểu Đường, Chào Đón Cuộc Sống Mới Với Thảo Dược #cachtritieuduong #thaoduoctieuduong #suckhoe #meohay #xuhuong  #tieuduong #benhtieuduong #trancongtrinh",34300,528,tiểu đường,2025-04-27T17:25:17+07:00,1M35S
7535806278703025416,https://www.tiktok.com/@coitamtranai/video/7535806278703025416,coitamtranai,CÕI TẠM 🙏TRẦN AI,cây thài lài nhật rau trai lá tròn ổn định đường huyết#mientayquetoi #tieuduong #tiktok #suckhoe #thuocnam #baithuocdangian #xuhuong #baithuochay #tieuduong #daithaoduong #tieuduongthaiki #63tiengiang #mientay ,52700,704,tiểu đường,2025-08-07T18:37:09+07:00,45S
7591052425147043086,https://www.tiktok.com/@sam.m.vn/video/7591052425147043086,sam.m.vn,MY VÂN,Người tiểu đường sẽ bỏ thuốc tây dài dài nếu như biết đến loại lá này#tieuduong #bienchungtieuduong #tieuduongtuyp2 #xuhuong2025 #shop_sam_my_van ,373600,6341,tiểu đường,2026-01-03T15:41:50+07:00,2M01S
7502991967043767570,https://www.tiktok.com/@linhthietthaoduoc/video/7502991967043767570,linhthietthaoduoc,Thuốc Nam Gia Truyền 1984,Trả lời @Phạm Quyên Vậy người Tiểu Đường ăn gì ???#linhthiet84 #tieuduong #benhtieuduong #ondinhduonghuyet #daothaidocto ,99300,3033,tiểu đường,2025-05-11T08:20:55+07:00,1M10S
7552023302001216786,https://www.tiktok.com/@kiemsoat.tieuduong/video/7552023302001216786,kiemsoat.tieuduong,Kiểm soát Tiểu đường,"🍊TOP 9 TRÁI CÂY — Đái tháo đường CÀNG ĂN CÀNG KHỎE  🔔 Lưu ý: Nội dung trên chỉ mang tính tham khảo, không thay thế cho tư vấn y khoa. Hãy trao đổi trực tiếp với Bác sĩ để có hướng dẫn phù hợp với tình trạng sức khỏe của mỗi người! #kiemsoattieuduong #tieuduong #daithaoduong #traicay #anuong ",131900,1955,tiểu đường,2025-09-20T11:27:31+07:00,1M39S
7619928660362972436,https://www.tiktok.com/@thailaitieuduong/video/7619928660362972436,thailaitieuduong,Thài Lài Tiểu Đường,"Tiểu đường tuýp 1-2 , đường cao lâu năm bao nhiêu cũng ổn nhai trong vòng 20 NGÀY bình ổn đường #tieuduong #xuhuong #leaontiktiok #mientay #63tiengiang",5124,43,tiểu đường,2026-03-22T11:15:01+07:00,35S
7495939853054528775,https://www.tiktok.com/@duocsihoangnhung/video/7495939853054528775,duocsihoangnhung,Dược Sỹ Hoàng Nhung,"10 điều NÊN và KHÔNG NÊN khi bị TIỂU ĐƯỜNG – ai cũng nên biết! NÊN: 	1.	Ăn đúng giờ, chia nhỏ bữa → Giúp ổn định đường huyết, tránh tăng cao sau bữa ăn lớn. 	2.	Chọn tinh bột tốt (gạo lứt, khoai lang, yến mạch…) → Những loại này tiêu hóa chậm, không làm đường huyết tăng đột ngột. 	3.	Ăn rau trước, cơm sau → Giúp làm chậm quá trình hấp thu đường, hỗ trợ kiểm soát đường máu. 	4.	Tăng cường vận động nhẹ (đi bộ, đạp xe…) → Mỗi ngày 20-30 phút là đủ giúp tăng độ nhạy insulin. 	5.	Uống đủ nước, hạn chế nước ngọt → Nước lọc giúp đào thải độc tố, còn nước ngọt thì ngược lại. 	6.	Ngủ đủ giấc, giữ tâm lý ổn định → Stress kéo dài có thể làm rối loạn đường huyết. 	7.	Kiểm tra đường huyết định kỳ → Giúp theo dõi và điều chỉnh kịp thời, tránh biến chứng. 	8.	Chọn thực phẩm ít chỉ số GI → GI thấp = ít làm tăng đường huyết (ví dụ: đậu, rau xanh). 	9.	Nếu ăn tại nhà để kiểm soát nguyên liệu → Bạn biết chính xác mình đang ăn gì, tránh “đường ẩn” trong đồ ăn chế biến sẵn. 	10.	Đọc kỹ nhãn sản phẩm → Có những thứ ghi “ít đường” nhưng vẫn nguy hiểm nếu không đọc kỹ thành phần! ⸻ KHÔNG NÊN: 	1.	Bỏ bữa, ăn dồn vào tối → Dễ gây tụt – tăng đường huyết bất thường, đặc biệt nguy hiểm ban đêm. 	2.	Ăn nhiều cơm trắng, bún, phở → Những loại tinh bột nhanh này làm đường huyết tăng nhanh chóng. 	3.	Dùng nước ngọt, trà sữa, sữa có đường → Rất nhiều đường ẩn, cực kỳ có hại cho người tiểu đường. 	4.	Ăn trái cây quá ngọt như sầu riêng, xoài chín → Trái cây cũng chứa đường, nên chọn loại ít ngọt hơn. 	5.	Lạm dụng thuốc mà không theo dõi đường huyết → Có thể gây tụt đường huyết nghiêm trọng, thậm chí nguy hiểm tính mạng. 	6.	Ngồi quá lâu, lười vận động → Giảm khả năng chuyển hóa đường trong cơ thể. 	7.	Ăn đồ chiên rán, chế biến sẵn → Nhiều chất béo xấu và đường tiềm ẩn. 	8.	Ngủ không đủ giấc, thức khuya → Ảnh hưởng đến chuyển hóa và nội tiết, dễ mất kiểm soát đường huyết. 	9.	Căng thẳng kéo dài → Stress khiến cơ thể tiết nhiều hormone làm tăng đường máu. ⸻ #tieuduong #suckhoe #andoitot #dieutri",103300,495,tiểu đường,2025-04-22T08:15:11+07:00,8S
7617495504074853653,https://www.tiktok.com/@phongkhamvanhanh/video/7617495504074853653,phongkhamvanhanh,Phòng khám đa khoa Vạn Hạnh,BỆNH TIỂU ĐƯỜNG LÀ GÌ #TieuDuong #DieuTriTieuDuong #KiemSoatDuongHuyet #PhongKhamDaKhoaVanHanh #VanHanhBMT,59600,504,tiểu đường,2026-03-15T21:52:38+07:00,2M25S
7540634899514936594,https://www.tiktok.com/@dsmonghuynh/video/7540634899514936594,dsmonghuynh,DƯỢC TỪ TÂM HUYNH,người bị tiểu đường mà biết trà này coi như trúng số luôn nha#tieuduong #bienchungtieuduong #suckhoe #learnontiktok2025 #xuhuongtiktok2025 #duoctutammomghuynh ,52300,497,tiểu đường,2025-08-20T18:54:39+07:00,15S
7227071019209575686,https://www.tiktok.com/@songkhoe.cungtoi/video/7227071019209575686,songkhoe.cungtoi,Sống Khỏe Cùng Tôi,14 Thực Phẩm Nên Ăn  Và  Hạn Chế Khi Bị Tiểu đường #tieuduong #suckhoechomoinguoi #songkhoe #benhtieuduong #songkhoe.cungtoi,155200,1235,tiểu đường,2023-04-28T19:06:42+07:00,7S
7515670483501583624,https://www.tiktok.com/@hung_tieu_duong/video/7515670483501583624,hung_tieu_duong,TIỂU ĐƯỜNG VIỆT NAM,2 nguyên tắc ăn uống thoải mái cho người tiểu đường #tieuduong #momau #khanginsulin #roiloanchuyenhoa ,214400,5305,tiểu đường,2025-06-14T12:20:00+07:00,2M04S
7495636043048258824,https://www.tiktok.com/@mshonggiasi/video/7495636043048258824,mshonggiasi,Ms.Hồng giá sỉ,Trả lời @kimquangtrieu  Sữa Tiểu đường Glusure lựa chọn cho người tiểu đường ăn uống kém#mshonggiasi #suachonguoigia #suatieuduong #tieuduongvadaiduong #tieuduong #suachonguoitieuduong #glusure #suachinhhang #suabot #suckhoe ,95000,490,tiểu đường,2025-04-21T12:36:11+07:00,32S
7582556408181263623,https://www.tiktok.com/@songkhoe40/video/7582556408181263623,songkhoe40,Sống Khoẻ 4.0,Sự Thật Về Tiểu Đường #tieuduong #songkhoe40 ,1029,11,tiểu đường,2025-12-11T18:11:34+07:00,45S
7501316179391171847,https://www.tiktok.com/@sng.kho.2478/video/7501316179391171847,sng.kho.2478,user65139803063,Tiểu đường nên ăn gì và kiêng gì? #songkhoe247 #xuhuong #viral #tieuduong ,138300,513,tiểu đường,2025-05-06T19:57:57+07:00,13S
7502823865559731474,https://www.tiktok.com/@sng.kho.2478/video/7502823865559731474,sng.kho.2478,user65139803063,Dấu hiệu nhận biết bệnh tiểu đường #songkhoe247 #xuhuong #viral #tieuduong ,64300,199,tiểu đường,2025-05-10T21:28:33+07:00,13S
7622156677453729054,https://www.tiktok.com/@petahho/video/7622156677453729054,petahho,Peter  Ho,"Hello các bạn, Peter đây 👋 Nhiều người đang sống chung với cao huyết áp, tiểu đường, cholesterol cao mà không hề biết nó nguy hiểm cỡ nào… 👉 Bạn có biết không: 	•	Tiểu đường có thể dẫn đến mù mắt, suy thận 	•	Cao huyết áp có thể gây đột quỵ bất cứ lúc nào 	•	Cholesterol cao làm tắc nghẽn mạch máu mà bạn không hề cảm nhận Nhưng điều đáng sợ nhất là… Bạn uống thuốc mỗi ngày mà KHÔNG hiểu nó đang làm gì trong cơ thể 😶 Mình từng ở trong tình trạng đó. Và mình đã tìm cách thay đổi để giảm cân, cải thiện sức khỏe mà không phụ thuộc hoàn toàn vào thuốc. Nếu bạn cũng đang như vậy… đã đến lúc bạn phải hiểu rõ cơ thể mình ⚠️ #canhbao #suckhoe #tieuduong #caohuyetap #cholesterol ",437,6,tiểu đường,2026-03-28T11:20:59+07:00,59S
7549889798341790997,https://www.tiktok.com/@dsphinguyen/video/7549889798341790997,dsphinguyen,DS Phi Nguyễn,Nhận biết sớm tiểu đường type2!#dsphinguyen #hottrend #xaykenhtiktoklenxuhuong #tieuduong #tieuduongtuyp2 ,3603,13,tiểu đường,2025-09-14T17:28:27+07:00,20S
7622183228299824405,https://www.tiktok.com/@stasurevietnam/video/7622183228299824405,stasurevietnam,Sữa STAVIETNAM,💪💪💪🤝 GIẢI PHÁP DINH DƯỠNG CHO NGƯỜI TIỂU ĐƯỜNG & TIỀN ĐÁI THÁO ĐƯỜNG.  #stasureTiểuduong ,121,3,tiểu đường,2026-03-28T13:04:02+07:00,42S
7593679227824786709,https://www.tiktok.com/@duocsithao6/video/7593679227824786709,duocsithao6,Dược sĩ Thảo,Cứu người tiểu đường khỏi tụt đường đột ngột nhờ 3 mẹo nhanh tại nhà #tieuduong #tieuduongvadaiduong #tieuduongthaiky #duocsithao #duonghuyet,538200,6036,tiểu đường,2026-01-12T19:00:00+07:00,6M57S
7601044193686916372,https://www.tiktok.com/@locvandung945/video/7601044193686916372,locvandung945,locvandung945,Trả lời bình luận. Người bị tiểu đường có ăn được trứng không#sứckhoẻ #dinhduong #tieuduong #traloibinhluan ,194,4,tiểu đường,2026-01-30T13:53:39+07:00,2M41S
7579486818115128596,https://www.tiktok.com/@ths.ds.buithienkhanh/video/7579486818115128596,ths.ds.buithienkhanh,ThS-Ds.Bùi Thiện Khánh,Tiểu đường có mấy loại? #tieuduong #daithaoduong #xuhuong #viral #dskhanhbui ,103400,1363,tiểu đường,2025-12-03T11:40:02+07:00,1M12S
7209268243624627482,https://www.tiktok.com/@bacsitranminh/video/7209268243624627482,bacsitranminh,Bác Sĩ Trần Minh,Ngủ Dậy Thấy 3 Dấu Hiệu Này Cảnh Báo Bạn Đang Có Nguy Cơ Bị Đái Tháo Đường - Dr Trần Nhựt Minh #bacsitranminh #drtrannhutminh #tieuduongvadaiduong #tieuduong #daithaoduong #learnontiktok #xuhuong #viral #trending ,1200000,25200,tiểu đường,2023-03-11T19:42:51+07:00,1M08S
7532104153951145223,https://www.tiktok.com/@v.zui.thui/video/7532104153951145223,v.zui.thui,P.U bạn của  tiểu đường,Tiếp tục series “ Một ngầy của người bị tiểu đường type 1 sẽ như thế nào “ nha !!!!#tiểuduongtyp1 #dailyvlogs #xuhuong ,1999,52,tiểu đường,2025-07-28T19:11:00+07:00,1M23S
7423803914459286792,https://www.tiktok.com/@songkhoevlogs/video/7423803914459286792,songkhoevlogs,Sống Khỏe Vlog,8 Loại Trái Cây Người Bị Tiểu Đường Nên Tránh #songkhoe #dinhduong,115300,816,tiểu đường,2024-10-10T11:55:00+07:00,20S
7494848293403364626,https://www.tiktok.com/@tranthanhson.020401/video/7494848293403364626,tranthanhson.020401,TRẦN THANH SƠN,ba dấu hiệu tiểu đường sau khi ngủ dậy   ##suckhoe##suckhoe247##songkhoe247##tranthanhson##daophat##vansonsuckhoe##vansondongy,21800,547,tiểu đường,2025-04-19T09:39:17+07:00,1M23S
7578115012644982017,https://www.tiktok.com/@user13141995830441/video/7578115012644982017,user13141995830441,user13141995830441,Phần Mà Người Bệnh Tiểu Đường Ghét Nhất 😨,64200,292,tiểu đường,2025-11-29T18:57:39+07:00,15S
7619596621914934549,https://www.tiktok.com/@vtv24news/video/7619596621914934549,vtv24news,VTV24,"Các nhà nghiên cứu Trung Quốc vừa đạt bước đột phá y học trong điều trị bệnh đái tháo đường tuýp 1, mở ra hy vọng cho hàng triệu bệnh nhân trên thế giới. #vtv24 #vtvdigital #tiktoknews #songkhoe247 #daithaoduong",105400,1977,đái tháo đường,2026-03-21T17:00:00+07:00,49S
7621193132280990996,https://www.tiktok.com/@tiu.ng.sc.kho.thi/video/7621193132280990996,tiu.ng.sc.kho.thi,THIỀU TÀI - TIỂU ĐƯỜNG,3 mẹo ăn ngô không làm tăng đường huyết mà ít người biết mà áp dụng#daithaoduong#daithaoduongtuyp2#daithaoduong #suckhoechomoinguoi #tieuduonguonggi ,24200,260,đái tháo đường,2026-03-26T06:30:00+07:00,1M15S
7619984542195043605,https://www.tiktok.com/@bsvokimkha/video/7619984542195043605,bsvokimkha,Bs Khá -HSCC,Những thay đổi và cập nhật mới từ ADA 2026 “ Quản lý Đái tháo đường” . Cùng xem và học hỏi nhé🚀🚀 #sinhvienyduoc  #hocycogivui👩🏻‍⚕️💙  #daithaoduong  #fyp ,16600,944,đái tháo đường,2026-03-22T14:51:58+07:00,7M18S
7621167003893533973,https://www.tiktok.com/@ths.ds.buithienkhanh/video/7621167003893533973,ths.ds.buithienkhanh,ThS-Ds.Bùi Thiện Khánh,Nước mía có điều trị bệnh tiểu đường không? #tieuduong #daithaoduong #dskhanhbui ,22000,368,đái tháo đường,2026-03-25T19:20:31+07:00,55S
7605534687729044752,https://www.tiktok.com/@dstranng/video/7605534687729044752,dstranng,Dược sĩ Trang,7 món ăn sáng cho người tiểu đường giúp ổn  đường - sống thọ! #duocsitrang #daithaoduong #tieuduong #tet #thucpham #OnDinhDuongHuyet,74700,1797,đái tháo đường,2026-02-11T18:00:00+07:00,4M37S
7515084463232027911,https://www.tiktok.com/@thsbstranthanhhai/video/7515084463232027911,thsbstranthanhhai,Ths Bs Trần Thanh Hải,Bệnh tiểu đường ngày càng nặng vì 3 tư duy sai lầm này. #thsbstranthanhhai #tieuduong #daithaoduong #learnontiktok #viral #CapCut ,213300,7269,đái tháo đường,2025-06-12T22:25:56+07:00,5M41S
7617032272029519122,https://www.tiktok.com/@duocsilephuong/video/7617032272029519122,duocsilephuong,Dược sĩ Lê Phương,Người tiểu đường nên dùng thuốc như thế nào? #daithaoduong #tieuduong #tientieuduong #khanginsulin #duocsilephuong #benhmantinh,12300,227,đái tháo đường,2026-03-14T15:55:38+07:00,5M39S
7544771155446500616,https://www.tiktok.com/@caominhtruongofficial/video/7544771155446500616,caominhtruongofficial,Cao Minh Trường,3 Loại Đậu Tốt Nhất Chặn Đứng Tiểu Đường #CaoMinhTruong #tieuduong #suckhoe #longervideos #leanontiktok #daithaoduong,128300,2768,đái tháo đường,2025-09-01T19:00:00+07:00,12M44S
7530513460719979783,https://www.tiktok.com/@thsbstranthanhhai/video/7530513460719979783,thsbstranthanhhai,Ths Bs Trần Thanh Hải,Điều trị tiểu đường không khó như mọi người nghĩ. #thsbstranthanhhai #daithaoduong #tieuduong #viraltiktok #kientaosuckhoetoandien #CapCut ,458100,10800,đái tháo đường,2025-07-24T12:18:22+07:00,3M09S
7618866111790026005,https://www.tiktok.com/@thaoduocritado/video/7618866111790026005,thaoduocritado,Lương Y Nguyễn Công Đức,Tiểu đường có nên ăn trái cây không #tieuduong #daithaoduong #insulin #bepharin #nguyencongduc #baithuochay #baithuocdangian #learnontiktok #xuhuong #viral,17400,295,đái tháo đường,2026-03-19T15:00:00+07:00,2M10S
7620458956833426696,https://www.tiktok.com/@tieuduong.tamanh/video/7620458956833426696,tieuduong.tamanh,tieuduong.tamanh,Chế độ dinh dưỡng cho người đái tháo đường #songkhoe247 #suckhoe #benhvientamanh #daithaoduong #xuhuong ,5101,85,đái tháo đường,2026-03-23T21:32:53+07:00,46S
7618206391806823688,https://www.tiktok.com/@tieuduong.tamanh/video/7618206391806823688,tieuduong.tamanh,tieuduong.tamanh,8 đâu hiệu biến chứng bàn chân đái tháo đường #songkhoe247 #suckhoe #benhvientamanh #xuhuong #daithaoduong ,10500,85,đái tháo đường,2026-03-17T19:51:45+07:00,32S
7606197750492859664,https://www.tiktok.com/@glutex.11/video/7606197750492859664,glutex.11,Chuyên gia về Tiểu đường,Bị đái tháo đường bao lâu thì xuất hiện biến chứng? #daithaoduong #tieuduong #bienchungtieuduong #glutex #songkhoe,8119,104,đái tháo đường,2026-02-13T11:12:12+07:00,2M22S
7425168709360094482,https://www.tiktok.com/@bsvang/video/7425168709360094482,bsvang,BS.VÀNG-TiêuHoáGanMật,💢Đái tháo đường có thể điều trị khỏi mà không cần dùng thuốc?@BS HỮU VÀNG @PK GOLDMed TÊN LỬA #bsvang #phongkhamtenlua #goldmedclinic #pkgoldmed #LearnOnTikTok #daithaoduong #tieuduong #tieuduongvadaiduong ,172300,3261,đái tháo đường,2024-10-13T15:06:55+07:00,1M27S
7574296843836771602,https://www.tiktok.com/@kin.thc.ni.khoa.s/video/7574296843836771602,kin.thc.ni.khoa.s,Kiến Thức Nội Khoa sinh viên y,Nhóm thuốc điều trụ đái tháo đường phần 1#ykhoa #sinhvienyduoc #sinhvien #kienthucthuvi #daithaoduong ,30300,856,đái tháo đường,2025-11-19T12:00:13+07:00,5M57S
7582125197365447956,https://www.tiktok.com/@ths.ds.buithienkhanh/video/7582125197365447956,ths.ds.buithienkhanh,ThS-Ds.Bùi Thiện Khánh,Trả lời @ဣ Nhã ❦ tìm lại chính mình ☺️ Tiểu đường không phụ thuộc insulin là gì? #tieuduong #daithaoduong #xuhuong #viral ,221400,2031,đái tháo đường,2025-12-10T14:18:20+07:00,1M16S
7469310402581646600,https://www.tiktok.com/@thieutaidinhduong.com/video/7469310402581646600,thieutaidinhduong.com,Thiều Tài,1 loại lá hạ đường huyết nhanh và được định danh như ít ai biết để dùng#daithaoduong#daithaoduongthaiky#tieuduongvadaithaoduong#daithaoduongtuyp2#thieutai#sứckhoetieuduong#tieuduongtuyp1#tieuduongtuyp1vatuyp2#tieuduongtuyp2#duonghuyet#câyinsulin#tieuduonguonggidegiamduonghuyet#suckhoe#,1100000,14700,đái tháo đường,2025-02-09T13:59:15+07:00,1M09S
7604084391723437320,https://www.tiktok.com/@ths_thang/video/7604084391723437320,ths_thang,Ths điều dưỡng Thắng,Sự nguy hiểm của Đái tháo đường #Daithaoduong #Nguyhiemcuadaithaoduong #camnangdieuduongtainha  #onlearntiktok  #thsthang ,10300,198,đái tháo đường,2026-02-07T18:31:07+07:00,4M45S
7616926855714688276,https://www.tiktok.com/@ths.ds.buithienkhanh/video/7616926855714688276,ths.ds.buithienkhanh,ThS-Ds.Bùi Thiện Khánh,Trả lời @sh360 Tiểu đường lây từ vợ sang chồng? #tieuduong #daithaoduong #dskhanhbui ,335900,3366,đái tháo đường,2026-03-19T05:30:00+07:00,58S
7619690664783170837,https://www.tiktok.com/@bsnamnoitiet/video/7619690664783170837,bsnamnoitiet,Bác sĩ Nam nội tiết,"Đường máu 5,3 các bạn vẫn không nên chủ quan.  #xuhuong #bsnamnoitiet #tieuduong #momau #daithaoduong ",7051,155,đái tháo đường,2026-03-21T19:51:30+07:00,55S
7436308315233111303,https://www.tiktok.com/@bi.quyet.song.khoe/video/7436308315233111303,bi.quyet.song.khoe,Bí Quyết Sống Khoẻ,Bệnh Tiểu Đường Là Gì?? #tieuduong#tieuduong #tieuduongtype2 #suckhoe #suckhoechomoinguoi #daithaoduong #biquyetsongkhoe #viral #viral_video,3739,54,đái tháo đường,2024-11-12T15:34:41+07:00,1M18S
7581699370723085589,https://www.tiktok.com/@ths.ds.buithienkhanh/video/7581699370723085589,ths.ds.buithienkhanh,ThS-Ds.Bùi Thiện Khánh,3 sai lầm của BN Đái tháo đường #tieuduong #daithaoduong #xuhuong #viral #dskhanhbui ,9597,219,đái tháo đường,2025-12-13T05:30:00+07:00,1M21S
7201332377161911554,https://www.tiktok.com/@bacsyngoc.official/video/7201332377161911554,bacsyngoc.official,Dr Ngọc Clinic,Nguyên Nhân Chính Gây Nên Bệnh Đái Tháo Đường | Dr Ngọc #short #shorts #drngoc #daithaoduong #benhdaithaoduong #tieuduong #benhtieuduong #xuhuong,46500,605,đái tháo đường,2023-02-18T11:00:00+07:00,56S
7554694393312136455,https://www.tiktok.com/@thieutaidinhduong.com/video/7554694393312136455,thieutaidinhduong.com,Thiều Tài,loại lá được nghiên cứu giúp ổn định đường huyết#daithaoduong#tieuduongtuyp2#thieutai#tieuduonguonggi#suckhoe,165700,2246,đái tháo đường,2025-09-27T16:12:42+07:00,1M11S
7559417854815227157,https://www.tiktok.com/@clbdaithaoduong.diabetna/video/7559417854815227157,clbdaithaoduong.diabetna,CLB ĐÁI THÁO ĐƯỜNG,Bao lâu nên đo đường huyết 1 lần? #daithaoduong #tieuduong #xuhuong #viral #diabetna ,116500,1358,đái tháo đường,2025-10-10T09:42:18+07:00,59S
7492443913576254727,https://www.tiktok.com/@ddondinhduonghuyet/video/7492443913576254727,ddondinhduonghuyet,Dinh Dưỡng Ổn Định Đường Huyết,"Dinh Dưỡnng Ổn Định Đường Huyết - kênh Glucerna chính hãng! Chúng mình mong muốn trở thành một người bạn đồng hành đáng tin cậy, chia sẽ những kiến thức chính thống, những kinh nghiệm thực tế, cách dùng Glucerna hỗ trợ ổn định đường huyết! Hãy theo dõi ngay để cập nhiều tips hay trong việc xây dựng lối sống ổn định đường huyết và mua Glucerna chính hãng nhé!  #Dinhduongondinhduonghuyet #daithaoduongthaiky #daithaoduong #glucerna",446800,242,đái tháo đường,2025-04-13T10:30:00+07:00,39S
7360276855955426567,https://www.tiktok.com/@bs_chuong/video/7360276855955426567,bs_chuong,Bác Chường,Dấu hiệu bệnh Đái tháo đường #daithaoduong #tieuduong #diabetes,100100,731,đái tháo đường,2024-04-21T18:13:23+07:00,1M53S
7493849428839779591,https://www.tiktok.com/@ddondinhduonghuyet/video/7493849428839779591,ddondinhduonghuyet,Dinh Dưỡng Ổn Định Đường Huyết,Đái tháo đường “Không chữa được” không có nghĩa là “bó tay”! Hãy cùng Glucerna ổn định đường huyết nhé!  #daithaoduong  #Glucerna #Dinhduongondinhduonghuyet #daithaoduongthaiky ,421300,212,đái tháo đường,2025-04-16T17:03:12+07:00,1M14S
7489318972022705414,https://www.tiktok.com/@thieutaidinhduong.com/video/7489318972022705414,thieutaidinhduong.com,Thiều Tài,Tặn.g 15 hộp trà cây insulin cho những hoàn cảnh khó khăn mong các bác mạnh khoẻ#daithaoduong#daithaoduongtuyp1#thieutai#tracayinsulinthieutai#tracayinsulin#suckhoe#hoancanhkhokhan#,35100,767,đái tháo đường,2025-04-04T12:02:51+07:00,1M17S
7609634097085910293,https://www.tiktok.com/@ths.ds.buithienkhanh/video/7609634097085910293,ths.ds.buithienkhanh,ThS-Ds.Bùi Thiện Khánh,Trả lời @kim linh 1982 Hỗ trợ ổn định đường huyết #tieuduong #daithaoduong #dskhanhbui ,19800,184,đái tháo đường,2026-02-22T17:26:54+07:00,57S
7532729481497169160,https://www.tiktok.com/@dong.y.kim.ngan198/video/7532729481497169160,dong.y.kim.ngan198,THẢO DƯỢC TIỂU ĐƯỜNG,5 thực phẩm giúp phục hồi tuyến tụy từ sâu bên trong ##thuocnamsuckhoe##tieuduong##insulin##daithaoduong##viraltiktok,13700,192,đái tháo đường,2025-07-30T11:37:39+07:00,1M40S
7490913950255549704,https://www.tiktok.com/@maithao15.07/video/7490913950255549704,maithao15.07,Dr MaiThao,Tìm hiểu về Đái Tháo Đường. #thuctapsinh #xuhuong #cupcut #DrMaiThao #daithaoduong ,429,15,đái tháo đường,2025-04-08T19:12:00+07:00,59S
7454014850226834706,https://www.tiktok.com/@kien.shop.98/video/7454014850226834706,kien.shop.98,"Phụ Kiên Camera, Ship",6 con số người tiểu đường phải chú ý #tieuduong #daithaoduong #hevisure ,36400,190,đái tháo đường,2024-12-30T08:44:44+07:00,8S
7489811321022614789,https://www.tiktok.com/@chamsocsuckhoe.888/video/7489811321022614789,chamsocsuckhoe.888,Chăm Sóc Sức Khoẻ888,Những biến chứng thường gặp khi bị đái tháo đường! #daithaoduong #tieuduong #suckhoechomoinguoi #suckhoe #chamsocsuckhoe ,3143,24,đái tháo đường,2025-04-05T19:53:16+07:00,14S
7495042455667051794,https://www.tiktok.com/@maithao15.07/video/7495042455667051794,maithao15.07,Dr MaiThao,Chia sẻ biến chứng của Đái Tháo Đường. #CapCut #daithaoduong #DrMaiThao #cupcut #xuhuong #thuctapsinh #tamsunghanhy #hocycogivui👩🏻‍⚕️💙 ,320,16,đái tháo đường,2025-04-19T22:12:43+07:00,1M28S
7198725771773431066,https://www.tiktok.com/@bsthuy100357/video/7198725771773431066,bsthuy100357,bsthuy100357,Triệu chứng bệnh đái tháo đường typ 2#daithaoduong #daithaoduongtuyp2 #bsthuy ,5412,57,đái tháo đường,2023-02-11T09:52:45+07:00,48S
7339433939125161224,https://www.tiktok.com/@benhdaithaoduong/video/7339433939125161224,benhdaithaoduong,Daithaoduong,Cơ chế của bệnh đái tháo đường #tieuduong #daithaoduong #benhtieuduong #benhdaithaoduong #bacsi #benhvien #yhoccotruyen ,1383,32,đái tháo đường,2024-02-25T14:12:14+07:00,1M54S
7339222242166934792,https://www.tiktok.com/@benhdaithaoduong/video/7339222242166934792,benhdaithaoduong,Daithaoduong,Các phân biệt mắc tiểu đường tuýp 1-2-3 #tieuduong #daithaoduong #benhtieuduong #benhdaithaoduong #bacsi #benhvien ,466,9,đái tháo đường,2024-02-25T00:30:45+07:00,1M47S
7399130358865857812,https://www.tiktok.com/@chamsocsuckhoe.888/video/7399130358865857812,chamsocsuckhoe.888,Chăm Sóc Sức Khoẻ888,7 dấu hiệu cảnh báo bệnh đái tháo đường tại nhà👩🏻‍⚕️ #daithaoduong #tieuduong #tieuduongthaiki #suckhoe247 #chamsocsuckhoe #topthinhhanh ,69500,744,đái tháo đường,2024-08-04T11:04:49+07:00,14S
7338673150533651719,https://www.tiktok.com/@benhdaithaoduong/video/7338673150533651719,benhdaithaoduong,Daithaoduong,Cách phòng ngừa bệnh Đái tháo đường #tieuduong #daithaoduong #benhtieuduong #bacsi #benhvien #yhoccotruyen ,467,11,đái tháo đường,2024-02-23T12:59:58+07:00,42S
7578948012815224071,https://www.tiktok.com/@tiu.ng.24h/video/7578948012815224071,tiu.ng.24h,Tiểu Đường 24H,Một loại cây hỗ trợ cho bệnh tiểu đường. Cả nhà biết đây là cây gì không? #daithaoduong  #tieuduong ,163,6,đái tháo đường,2025-12-02T00:49:12+07:00,9S
7338798297542397202,https://www.tiktok.com/@benhdaithaoduong/video/7338798297542397202,benhdaithaoduong,Daithaoduong,Bị đái tháo đường nhưng thích uống nước ngọt #tieuduong #daithaoduong #benhtieuduong #bacsi #benhvien #yhoccotruyen ,872,19,đái tháo đường,2024-02-23T21:05:35+07:00,1M03S
7338640125712420104,https://www.tiktok.com/@benhdaithaoduong/video/7338640125712420104,benhdaithaoduong,Daithaoduong,Nguyên nhân càng ngày càng nhiều bạn trẻ mắc bệnh đái tháo đường #tieuduong #daithaoduong #benhtieuduong ,521,8,đái tháo đường,2024-02-23T10:51:50+07:00,56S
7338490994435869959,https://www.tiktok.com/@benhdaithaoduong/video/7338490994435869959,benhdaithaoduong,Daithaoduong,Ăn nhiều đường có bị bệnh tiểu đường không? #tieuduong #daithaoduong #benhtieuduong ,396,6,đái tháo đường,2024-02-23T01:13:08+07:00,57S
7340069169561406727,https://www.tiktok.com/@benhdaithaoduong/video/7340069169561406727,benhdaithaoduong,Daithaoduong,Biến chứng tiểu đường nguy cơ gây hỏng mắt và đột quỵ #tieuduong #daithaoduong #benhtieuduong #benhdaithaoduong #bacsi #benhvien #benhviennoitiet #yhoccotruyen ,539,21,đái tháo đường,2024-02-27T07:17:17+07:00,1M01S
7338963162797968658,https://www.tiktok.com/@benhdaithaoduong/video/7338963162797968658,benhdaithaoduong,Daithaoduong,Cơ chế gây ra bệnh tiểu đường #tieuduong #daithaoduong #benhtieuduong #benhdaithaoduong #bacsi #benhvien #yhoccotruyen ,950,31,đái tháo đường,2024-02-24T07:45:30+07:00,1M26S
7614413044130663701,https://www.tiktok.com/@bsthuemsuckhoegiadinh/video/7614413044130663701,bsthuemsuckhoegiadinh,BÁC SĨ THU EM,Người tiểu đường uống gì cho tốt #bacsithuem #suckhoechomoinguoi #daithaoduong #xuhuongtiktok #xuhuong ,164,9,đái tháo đường,2026-03-07T14:31:41+07:00,22S
7599607944681966864,https://www.tiktok.com/@dstranng/video/7599607944681966864,dstranng,Dược sĩ Trang,1 bát đậu xanh đánh bay tiểu đường!#duocsitrang #daithaoduong #tieuduong #insulin #meohay #thucpham #dauxanh,49500,1076,đái tháo đường,2026-02-01T06:30:00+07:00,5M23S
7608454213462396181,https://www.tiktok.com/@duocsi.them/video/7608454213462396181,duocsi.them,Dược Sĩ Thềm,"Đường huyết 6,5mmol/l là đã bị tiểu đường hay chưa?  #tieuduong #duonghuyet #daithaoduong #duocsithem #xuhuongtiktok ",9493,78,đái tháo đường,2026-02-19T13:08:22+07:00,3M20S
7581703524300393748,https://www.tiktok.com/@ths.ds.buithienkhanh/video/7581703524300393748,ths.ds.buithienkhanh,ThS-Ds.Bùi Thiện Khánh,Sự nguy hiểm của bệnh Đái tháo đường? #tieuduong #daithaoduong #xuhuong #viral #dskhanhbui ,4731,82,đái tháo đường,2025-12-10T05:30:00+07:00,1M15S
7515417194935618834,https://www.tiktok.com/@thsbstranthanhhai/video/7515417194935618834,thsbstranthanhhai,Ths Bs Trần Thanh Hải,"Bệnh tiểu đường hoàn toàn có thể CHỮA KHỎI, không phải là bệnh mạn tính. #CapCut #thsbstranthanhhai #tieuduong #daithaoduong #learnontiktok #viral ",9549,231,đái tháo đường,2025-06-13T19:57:07+07:00,1M14S
7590229466039864597,https://www.tiktok.com/@ths.ds.buithienkhanh/video/7590229466039864597,ths.ds.buithienkhanh,ThS-Ds.Bùi Thiện Khánh,Tiểu đường lâu năm #tieuduong #daithaoduong #xuhuong #viral #dskhanhbui ,4866,49,đái tháo đường,2026-01-01T10:26:59+07:00,33S
7457525336859757831,https://www.tiktok.com/@dangmythotieuduong8386/video/7457525336859757831,dangmythotieuduong8386,Đặng Mỹ Tho,90% người tiểu đường không biết loại lá này#dangmythotieuduong #daithaoduong #daithaoduongtuyp2 #daithaoduongtuyp1 #dinhduong #kiemsoatduonghuyet #songkhoe247 #haduonghuyet #learnontiktok ,446,6,đái tháo đường,2025-01-08T19:47:08+07:00,1M13S
7441535599103806728,https://www.tiktok.com/@thieutaidinhduong.com/video/7441535599103806728,thieutaidinhduong.com,Thiều Tài,tiểu đường làm đúng 5 điều sau bác sĩ thất nghiệp phần nửa rồi#daithaoduong#daithaoduongtuyp1#daithaoduongtuyp2#tieuduongvadaithaoduong#thieutai#sứckhoetieuduong#tieuduongtuyp1#tieuduongtuyp2p#haduonghuyet#duonghuyet#duonghuyet101#kiemsoatduonghuyet#dieutritieuduong#suckhoe#,128900,4005,đái tháo đường,2024-11-26T17:38:47+07:00,1M53S
7547191267130723591,https://www.tiktok.com/@duocsilenghia/video/7547191267130723591,duocsilenghia,Dược Sĩ Lê Nghĩa,Vỏ Trâm Sẻ - Bước đột phá cho người Tiểu Đường. #duocsilenghia #caytramse #votramse #tieuduong #daithaoduong ,359400,6203,đái tháo đường,2025-09-07T10:56:46+07:00,42S
7576666055121194260,https://www.tiktok.com/@dskhanhbui/video/7576666055121194260,dskhanhbui,ThS-Ds Khánh Bùi,Trả lời @Thị Kim Thoa Nguyễn BN Đái tháo đường phân biệt 3 chỉ số #tieuduong #daithaoduong #xuhuong #viral #dskhanh ,20000,207,đái tháo đường,2025-11-25T21:14:00+07:00,1M10S
7617768056084892948,https://www.tiktok.com/@dskhanhbui/video/7617768056084892948,dskhanhbui,ThS-Ds Khánh Bùi,Đông tây y trong điều trị đái tháo đường #tieuduong #daithaoduong #daithaoduong ,2746,92,đái tháo đường,2026-03-23T05:30:00+07:00,1M16S
7545510186841148678,https://www.tiktok.com/@lanongbiphap/video/7545510186841148678,lanongbiphap,LÃN ÔNG BÍ PHÁP,Phần 32: Đái Tháo Đường dưới góc nhìn y học cổ truyền Từ Tiêu Khát đến Giải Pháp Toàn Diện #lanongbiphap #yhoccotruyen #tieukhat #daithaoduong #hocycogivui👩🏻‍⚕️💙 ,1004,28,đái tháo đường,2025-09-02T22:13:20+07:00,15M40S
7576227218955799816,https://www.tiktok.com/@dinhtieuduong/video/7576227218955799816,dinhtieuduong,Định tiểu đường,Hết tiểu đường. Nếu bạn biết làm theo cách này. #diabetes #diabetestipo2 #tieuduongtuyp2 #daithaoduong ,23500,618,đái tháo đường,2025-11-24T16:51:07+07:00,5M03S
7615847496652377364,https://www.tiktok.com/@ths.ds.buithienkhanh/video/7615847496652377364,ths.ds.buithienkhanh,ThS-Ds.Bùi Thiện Khánh,Trả lời @Đoanvantam Đường huyết thay đổi liên tục #tieuduong #daithaoduong #dskhanhbui ,4605,97,đái tháo đường,2026-03-11T11:18:06+07:00,1M17S
7559203972695870728,https://www.tiktok.com/@mylinh9693/video/7559203972695870728,mylinh9693,Dược sỹ Linh 4.0,Viên uống dây thìa canh Diabetna giúp ổn định đường huyết 👉#daithaoduong #tieuduong #daythiacanh #diabetna #viral ,22500,80,đái tháo đường,2025-10-09T19:52:10+07:00,15S
7605600506408422672,https://www.tiktok.com/@tai.nutrition.tieu.duong/video/7605600506408422672,tai.nutrition.tieu.duong,Tài nutrition tiểu đường,B22 tiểu đường nên mua thực phảm này ngày tết  #tieuduong #tieuduongtuyp2 #daithaoduongtuyp2 #videoviral,6271,119,đái tháo đường,2026-02-12T18:30:00+07:00,1M52S
7588103845646011656,https://www.tiktok.com/@diab.daithaoduong/video/7588103845646011656,diab.daithaoduong,ĐÁI THÁO ĐƯỜNG KHỎE MẠNH,Người đái tháo đường vẫn ăn được chè? Có thật không?#tieuduong #daithaoduong #hba1c,766,7,đái tháo đường,2025-12-27T10:00:00+07:00,1M45S
7506902613468712197,https://www.tiktok.com/@mmduonghuyetondinh/video/7506902613468712197,mmduonghuyetondinh,MM Đường Huyết Ổn Định,Điều Khó Tin Về Bệnh Thận Đái Tháo Đường Bạn Chưa Biết! #maimedia #benhthan #daithaoduong #suckhoe,20300,169,đái tháo đường,2025-05-21T21:16:11+07:00,46S
7541025657606769938,https://www.tiktok.com/@clbdaithaoduong.diabetna/video/7541025657606769938,clbdaithaoduong.diabetna,CLB ĐÁI THÁO ĐƯỜNG,5 loại trái cây người tiểu đường có thể ăn #daithaoduong #duocsi #tieuduong ##tieuduongtuyp2 ,52600,799,đái tháo đường,2025-08-21T20:11:03+07:00,1M22S
7601782277240032533,https://www.tiktok.com/@ths.ds.buithienkhanh/video/7601782277240032533,ths.ds.buithienkhanh,ThS-Ds.Bùi Thiện Khánh,Trà dành cho người tiểu đường #tieuduong #daithaoduong #dskhanhbui ,35300,289,đái tháo đường,2026-02-01T22:00:00+07:00,48S
7496819374179781906,https://www.tiktok.com/@thieutaidinhduong.com/video/7496819374179781906,thieutaidinhduong.com,Thiều Tài,7 loại rau cực tốt cho người tiểu đường loại 7 là vua hút đường trong má.u#daithaoduong#daithaoduongtuyp2#tieuduongtuyp1#tieuduongtuyp2#thieutai#daithaoduongtuyp1#daithaoduongtuyp2#tieuduongnenanraugitot#tieuduonganraugi#suckhoe#,27500,594,đái tháo đường,2025-04-24T17:08:04+07:00,53S
7516411501754731794,https://www.tiktok.com/@quynhmot6886/video/7516411501754731794,quynhmot6886,Quỳnh MÓT6886,tiểu đêm ở người tiểu đường nguyên nhân thật sự không phải là do thận yếu!. #quynhmot6886 #suckhoe247 #kienthuc #fyp #learnontiktok #mobung #daithaoduong #tieuduong,12700,180,đái tháo đường,2025-06-16T12:15:32+07:00,3M21S
7166415220716375322,https://www.tiktok.com/@totmilkdiabetes/video/7166415220716375322,totmilkdiabetes,Đái Tháo Đường - TOT Milk,Đái tháo đường là bệnh của người Già ??? Có phải không ta #Master2022byTikTok #Halloween2022 #daithaoduong #daithaoduongtuyp2 #tieuduongtuyp2 ,292,5,đái tháo đường,2022-11-16T08:11:25+07:00,1M39S
7550427687899204880,https://www.tiktok.com/@dskhanhbui/video/7550427687899204880,dskhanhbui,ThS-Ds Khánh Bùi,Vì sao Đái tháo đường hay bị sụt cân? #daithaoduong #tieuduong #xuhuong #viral #dskhanh ,7903,114,đái tháo đường,2025-09-16T04:15:55+07:00,50S
7531331721900412178,https://www.tiktok.com/@drngo/video/7531331721900412178,drngo,BS LỘC - NỘI TIẾT,Tác dụng phụ của thuốc điều trị đái tháo đường #bsloc #bslocnoitiet #tieuduong #daithaoduong ,443100,12000,đái tháo đường,2025-07-26T17:13:36+07:00,5M49S
7577447362021297425,https://www.tiktok.com/@khoa.hoc.ve.duong.huyet/video/7577447362021297425,khoa.hoc.ve.duong.huyet,tư vấn sức khỏe online,Đường huyết an toàn của người tiểu đường là bao nhiêu? #tieuduong #daithaoduong #duonghuyet #tiktok #xuhuong,557,17,đái tháo đường,2025-11-27T23:47:04+07:00,1M09S
7472616317405678855,https://www.tiktok.com/@bsmilanguyen/video/7472616317405678855,bsmilanguyen,Bs Mila Nguyễn,Trả lời @thongnguyen3719 Lá cây insulin giúp giảm đường huyết sẽ có sớm nhé #bsmilanguyen #dinhduong #daithaoduong #tieuduong #daithaoduongthaiky #chualanh #learnontiktok #duonghuyet #insulin ,105100,1890,đái tháo đường,2025-02-18T11:47:54+07:00,1M06S
7538331295571660050,https://www.tiktok.com/@kienmyhuong.official/video/7538331295571660050,kienmyhuong.official,Kiến Mỹ Hương,"người tiểu đường, đường bao nhiêu là cao? khi nào có nguy cơ biến chứng? #kienmyhuong #tieuduongtuyp2 #benhtieuduong #tieuduong #daithaoduong ",20700,204,đái tháo đường,2025-08-14T13:55:31+07:00,1M25S
7279201887512005896,https://www.tiktok.com/@duoctivi/video/7279201887512005896,duoctivi,Dược TiVi,Đái tháo đường là gì nhỉ.. #duoctivi #daithaoduong #daithaoduongtype1 #daithaoduongtuyp2 #daithaoduongthaiky #suckhoechomoinguoi #learnontikok ,1387,8,đái tháo đường,2023-09-16T06:41:07+07:00,1M04S
7616927355705003284,https://www.tiktok.com/@ths.ds.buithienkhanh/video/7616927355705003284,ths.ds.buithienkhanh,ThS-Ds.Bùi Thiện Khánh,Cách kiểm tra chỉ số đường (GI) của thực phẩm #tieuduong #daithaoduong #dskhanhbui ,1360,49,đái tháo đường,2026-03-20T05:30:00+07:00,1M09S
7291156121958583553,https://www.tiktok.com/@namduocvidieu93/video/7291156121958583553,namduocvidieu93,Nam Dược Vi Diệu,"Trị Tiểu Đường Hiệu Quả, Bà Con Hãy Áp Dụng #caythuocnam #caythuocvuonnha #suckhoe #suckhoechomoinguoi #hoanvegan #yhocphuongdong ",693900,11000,bệnh tiểu đường,2023-10-18T11:49:38+07:00,47S
7592454317353782549,https://www.tiktok.com/@changluoihoc/video/7592454317353782549,changluoihoc,DS Chang Lười Học ✌️,"Biến chứng bàn chân ở người bị tiểu đường thường do tổn thương thần kinh và mạch máu, làm giảm cảm giác và lưu thông máu ở bàn chân. Hậu quả có thể là loét chân, nhiễm trùng nặng, chậm lành vết thương và tăng nguy cơ phải cắt cụt chi nếu không được điều trị kịp thời. #changluoihoc #diabetes #bienchungtieuduong",1100000,31400,bệnh tiểu đường,2026-01-07T10:20:37+07:00,55S
7274596390037130504,https://www.tiktok.com/@thainhitv/video/7274596390037130504,thainhitv,Thái Nhí TV,Cây Ngò Ôm Công Dụng Tốt Cho Bệnh TIỂU ĐƯỜNG #thainhitv #shopthainhtv #baithuocchuabenh,2300000,36800,bệnh tiểu đường,2023-09-03T20:49:22+07:00,5M06S
7619281167690272007,https://www.tiktok.com/@suckhoecungban01/video/7619281167690272007,suckhoecungban01,Sức Khoẻ Cùng Bạn,Mắc tiểu đường chỉ vì không ăn sáng #suckhoe #bacsi #suckhoechudong #suckhoechomoinguoi ,3200000,26700,bệnh tiểu đường,2026-03-20T17:52:15+07:00,2M41S
7225799042817608965,https://www.tiktok.com/@chuabenhtainhaf/video/7225799042817608965,chuabenhtainhaf,Chữa Bệnh Tại Nhà,Khỏi mỡ máu tiểu đường sau 20 ngày,3200000,89000,bệnh tiểu đường,2023-04-25T08:50:45+07:00,43S
7621514040040361229,https://www.tiktok.com/@sam.m.vn/video/7621514040040361229,sam.m.vn,MY VÂN,Người tiểu đường có uống nước dừa đc ko  #tieuduong #tieuduongtuyp2 #shop_sam_my_van #xuhuong2025 #bienchungtieuduong ,55800,832,bệnh tiểu đường,2026-03-26T17:47:16+07:00,2M21S
7621101210648481044,https://www.tiktok.com/@bacsithunoitiet/video/7621101210648481044,bacsithunoitiet,Bác sĩ Thu Nội Tiết,Biến chứng bệnh tiểu đường | Bác sĩ Thu nội tiết #bacsithunoitiet #tieuduong,15500,234,bệnh tiểu đường,2026-03-25T15:05:18+07:00,12M04S
7536493213855534354,https://www.tiktok.com/@lehaphuong1992/video/7536493213855534354,lehaphuong1992,Hà Phương - TIENS,Bị tiểu đườngphair kiêng ngay những thực phẩm này #learnontiktok #haphuongtiens #phatphapnhiemmau #suckhoe ,286900,6374,bệnh tiểu đường,2025-08-09T15:02:51+07:00,1M28S
7620361939859885319,https://www.tiktok.com/@duocsilephuong/video/7620361939859885319,duocsilephuong,Dược sĩ Lê Phương,Chuyên mục giải đáp cùng dược sĩ lê phương #daithaoduong #tientieuduong #tieuduong #khanginsulin #duocsilephuong #benhmantinh,12100,181,bệnh tiểu đường,2026-03-23T15:16:23+07:00,49S
7315773061423287554,https://www.tiktok.com/@bs.tranhoanghai/video/7315773061423287554,bs.tranhoanghai,TS.BS Trần Hoàng Hải,"Ổn định đường huyết, giảm tiểu đường bằng 1 loại thảo dược vô cùng đơn giản, gần gũi với người Việt Nam! #tranhoanghai #suckhoe #tieuduong #duonghuyet #chuabenhtainha",140400,2101,bệnh tiểu đường,2023-12-23T19:56:04+07:00,40S
7621427240277921045,https://www.tiktok.com/@chuabenhbangnuocthaynam/video/7621427240277921045,chuabenhbangnuocthaynam,chuabenhbangnuocthaynam,Bệnh Nhân Tiểu Đường..........!!!!!!!!!!!! #TieuDuong #BenhNhanTieuDuong #DuongHuyet #SongKhoeMoiNgay #SucKhoeCongDong,6007,66,bệnh tiểu đường,2026-03-26T12:10:21+07:00,6M39S
7620321284278340871,https://www.tiktok.com/@tamanhhospital.vn/video/7620321284278340871,tamanhhospital.vn,Bệnh viện Đa khoa Tâm Anh,"Bệnh tiểu đường (đái tháo đường) nếu không kiểm soát tốt đường huyết sẽ gây nhiều biến chứng tiểu đường nguy hiểm như: suy thận, suy tim, tổn thương võng mạc, nhiễm toan ceton, cắt bỏ bàn chân,… Để sống hòa bình với bệnh tiểu đường, người bệnh cần tuân thủ chỉ định của bác sĩ, không tự ý thay đổi hay ngưng thuốc điều trị, ăn uống không kiêng cữ #benhvientamanh #tieuduong #ytecongnghecao #TiktokForHealth #songkhoe247 ",41300,437,bệnh tiểu đường,2026-03-23T12:38:43+07:00,1M46S
7526515988381060359,https://www.tiktok.com/@nguyenoanh.dongy/video/7526515988381060359,nguyenoanh.dongy,ĐÔNG Y OANH NGUYỄN,Người tiểu đường có thể ăn cơm thoả mái mà không lo đường huyết tăng cao. #dongyoanhnguyen  #xuhuong2025  #benhtieuduong  #baithuocdangian ,524200,23800,bệnh tiểu đường,2025-07-13T17:46:06+07:00,1M22S
7617368126354640142,https://www.tiktok.com/@sam.m.vn/video/7617368126354640142,sam.m.vn,MY VÂN,Vì sao người tiểu đường lại bị teo cơ #tieuduong #tieuduongtuyp2 #bienchungtieuduong #shop_sam_my_van #xuhuong2025 ,121000,1461,bệnh tiểu đường,2026-03-15T13:39:24+07:00,2M39S
7578092487030361360,https://www.tiktok.com/@phc.o.sinh/video/7578092487030361360,phc.o.sinh,Dược sĩ Trần Trọng Phúc,Mẹo hạ đường huyết nhờ chăm ăn 6 loại rau này #duocsiphuc #tieuduong #tieuduongtuyp2 #tangduonghuyet #ondinhduonghuyet,399800,8683,bệnh tiểu đường,2025-11-29T18:00:00+07:00,11M17S
7568076094763519252,https://www.tiktok.com/@nguyenoanh.dongy/video/7568076094763519252,nguyenoanh.dongy,ĐÔNG Y OANH NGUYỄN,Một giải pháp đơn giản cho cô chú bị tiểu đường  Rất dễ kiếm dễ làm tại nhà  Cải thiện đường huyết rất nhanh #dongyoanhnguyen  #benhtieuduong  #benhtieuduongtuyp2  #tracayinsulin ,212800,9799,bệnh tiểu đường,2025-11-02T17:40:34+07:00,1M29S
7522848920691690770,https://www.tiktok.com/@caube.yeudoi1905/video/7522848920691690770,caube.yeudoi1905,Mình Là Nguyễn 🌱,TIỂU ĐƯỜNG khiến mình nhận ra tuổi 20 không miễn nhiễm với bệnh tật❗#tieuduong #hanhtrinhchuabenhtieuduong #NVNM #NVNM_K5_NHOM_25 ,115500,1652,bệnh tiểu đường,2025-07-03T20:35:59+07:00,59S
7612845176641391873,https://www.tiktok.com/@suckhoemoingay8888/video/7612845176641391873,suckhoemoingay8888,Sức Khoẻ Mỗi Ngày 🪫🔋,Cách ngăn ngừa tiểu đường#drwynntran #suckhoe #viral ,31800,1157,bệnh tiểu đường,2026-03-03T09:09:00+07:00,1M05S
7566106785350716688,https://www.tiktok.com/@tam.dan046.thaoduoctutam/video/7566106785350716688,tam.dan046.thaoduoctutam,Tâm Đan Thảo Dược,Đường huyết lên 300 uống thử loại nước này giúp giảm đường nhanh chóng.#tieuduong #tieuduongvadaiduong #bienchungtieuduong #xuhuong #xuhuongtiktok ,199900,6440,bệnh tiểu đường,2025-10-28T10:19:07+07:00,1M27S
7622183859014192397,https://www.tiktok.com/@sam.m.vn/video/7622183859014192397,sam.m.vn,MY VÂN,Tê tay tê chân ở người tiểu đường đừng nên chủ quan #tieuduong #tieuduongtuyp2 #shop_sam_my_van #xuhuong2025 #bienchungtieuduong ,2266,26,bệnh tiểu đường,2026-03-28T13:07:03+07:00,2M55S
7622151096466820373,https://www.tiktok.com/@shop.m.chu3/video/7622151096466820373,shop.m.chu3,Shop mẹ Châu,Bị tiểu đường uống nước dừa được không #sưckhoe #xuhuong #tieuduongvadaiduong #tieuduongtuyp2 #tieuduong ,819,15,bệnh tiểu đường,2026-03-28T10:59:30+07:00,1M38S
7521267834647809287,https://www.tiktok.com/@caube.yeudoi1905/video/7521267834647809287,caube.yeudoi1905,Mình Là Nguyễn 🌱,Mình phát hiện bị mắc bệnh tiểu đường ở tuổi 20 🌱 #tieuduong #NVNM #NVNM_K5_NHOM_25 ,30100,1525,bệnh tiểu đường,2025-06-29T14:20:37+07:00,1M01S
7615897620237585684,https://www.tiktok.com/@song.khoe.moi.ngay.11/video/7615897620237585684,song.khoe.moi.ngay.11,Sống Khỏe Mỗi Ngày,9 Bữa Sáng Tốt Nhất Cho Người Tiểu Đường #tieuduongvadaiduong #songkhoe #suckhoe #duonghuyet #tieuduong #viral #xuhuong #fyp,17500,193,bệnh tiểu đường,2026-03-11T18:30:00+07:00,1M04S
7618240998510071061,https://www.tiktok.com/@oanhthaoduoc/video/7618240998510071061,oanhthaoduoc,Oanh Đông Y,Cô chú tiểu đường nhớ xem hết video này nhé  hiện nay thì bệnh tiểu đường rất nhiều.  #oanhdongy  #xuhuongtiktok2026  #thaoduocthiennhien ,33100,958,bệnh tiểu đường,2026-03-17T22:06:00+07:00,1M48S
7378716149095189767,https://www.tiktok.com/@bsnamnoitiet/video/7378716149095189767,bsnamnoitiet,Bác sĩ Nam nội tiết,Tiểu đường số.ng được bao lâu?    #bsnamnoitiet #bsgiangnam #longervideos #LearnOnTikTok #education #tieuduong ,124000,2597,bệnh tiểu đường,2024-06-10T10:47:19+07:00,2M04S
7618161187724741908,https://www.tiktok.com/@oanhthaoduoc/video/7618161187724741908,oanhthaoduoc,Oanh Đông Y,những dấu hiệu như vậy là cô chú có dấu hiệu bệnh tiểu đường trở nên nặng rồi nhé. #oanhdongy  #xuhuongtiktok2026 #thaoduocthiennhien ,14000,508,bệnh tiểu đường,2026-03-17T16:56:28+07:00,1M23S
7479609743258963207,https://www.tiktok.com/@ds.maibinh/video/7479609743258963207,ds.maibinh,Dược sĩ Mai Bình,5 Biến chứng tiểu đường không nên bỏ qua | Dược sĩ Mai Bình #dsmaibinh #learontiktok2025 #kienthuchay #xuhuong #songkhoe247 #phongbenh #tieuduong ,25100,268,bệnh tiểu đường,2025-03-09T10:00:00+07:00,1M43S
7428811841830243602,https://www.tiktok.com/@bi.quyet.song.khoe/video/7428811841830243602,bi.quyet.song.khoe,Bí Quyết Sống Khoẻ,Người Bệnh Tiểu Đường Nên Kiêng Gì? #suckhoe #biquyetsongkhoe #tieuduong #suckhoechomoinguoi #viral,158100,1142,bệnh tiểu đường,2024-10-23T12:00:00+07:00,37S
7223663324427341058,https://www.tiktok.com/@nutri_fucoidan/video/7223663324427341058,nutri_fucoidan,THTPHARMA SHOP,Bệnh tiểu đường kiêng ăn gì? #benhtieuduongangi #benhtieuduong #anchay #nutrifucoidan #drfucoidan #xuhuong #xuhuong2023,79100,755,bệnh tiểu đường,2023-04-19T14:43:22+07:00,1M21S
7619553505145015565,https://www.tiktok.com/@sam.m.vn/video/7619553505145015565,sam.m.vn,MY VÂN,Vì sao người bị tiểu đường rất nhanh đói#tieuduong #tieuduongtuyp2 #shop_sam_my_van #xuhuong2025 #bienchungtieuduong ,7487,70,bệnh tiểu đường,2026-03-21T10:59:33+07:00,2M22S
7618052980889242901,https://www.tiktok.com/@linhthietthaoduoc/video/7618052980889242901,linhthietthaoduoc,Thuốc Nam Gia Truyền 1984,Sai lầm của người Tiểu Đường khi bỏ ăn 3 thực phẩm này ! #ondinhduonghuyet #linhthiet84 #benhtieuduong #tieuduong #tracayinsulin ,9541,325,bệnh tiểu đường,2026-03-17T09:56:40+07:00,2M12S
7562744638033906964,https://www.tiktok.com/@linhthietthaoduoc/video/7562744638033906964,linhthietthaoduoc,Thuốc Nam Gia Truyền 1984,Mẹo ăn cơm trắng thoải mái cho người Tiểu Đường . #ondinhduonghuyet #linhthiet84 #benhtieuduong #tieuduong #tracayinsulin ,103500,2940,bệnh tiểu đường,2025-10-19T08:51:49+07:00,54S
7524213172304088328,https://www.tiktok.com/@caube.yeudoi1905/video/7524213172304088328,caube.yeudoi1905,Mình Là Nguyễn 🌱,Trả lời @Những Vần Thơ Theo Năm Tháng Nếu cả đời này bệnh tiểu đường không hết thì sao❓ #tieuduong #hanhtrinhchuabenhtieuduong #thaydoibanthan #NVNM #NVNM_K5_NHOM_25 ,48700,1025,bệnh tiểu đường,2025-07-07T12:49:59+07:00,59S
7267441700652453122,https://www.tiktok.com/@cugiarautom/video/7267441700652453122,cugiarautom,Cụ Già Râu Tôm,Bệnh tiểu đường ngày càng phổ biến ở người trẻ. #khoahocvui #hoathinhvui #hoathinhkhoahoc #hoathinhgiaoduc #xuhuong #cugiarautom,26800,493,bệnh tiểu đường,2023-08-15T14:06:05+07:00,3M53S
7617260973413371156,https://www.tiktok.com/@nguyenandongy2/video/7617260973413371156,nguyenandongy2,TRÀ THẢO DƯỢC  NGUYỄN AN,"Mẹo cho người T.iểu đường , ăn cơm thoải mái không lo đừng biết tăng #Nguyễn_An_chuyen_tv_sức_khỏe  #ondinhduonghuyet  #benhtieuduongtuyp2  #tràcayinsulin  #tiktoklivexuhuong  @TRÀ THẢO DƯỢC  NGUYỄN AN @TÝ - XUYÊN @Đặng Huy @Hương xuân @Phan Hồng @♥️TiENSY♥️ @:Phạm Lành: @Lê Thanh Tú @Anh Dương @CHÂU ANH 19 @Anh Đặng @Hoàng Tiền Đồ Gia Dụng ",80500,3323,bệnh tiểu đường,2026-03-15T06:43:04+07:00,1M02S
7620668627468995858,https://www.tiktok.com/@podcast_ykhoa/video/7620668627468995858,podcast_ykhoa,Podcast Y khoa,"🛑 NGHỆ THUẬT KÊ ĐƠN TIỂU ĐƯỜNG: BỎ NGAY TƯ DUY ""ĐẬP"" ĐƯỜNG HUYẾT! Một sai lầm ""cổ hủ"" nhất khiến bác sĩ trẻ thất bại trong điều trị Đái tháo đường: Các bạn KHÔNG BAO GIỜ NÊN chỉ chăm chăm phối hợp đủ loại thuốc để hạ con số đường huyết xuống, mà bỏ quên việc bảo vệ sinh mạng của các cơ quan đích! 📉❌ Bệnh nhân hiếm khi tử vong vì đường huyết cao, họ tử vong vì Nhồi máu cơ tim và Suy thận! Cập nhật ngay phác đồ ""Lấy bệnh nhân làm trung tâm"" (chuẩn ADA) với 4 bước kê đơn thực chiến sau để tự tin cầm bút: 1️⃣ Bước 1: Tìm ""Cờ đỏ"" 🚩 Đường > 16.7, HbA1c > 10%, sụt cân rầm rộ hoặc nghi ngờ Toan Ceton? Cất ngay thuốc viên đi! Ca này phải ""đè ra"" tiêm Insulin lập tức để giải cứu tuyến tụy đang ngộ độc. 2️⃣ Bước 2: Nền tảng ""Lão đại"" Metformin 💊 Khởi trị kinh điển, rẻ, an toàn, không gây tăng cân. Nhưng nhớ kỹ: Bắt buộc soi mức lọc cầu thận (eGFR). Dưới 30 là cấm chỉ định tuyệt đối! 3️⃣ Bước 3: Bảo vệ cơ quan đích (Đỉnh cao cá thể hóa) 🛡️ Suy tim, bệnh thận mạn? ➡️ Gọi tên SGLT2i (Xả đường qua thận). Xơ vữa mạch vành, đột quỵ? ➡️ Dùng GLP-1 RA hoặc SGLT2i. 4️⃣ Bước 4: Chọn thuốc theo ""Nỗi sợ"" 🎯 Sợ béo? ➡️ GLP-1 RA / SGLT2i. Sợ hạ đường huyết (người già)? ➡️ Tránh xa Sulfonylurea, hãy dùng DPP-4i. Sợ tốn tiền? ➡️ Quay về Sulfonylurea hoặc TZD (nhưng phải dặn kỹ nguy cơ). Đừng chữa bệnh theo lối mòn nữa. Kê đơn là một nghệ thuật điều quân khiển tướng! Bạn thường ưu tiên nhóm thuốc nào sau Metformin? Bình luận xuống dưới để cùng trao đổi nhé! 👇  #NoiKhoa #NoiTietKhoa #DaiThaoDuong #ThayDoiLoiSong ",24700,1060,bệnh tiểu đường,2026-03-24T11:06:27+07:00,6M18S
7529758382241189138,https://www.tiktok.com/@nguyenoanh.dongy/video/7529758382241189138,nguyenoanh.dongy,ĐÔNG Y OANH NGUYỄN,Cô chú bị tiểu đường thì phải biết loại trái cây này nhé  Hổ trợ làm ổn định đường huyết sau khi ăn. #dongyoanhnguyen  #xuhuong2025  #benhtieuduong  #tieuduongtuyp2 ,147800,6568,bệnh tiểu đường,2025-07-22T11:28:15+07:00,1M20S
7485285638418353415,https://www.tiktok.com/@giaiphapbenhly/video/7485285638418353415,giaiphapbenhly,Giải pháp sức khỏe DLC,"Tiểu đường tuýp 2 – âm thầm nhưng tàn phá khủng khiếp!” Nguyên nhân, biến chứng, phòng ngừa, dinh dưỡng, hỗ trợ điều trị bệnh tiểu đường. #tieuduongtuyp2 #benhtieuduong #duongmau #suckhoechudong #dlccare #anlanh #songkhoe #tuvan_suckhoe #dinhduong ",4474,51,bệnh tiểu đường,2025-03-24T15:11:20+07:00,2M11S
7551291035398245639,https://www.tiktok.com/@vanoanh525/video/7551291035398245639,vanoanh525,Vanoanh236,Trà hỗ trợ tiểu đường#tra ,1600000,4369,bệnh tiểu đường,2025-09-18T12:05:58+07:00,10S
7483000316464516360,https://www.tiktok.com/@thuongquyet9394/video/7483000316464516360,thuongquyet9394,QYT PHARMA,Chỉ số đường huyết bao nhiêu được coi là bình thường? #duonghuyetcao #duonghuyetbaonhieu #tieuduong #hba1c #suckhoe #tiktok ,183800,1086,bệnh tiểu đường,2025-03-18T11:23:05+07:00,12S
7424485167538113800,https://www.tiktok.com/@duccuong1980/video/7424485167538113800,duccuong1980,Phạm đức Cường,12. Biểu hiện của nệnh tiểu đường anh Chị em lưu ý nhé#learnontiktok #songkhoe247 #xuhuong2023 #xuhuong2022 #xuhuong #nghechuchot #LEARNONTIKTOK #xuhuongtiktok ,136500,572,bệnh tiểu đường,2024-10-11T18:54:25+07:00,8S
7615924733372108040,https://www.tiktok.com/@lam1989cm/video/7615924733372108040,lam1989cm,LAM hàng rong,#tâm sự về bệnh tiểu đường chút nè..cả nhà ai có bệnh tiểu đường về đội em nha #mebimxaykenhtiktok #xuhuongtiktok #lamhangrong #lamhangrong ,66800,1784,bệnh tiểu đường,2026-03-11T16:17:42+07:00,59S
7605548052169968897,https://www.tiktok.com/@phc.o.sinh/video/7605548052169968897,phc.o.sinh,Dược sĩ Trần Trọng Phúc,"3 bộ phận hay ngứa bất thường, cảnh báo bệnh tiểu đường trở nặng #duocsiphuc #tieuduong #tieuduongtuyp2 #tangduonghuyet #ondinhduonghuyet #ngua",160600,1807,bệnh tiểu đường,2026-02-14T06:00:00+07:00,4M42S
7540999468183801095,https://www.tiktok.com/@hoang.thuy826/video/7540999468183801095,hoang.thuy826,DS ĐÔNG Y HOÀNG THÚY,"nước t.iểu mà có dấu hiệu này là 90% bị tiểu đ.ường rồi  ,các bác chú ý quan sát nhé.#tieuduong #trainsulin #cayinsulin #DSđongyhoangthuy #suckhoechomoinguoi @DS ĐÔNG Y HOÀNG THÚY ",21200,179,bệnh tiểu đường,2025-08-21T18:29:23+07:00,1M38S
7533018777798053127,https://www.tiktok.com/@huong_lalihiu/video/7533018777798053127,huong_lalihiu,Quỳnh Hương ❤️,#đường cho người tiểu đường ăn kiêng #xuhuong #lamdep #anvat ,2664,23,bệnh tiểu đường,2025-07-31T06:20:16+07:00,25S
7613702085955079432,https://www.tiktok.com/@doctorke_03/video/7613702085955079432,doctorke_03,Bác Sĩ Kế,Người tiểu đường không nên ăn cơm gạo lứt nếu không biết điều này #bacsike #tieuduong #tieuduongvadaiduong #tieuduongthaiki #suckhoe ,52200,656,bệnh tiểu đường,2026-03-05T16:32:43+07:00,1M44S
7620677638843092241,https://www.tiktok.com/@alobacsi.com/video/7620677638843092241,alobacsi.com,Alobacsi.com,“Uống nước mía đặc chữa tiểu đường”: Lời đồn nguy hiểm có thể khiến bệnh nhân trả giá đắt #AloBacsi #Songkhoe247 #songkhoemoingay #tiktoknews,321100,1748,bệnh tiểu đường,2026-03-24T11:42:23+07:00,2M36S
7619160696223223056,https://www.tiktok.com/@tam.dan046.thaoduoctutam/video/7619160696223223056,tam.dan046.thaoduoctutam,Tâm Đan Thảo Dược,Người bị tiểu đường người muốn phòng tránh bệnh tiểu đường cũng nên ăn loại lá cây nay#tieuduong #tieuduongvadaiduong #bienchungtieuduong #xuhuong #xuhuongtiktok ,105700,2597,bệnh tiểu đường,2026-03-20T09:35:05+07:00,1M30S
7620429263958805780,https://www.tiktok.com/@songvuisongkhoe360/video/7620429263958805780,songvuisongkhoe360,Sống Vui - Sống Khoẻ,5 món canh giúp người tiểu đường càng ăn càng khoẻ..  #suckhoe #dinhduong #tieuduong #thucpham #suckhoechomoinguoi ,13600,129,bệnh tiểu đường,2026-03-23T19:37:38+07:00,1M04S
7572045010242243841,https://www.tiktok.com/@phc.o.sinh/video/7572045010242243841,phc.o.sinh,Dược sĩ Trần Trọng Phúc,Bí quyết 10 cách nhìn da phát hiện tiểu bệnh tiểu đường không phải ai cũng biết. #tieu#tieuduongtuyp2 #dauhieunhanbiettieuduong #bienchungtieuduong #trieuchungtieuduong ##phongtranhtieuduong #xuhuong #duocsiphuc,1591,29,triệu chứng tiểu đường,2025-11-13T10:23:04+07:00,7M00S
7207419331032993051,https://www.tiktok.com/@bacsitranminh/video/7207419331032993051,bacsitranminh,Bác Sĩ Trần Minh,Triệu Chứng Báo Hiệu Khả Năng Bạn Đang Mắc Bệnh Tiểu Đường - Dr Trần Nhựt Minh #bacsitranminh #drtrannhutminh #trieuchung #daithaoduong #tieuduong #tieuduongvadaiduong #xuhuong #viral #trending ,70000,817,triệu chứng tiểu đường,2023-03-06T20:08:08+07:00,1M22S
7350926009757093121,https://www.tiktok.com/@minh_nhan_khang/video/7350926009757093121,minh_nhan_khang,Minh Nhãn Khang,Nhận biết sớm 7 triệu chứng của bệnh võng mạc tiểu đường #tieuduong #bienchungtieuduong #momattieuduong #vongmactieuduong #minhnhankhangplatinum,1850,26,triệu chứng tiểu đường,2024-03-27T21:00:00+07:00,1M04S
7290842696158088449,https://www.tiktok.com/@ngocquang160684/video/7290842696158088449,ngocquang160684,Ngọc Quang Beone,9 Triệu chứng của bệnh tiểu đường ở giai đoạn đầu #CapCut #longervideos #tiêuduong #trieuchung ,14400,45,triệu chứng tiểu đường,2023-10-17T15:33:22+07:00,3M03S
7382122678829780232,https://www.tiktok.com/@cu.nhan.xet.nghiem/video/7382122678829780232,cu.nhan.xet.nghiem,Bác Định - XÉT NGHIỆM ĐA KHOA,3 Nỗi Đau của Người bị Bệnh Tiểu Đường #tieuduong #suckhoe #learnontiktok ,12200,71,triệu chứng tiểu đường,2024-06-19T15:06:20+07:00,29S
7483914965825490193,https://www.tiktok.com/@huongtieuduong/video/7483914965825490193,huongtieuduong,Hương cai đường,Một số dấu hiệu mình gặp phải mà chủ quan bỏ qua.#thaydoibanthan #suckhoe #tieuduong #kyluatbanthan #khanginsulin ,41800,132,triệu chứng tiểu đường,2025-03-20T22:32:27+07:00,27S
7351034753346260242,https://www.tiktok.com/@haichiemnhalacup/video/7351034753346260242,haichiemnhalacup,Chị Em Chúng Mình,Dấu hiệu mắc bệnh tiểu đường #LearnOnTikTok #chiemnhalacup #tieuduong ,184100,2858,triệu chứng tiểu đường,2024-03-27T20:29:17+07:00,36S
7581345260446518549,https://www.tiktok.com/@ths.ds.buithienkhanh/video/7581345260446518549,ths.ds.buithienkhanh,ThS-Ds.Bùi Thiện Khánh,Trả lời @mua xuan 2000 Hỗ trợ hạ và ổn định đường #tieuduong #daithaoduong #xuhuong #viral ,43500,396,triệu chứng tiểu đường,2025-12-08T11:51:58+07:00,42S
7560302634922511623,https://www.tiktok.com/@phc.o.sinh/video/7560302634922511623,phc.o.sinh,Dược sĩ Trần Trọng Phúc,"Đường huyết 6,5mmol/L Bình thường hay đã mắc bệnh xem ngày để hiểu 4 mốc chỉ số vàng.  #Tieuduong #chandoantieuduong #chisoduonghuyet #DsPhuc #xuhuong ",298400,7138,triệu chứng tiểu đường,2025-10-12T18:55:34+07:00,1M54S
7533602660453322002,https://www.tiktok.com/@chamsoc_sk_cd/video/7533602660453322002,chamsoc_sk_cd,Phương Dung pharma,⛔4 TRIỆU CHỨNG Ở CHÂN CẢNH BÁO TIỂU ĐƯỜNG ĐÃ NGHIÊM TRỌNG #xuhuong #sưckhoe #chiasekinhnghiem @Ds Phương Dung @Phương Dung pharma ,49400,265,triệu chứng tiểu đường,2025-08-01T20:06:02+07:00,1M34S
7457150038620327176,https://www.tiktok.com/@dshangdinhduong/video/7457150038620327176,dshangdinhduong,Dược sĩ Hằng,Tiểu đường loại 2 hoàn toàn có thể điều trị lành thông qua thay đổi lối sống và có kế hoạch ăn uống đúng đủ   #dshangtieuduong88 #dshang #duocsihangtieuduong #tieuduong #tieuduongtuyp2 #dinhduongtieuduong #tieuduongangi #bienchungtieuduong #suckhoe247,36400,864,triệu chứng tiểu đường,2025-01-07T19:30:48+07:00,1M19S
7559077658470960401,https://www.tiktok.com/@nguyentrungha.tpn/video/7559077658470960401,nguyentrungha.tpn,Ds. Nguyễn Trung Hà TPN,5 cách hạ đường huyết ngay sau ăn mà người tiểu đường nên biết #suckhoe #anuong #tieuduong #thienphucnhan ,177900,3321,triệu chứng tiểu đường,2025-10-09T11:42:09+07:00,2M23S
7617032768186387720,https://www.tiktok.com/@duocsilephuong/video/7617032768186387720,duocsilephuong,Dược sĩ Lê Phương,Tại sao berberin là ưu tiên số 1 hỗ trợ tiểu đường ?#daithaoduong #tieuduong #tientieuduong #khanginsulin #duocsilephuong #benhmantinh,29800,481,triệu chứng tiểu đường,2026-03-16T15:15:00+07:00,2M33S
7449364420129524999,https://www.tiktok.com/@dshangdinhduong/video/7449364420129524999,dshangdinhduong,Dược sĩ Hằng,Người bệnh Tiểu Đường nên ăn gì buổi sáng để ít tăng đường huyết #dshangtieuduong  #suckhoe#bienchungtieuduong#tieuduongangi#daithaoduong#chamsocsuckhoechudong ,364200,6445,triệu chứng tiểu đường,2024-12-17T19:58:38+07:00,49S
7613033400454286612,https://www.tiktok.com/@ly.insulin/video/7613033400454286612,ly.insulin,Ly eo 59,5 Dấu hiệu cảnh báo mỡmáu của bạn đang tăng cao #LyChuyenHoa  #KhangInsulin #GiamMoAnToan #tieuduong #khoedeptugoc   ,573800,11100,triệu chứng tiểu đường,2026-03-03T21:17:51+07:00,2M27S
7517147811914321170,https://www.tiktok.com/@linhthietthaoduoc/video/7517147811914321170,linhthietthaoduoc,Thuốc Nam Gia Truyền 1984,Nước tiểu có dấu hiệu này coi chừng bị Tiểu Đường rồi nhé ! #linhthiet84 #benhtieuduong #tieuduong #thaidocthan ,13000,102,triệu chứng tiểu đường,2025-06-18T11:52:49+07:00,1M12S
7593664407037644053,https://www.tiktok.com/@phc.o.sinh/video/7593664407037644053,phc.o.sinh,Dược sĩ Trần Trọng Phúc,"Giữ 3 chỉ số đường huyết ổn định, không tốn tiền đi viện. Bật mí 3 cách phát hiện bệnh tiểu đường  #tieuduong #tieuduongtuyp2 #tangduonghuyet #ondinhduonghuyet",151700,1343,triệu chứng tiểu đường,2026-01-10T17:00:00+07:00,6M05S
7572154045050178836,https://www.tiktok.com/@nhathuocphongkhamsen/video/7572154045050178836,nhathuocphongkhamsen,Sen Clinic & Pharma,⚠️ Bạn có biết? 5 biến chứng nguy hiểm của Tiểu đường! Tiểu đường không đau nhưng âm thầm bào mòn các cơ quan khác trong cơ thể bạn! 👉🏻 Đừng chủ quan! xem hết video để nhận biết sớm các biến chứng và bảo vệ sức khỏe của bạn ngay từ hôm nay! #senclinic #senpharma #nhathuocphongkhamsen #songkhoemoinngay #bienchungtieuduong  ,2039,56,triệu chứng tiểu đường,2025-11-13T17:25:04+07:00,1M12S
7418526006933327122,https://www.tiktok.com/@thieutaidinhduong.com/video/7418526006933327122,thieutaidinhduong.com,Thiều Tài,"Trả lời @Mẹ Hiếu Nghĩa tiểu đường có nên ăn cam không,sự thật#daithaoduong#daithaoduongtuyp2#tieuduongtuyp1#tieuduongvadaithaoduong#tieuduongvadaithaoduong#hạduonghuyet#duonghuyet#kiemsoatduonghuyet#sứckhoetieuduong#thieutai#suckhoe#duonghuyet101#tieuduongtuyp2#",72700,1331,triệu chứng tiểu đường,2024-09-25T17:29:50+07:00,1M06S
7616990658003455253,https://www.tiktok.com/@nhathuocmd0/video/7616990658003455253,nhathuocmd0,MD,dấu hiệu nhận biết sớm của người mắc tiểu đường #tieuduongvadaiduong #duonghuyet #duonghuyetcao #bienchungtieuduong ,150,7,triệu chứng tiểu đường,2026-03-14T13:14:16+07:00,14S
7383938753242352903,https://www.tiktok.com/@songkhoemoingay_85/video/7383938753242352903,songkhoemoingay_85,Sống khoẻ mỗi ngày,Dấu hiệu nhận biết Bệnh tiểu đường #suckhoe #songkhoe #songkhoemoingay #addp #duocphamaddp #addpvienanduong #tieuduong #tieuduongtuyp2 ,333700,823,triệu chứng tiểu đường,2024-06-24T12:33:37+07:00,15S
7265522253347998977,https://www.tiktok.com/@tranxuanson.com/video/7265522253347998977,tranxuanson.com,Trần Sơn.,09 dấu hiệu nhận biết tiểu đường ở trẻ em bố mẹ cần biết #tieuduong #transon #tieuduongvadaiduong #chamsocsuckhoechudong #LearnOnTikTok  ,58700,700,triệu chứng tiểu đường,2023-08-10T09:57:11+07:00,2M11S
7613042826149907719,https://www.tiktok.com/@quynhnga3994/video/7613042826149907719,quynhnga3994,Sức khỏe là vàng 3994,90% người bị tiểu đường đang điều trị sai cách#viral #suckhoe #xuhuong #tieuduong#duoclieu ,39100,2039,triệu chứng tiểu đường,2026-03-03T23:08:08+07:00,50S
7256030568918437126,https://www.tiktok.com/@trungtamthuocdantoc/video/7256030568918437126,trungtamthuocdantoc,Trung tâm Thuốc Dân Tộc,Loại lá ngay trong vườn chữa tiểu đường! #thuocdantoc #chuabenhtainha #meodangian #tieuduongvadaiduong #bienchungtieuduong #chuatieuduong #suckhoechomoinguoi ,558100,8472,triệu chứng tiểu đường,2023-07-15T20:04:30+07:00,1M23S
7616149678270205192,https://www.tiktok.com/@chamsoc_sk_cd/video/7616149678270205192,chamsoc_sk_cd,Phương Dung pharma,Trả lời @h9g0s08 Tiểu đường mà hay bị choáng là vì sao❓ #chiasekinhnghiem #sứckhoẻ #tieuduong @Phương Dung nhà đất ,22500,160,triệu chứng tiểu đường,2026-03-12T06:50:45+07:00,1M16S
7620621650308107540,https://www.tiktok.com/@songkhoemoingay_85/video/7620621650308107540,songkhoemoingay_85,Sống khoẻ mỗi ngày,6 Việc mà người Tiểu đường nên làm vào buổi sáng - Càng làm càng khoẻ! #tieuduong #tieuduongtuyp2 #songkhoemoingay #suahatglucareplus #glucareplus ,11100,87,triệu chứng tiểu đường,2026-03-24T08:04:22+07:00,1M09S
7612806604743789825,https://www.tiktok.com/@tam.dan046.thaoduoctutam/video/7612806604743789825,tam.dan046.thaoduoctutam,Tâm Đan Thảo Dược,Đường máu cao 300/400 thì nấu liền 2 thứ này uống.#tieuduong #tieuduongvadaiduong #bienchungtieuduong #xuhuong #ilovetiktok ,187800,3490,triệu chứng tiểu đường,2026-03-03T06:39:02+07:00,1M27S
7598145042611571984,https://www.tiktok.com/@dstranng/video/7598145042611571984,dstranng,Dược sĩ Trang,4 loại rau người tiểu đường không nên ăn thường xuyên! #duocsitrang #tieuduong #daithaoduong #meohay #rau,226900,3109,triệu chứng tiểu đường,2026-01-23T06:00:00+07:00,4M31S
7566668232828947733,https://www.tiktok.com/@nongvietcuong/video/7566668232828947733,nongvietcuong,loveheathy,9 DẤU HIỆU SỚM CỦA TIỂU ĐƯỜNG TUÝP 2 - ĐỪNG BỎ QUA #suckhoechomoinguoi #suckhoe247 #timmach #tieuduong #huyetap ,52900,191,triệu chứng tiểu đường,2025-10-29T22:37:20+07:00,1M00S
7581323336488078612,https://www.tiktok.com/@ds.maibinh/video/7581323336488078612,ds.maibinh,Dược sĩ Mai Bình,6 đồ uống buổi sáng giúp đường huyết ổn định cả ngày #dsmaibinh #tieuduong #tieuduongtuyp2 #tangduonghuyet #ondinhduonghuyet,130900,3612,triệu chứng tiểu đường,2025-12-08T11:00:00+07:00,6M14S
7586634175466327316,https://www.tiktok.com/@phc.o.sinh/video/7586634175466327316,phc.o.sinh,Dược sĩ Trần Trọng Phúc,"Đường đói sáng tăng vọt, HbA1C mãi không giảm. 90% người tiểu đường không biết 6 sai lầm này #duocsiphuc #tieuduong #tieuduongtuyp2 #tangduonghuyet #ondinhduonghuyet",150800,2511,triệu chứng tiểu đường,2025-12-22T18:30:00+07:00,7M40S
7303384650997583112,https://www.tiktok.com/@kienthucsuckhoe99/video/7303384650997583112,kienthucsuckhoe99,Kiến Thức Sức Khoẻ,Cắt cụt chân vì trị tiểu đường không đúng cách #dieutritieuduong #tieuduong #bienchungtieuduong #sức_khỏe_là_vàng ,122600,667,triệu chứng tiểu đường,2023-11-20T10:42:33+07:00,10M00S
7579642553717345543,https://www.tiktok.com/@lekimhung2610/video/7579642553717345543,lekimhung2610,Hưng Hiểu Mỡ,Biểu hiện tiểu đường #khanginsulin #lekimhung #suckhoe #creatorsearchinsights ,16100,297,triệu chứng tiểu đường,2025-12-03T21:44:18+07:00,1M38S
7568088652081859858,https://www.tiktok.com/@bs.v.phng/video/7568088652081859858,bs.v.phng,BS VÕ PHƯƠNG ĐỀ,"Cảm giác bất lực là gì.... Là lúc điều trị tiểu đường từ bất thường về bình thường.  Rồi bệnh nhân nói không lấy thuốc nữa, về nhà uống thuốc nam. :( . Anh đau từ lúc em đi",725900,7220,triệu chứng tiểu đường,2025-11-02T18:29:16+07:00,20S
7308607326842408194,https://www.tiktok.com/@hoangphuongvtc/video/7308607326842408194,hoangphuongvtc,MC Hoàng Phương VTC,Dấu hiệu của cơ thể đang hướng tới tiền tiểu đường. #learnontiktok #suckhoe247 #giamcan #giammo #hoangphuong #tieuduong #khanginsulin ,831300,8572,triệu chứng tiểu đường,2023-12-04T12:29:16+07:00,2M08S
7440831752471448852,https://www.tiktok.com/@drngo/video/7440831752471448852,drngo,BS LỘC - NỘI TIẾT,"Uống thuốc tây điều trị tiểu đường không gây suy gan, suy thận #bsloc #bslocnoitiet #tieuduong #diabetes #suythan #longervideo #learnontiktok ",93000,2567,triệu chứng tiểu đường,2024-11-24T20:07:35+07:00,2M24S
7462720571088915730,https://www.tiktok.com/@dshangdinhduong/video/7462720571088915730,dshangdinhduong,Dược sĩ Hằng,Vì sao tiểu đường lại dẫn đến gan nhiễm mỡ?#dshangtieuduong88 #dshang #duocsihangtieuduong #tieuduong #tieuduongtuyp2 #dinhduongtieuduong #tieuduongangi #bienchungtieuduong #suckhoe247,4570,104,triệu chứng tiểu đường,2025-01-22T19:47:20+07:00,1M26S
7587720009271594260,https://www.tiktok.com/@dsmonghuynh/video/7587720009271594260,dsmonghuynh,DƯỢC TỪ TÂM HUYNH,tiểu đường tết ăn thả ga không lo đường tăng#tieuduong #biengchungtieuduong #suckhoe #duocsimonghuynh ,10600,133,triệu chứng tiểu đường,2025-12-25T16:09:03+07:00,1M33S
7614057235295014164,https://www.tiktok.com/@duocsithanhhai2023/video/7614057235295014164,duocsithanhhai2023,DS THANH HẢI,"Cách Uống Nuớc Để Cải Thiện Mỡ Máu, Gan Nhiễm Mỡ, Tiểu Đường? #dsthanhhai #momaucao #gannhiemmo #tieuduong #cachuongnuoc ",3075,186,triệu chứng tiểu đường,2026-03-06T15:30:55+07:00,1M24S
7509023971493432594,https://www.tiktok.com/@bach_hoi/video/7509023971493432594,bach_hoi,Bác Hội,5 thói quen làm tăng nguy cơ tiểu đường #BACSIHOI #cuocsong #dotquy #suckhoe #songkhoe #doisong #suckhoechomoinguoi #learnontiktok #foryou #xuhuong,297400,4734,triệu chứng tiểu đường,2025-05-31T08:00:00+07:00,2M09S
7393915666400546055,https://www.tiktok.com/@songkhoemoingay_85/video/7393915666400546055,songkhoemoingay_85,Sống khoẻ mỗi ngày,3 Biến chứng của Bệnh Tiểu đường #suckhoe #songkhoe #songkhoemoingay #addp #duocphamaddp #tieuduong #tieuduongtuyp2 ,11200,46,triệu chứng tiểu đường,2024-07-21T09:49:09+07:00,25S
7270450058548481288,https://www.tiktok.com/@suckhoe.tieuduong/video/7270450058548481288,suckhoe.tieuduong,Sức khỏe tiểu đường,4 nguyên tắc đơn giản ngăn chặn TIỂU ĐƯỜNG! #suckhoetieuduong #tieuduong #LearnOnTikTok #SongKhoe247 #tieuduongvadaithaoduong #Bemediajsc #longervideos,169200,5759,triệu chứng tiểu đường,2023-08-24T22:00:00+07:00,1M57S
7532313733398351112,https://www.tiktok.com/@duocsithao6/video/7532313733398351112,duocsithao6,Dược sĩ Thảo,"xuất hiện 5 biểu hiện sau, bệnh tiểu đường đang tiến triển xấu #tieuduong #tieuduongvadaiduong #tieuduongthaiki #duonghuyet #duocsithao",20200,372,triệu chứng tiểu đường,2025-07-30T06:00:00+07:00,1M50S
7613198404805479701,https://www.tiktok.com/@bsphamthitam/video/7613198404805479701,bsphamthitam,ThS BS Phạm Thị Tám,Tiểu đường phải làm sao? #bstam #bsphamthitam #ainghia #tieuduong #kholanhvetthuong ,6467,87,triệu chứng tiểu đường,2026-03-04T07:58:16+07:00,3M39S
7572856376037297426,https://www.tiktok.com/@quangthoritado/video/7572856376037297426,quangthoritado,Thầy Nguyễn Công Đức,Dấu hiệu của bệnh tiểu đường #tieuduong #daithaoduong #insulin #bepharin #nguyencongduc #baithuocdangian #baithuochay #xuhuong #learnontiktok #viral,44600,594,triệu chứng tiểu đường,2025-11-15T16:00:00+07:00,2M50S
7474956551678233863,https://www.tiktok.com/@dshangdinhduong/video/7474956551678233863,dshangdinhduong,Dược sĩ Hằng,4 cách kiểm soát đường huyết hiệu quả cho người tiểu đường. Và cách cuối cùng vô cùng đơn giản hiệu quả mà 90% người tiểu đường chưa biết! #dshangtieuduong88 #dshang #duocsihangtieuduong #tieuduong #tieuduongtuyp2 #dinhduongtieuduong #tieuduongangi #bienchungtieuduong #suckhoe247,101600,1478,triệu chứng tiểu đường,2025-02-24T19:09:09+07:00,2M11S
7529417647742536967,https://www.tiktok.com/@mc.ng.an/video/7529417647742536967,mc.ng.an,Mộc Đường An,Tiểu đường đã có biến chứng vẫn cứu được #tieuduong #suckhoetieuduong #suckhoechomoinguoi #mocduongan #bienchung #suckhoe #suckhoe247 ,10500,84,triệu chứng tiểu đường,2025-07-21T13:26:01+07:00,28S
7575900927538892040,https://www.tiktok.com/@truongsinhquyet.official/video/7575900927538892040,truongsinhquyet.official,Trường Sinh Quyết,Đây là lý do vì sao người bị tiểu đường thường xuyên bị thức dậy và mất ngủ ban đêm #TikTokAwardsVN #suckhoe247h #truongsinhquyet #yarianteam #songkhoe ,14300,274,triệu chứng tiểu đường,2025-11-23T19:44:53+07:00,2M36S
7435674998322302226,https://www.tiktok.com/@giangcautoanmecap/video/7435674998322302226,giangcautoanmecap,Giang cầu toàn - Mẹ Cap,"Nhập viện điều trị tiểu đường thai kì (Ngày 1): Vậy là hôm nay tui chính thức nhập viện rùi nè mng 🥹 Ngày đầu tiên bsi cho làm các xét nghiệm và bắt đầu tiêm isulin, đo đường huyết trước và sau ăn để tìm liều tiêm phù hợp nhất cho tui ne Bác sĩ cũng đề nghị nên ăn cơm bv để điều chỉnh thức ăn và lượng ăn ok nhất nè mng.  #songvabien #helloembe #ranvang2025 #mebauthongthai #embe #tieuduongthaiki #motnha #baby #mebau #mebauvuive ",113400,1037,triệu chứng tiểu đường,2024-11-10T22:36:41+07:00,24S
7594995133498674453,https://www.tiktok.com/@drdiepdung/video/7594995133498674453,drdiepdung,Dr Diệp Dung Store,Cách Phát Hiện Và Xử Lý Tụt Đường Huyết Tại Nhà! |#BsDiệpDung #suckhoe #chamsocsuckhoe #tieuduong,873,1,triệu chứng tiểu đường,2026-01-15T07:00:00+07:00,11S
7579835253976485140,https://www.tiktok.com/@duocsithao6/video/7579835253976485140,duocsithao6,Dược sĩ Thảo,14 triệu chứng sớm cảnh báo bệnh tiểu đường #duocsithao #tieuduong #tieuduongtuyp2 #tangduonghuyet #ondinhduonghuyet,1663,45,triệu chứng tiểu đường,2025-12-05T19:00:00+07:00,3M59S
7523737826106576146,https://www.tiktok.com/@mc.ng.an/video/7523737826106576146,mc.ng.an,Mộc Đường An,"5 Loại rau quả hút đường trong máu, người tiểu đường càng ăn càng khoẻ#suckhoe #suckhoe247 #tieuduong #songkhoe #daubap #quả #cu #ot #suplo #songkhoe #",1100000,16500,triệu chứng tiểu đường,2025-07-06T06:05:29+07:00,1M12S
7498181690519538952,https://www.tiktok.com/@songkhoemoingay_85/video/7498181690519538952,songkhoemoingay_85,Sống khoẻ mỗi ngày,TOP 5 Thói quen giúp Người Tiểu đường sống khỏe sau 50 Tuổi #tieuduong #tieuduongtuyp2 #songkhoe #songkhoemoingay #suckhoe,4488,63,triệu chứng tiểu đường,2025-04-28T09:14:53+07:00,1M21S
7250285313824754949,https://www.tiktok.com/@tranxuanson.com/video/7250285313824754949,tranxuanson.com,Trần Sơn.,Người tiểu đường có quan hệ tình dục được hay không ? #transon #tieuduong #tieuduongvadaiduong #chamsocsuckhoechudong  ,23200,671,triệu chứng tiểu đường,2023-06-30T08:29:59+07:00,1M12S
7620714065630891272,https://www.tiktok.com/@univyphuongvo/video/7620714065630891272,univyphuongvo,Võ Vỹ Phương,Những dấu hiệu này không nên chủ quan mọi người nhé.  #tieuduong #roiloanchuyenhoa #khanginsulin #univyphuongvo  #creatorsearchinsights ,12300,110,dấu hiệu tiểu đường,2026-03-24T14:02:52+07:00,1M00S
7621134468232776968,https://www.tiktok.com/@khoenhanhdenho/video/7621134468232776968,khoenhanhdenho,KhoeNhanhDeNho,Các triệu chứng ban đầu của bệnh tiểu đường#tieuduong#dauhieubenh#duonghuyet#suckhoe#fypvn,6714,41,dấu hiệu tiểu đường,2026-03-25T17:14:08+07:00,1M00S
7290937166669122834,https://www.tiktok.com/@nguyenha.ladieng/video/7290937166669122834,nguyenha.ladieng,Nguyễn Hà (Ladie Ng),Dấu hiệu nhận biết cơ thể bạn đang dần bị tiểu đường tuýp 2. #learnontikok #fatloss #weightloss #khanginsullin #tieuduongvadaiduong #beophi #gaiden #munthit #suckhoe24 ,909400,13100,dấu hiệu tiểu đường,2023-10-17T21:39:56+07:00,2M44S
7590697452089478421,https://www.tiktok.com/@noitietbenhvientamanh/video/7590697452089478421,noitietbenhvientamanh,Bác sĩ Nội tiết Tâm Anh,Người tiểu đường đừng chủ quan với 5 dấu hiệu tê bì chân tay này #tebichantay #tieuduong #daithaoduong #dauhieu #TiktokForHealth #YteCongnghecao #songkhoe247 #suckhoe247,9951,99,dấu hiệu tiểu đường,2026-01-04T11:00:00+07:00,32S
7617825419898686738,https://www.tiktok.com/@ngoc.bich9690/video/7617825419898686738,ngoc.bich9690,Ngoc Bich,3 dấu hiệu vào buổi sáng cảnh báo biến chứng tiểu đường #khanginsulin #suckhoe #tieuduong #giammo #giamcan ,12800,126,dấu hiệu tiểu đường,2026-03-16T19:13:21+07:00,2M28S
7606532435035049223,https://www.tiktok.com/@ds.maibinh/video/7606532435035049223,ds.maibinh,Dược sĩ Mai Bình,"Tin vui: Người bị tiểu đường nếu không có 10 triệu chứng này, chúc mừng cô bác #dsmaibinh #tieuduong #tieuduongtuyp2 #tangduonghuyet #ondinhduonghuyet",166500,3448,dấu hiệu tiểu đường,2026-02-23T06:00:00+07:00,6M54S
7526569137066233096,https://www.tiktok.com/@tracayinsulinando1/video/7526569137066233096,tracayinsulinando1,THẢO DƯỢC DIỄM HƯƠNG,5 dấu hiệu tiểu đường nặng #tieuduongtype1 #tieuduong #tieuduongvadaiduong #tieuduongvadaiduong #trainsulin #tieuduongtype2 #tiểuduongthaiki #tieuduongtype2t ,140900,2859,dấu hiệu tiểu đường,2025-07-13T21:12:20+07:00,1M31S
7605778712415505685,https://www.tiktok.com/@dsyen/video/7605778712415505685,dsyen,Dược sĩ Yến,"5 dấu hiệu cảnh báo tiểu đường trở nặng, cẩn thận biến chứng mà không biết #benhtieuduong #daithaoduong #bienchungtieuduong #duocsiyen #dauhieunhanbiet ",27100,496,dấu hiệu tiểu đường,2026-02-12T08:06:03+07:00,2M13S
7553595205375544583,https://www.tiktok.com/@thieutaidinhduong.com/video/7553595205375544583,thieutaidinhduong.com,Thiều Tài,5 dấu hiệu tiểu đường trợ nặng hơn dễ biến chứng nhiều người bỏ qua#tieuduongtuyp2#daithaoduong#thieutai#tieuduongbienchung#suckhoe,62400,628,dấu hiệu tiểu đường,2025-09-24T17:07:17+07:00,1M29S
7365064093914451216,https://www.tiktok.com/@bacsyngoc.official/video/7365064093914451216,bacsyngoc.official,Dr Ngọc Clinic,Dấu hiệu tiểu đường ở giai đoạn sớm | Dr Ngọc #dauhieutieuduong  #tieuduong  #bacsigiadinh  #short #shorts  #drngoc  #bacsingoc,29400,237,dấu hiệu tiểu đường,2024-05-05T10:00:00+07:00,33S
7607789711419018517,https://www.tiktok.com/@nguyenoanh.dongy/video/7607789711419018517,nguyenoanh.dongy,ĐÔNG Y OANH NGUYỄN,Những dấu hiệu người tiểu đường sụt ki teo cơ tóp mông bụng to #dongyoanhnguyen  #tieuduongtuyet2  #trainsulinando  #baithaoduoc ,234400,8693,dấu hiệu tiểu đường,2026-02-17T18:09:43+07:00,1M30S
7320511158992030994,https://www.tiktok.com/@69.channel1/video/7320511158992030994,69.channel1,69 channel,8 Dấu hiệu nhận biết sớm bệnh tiểu đường #69channel1 #news #xuhuong #tiktoknews #sinhvien #congai #LearnOnTikTok #HelloVietnam ,239600,3017,dấu hiệu tiểu đường,2024-01-05T14:22:14+07:00,49S
7591459867429260565,https://www.tiktok.com/@_caidau/video/7591459867429260565,_caidau,Cái Đầu,5 dấu hiệu cảnh báo tiểu đường sớm. #momau #tieuduong #caidau ,2550,82,dấu hiệu tiểu đường,2026-01-04T18:01:32+07:00,1M12S
7417677676464327943,https://www.tiktok.com/@duocbinhdinh.bidiphar/video/7417677676464327943,duocbinhdinh.bidiphar,BIDIPHAR,3 Dấu hiệu cảnh báo tiểu đường sớm  #teambuidingbidiphar #tieuduong #Hebamic #learnontiktok #Songkhoe247 #xuhuong,90000,5369,dấu hiệu tiểu đường,2024-09-29T12:00:00+07:00,1M34S
7601111383035448594,https://www.tiktok.com/@hoanganh.insulin/video/7601111383035448594,hoanganh.insulin,Hoàng Anh Insulin,2 cách kiểm tra dấu hiệu tiền tiểu đường ngay tại nhà #khanginsulin #canbangchuyenhoa #tieuduongtuyp2 #giamcangiammo ##thaidocruot ,2086,26,dấu hiệu tiểu đường,2026-01-30T18:14:20+07:00,2M14S
7597343971848752405,https://www.tiktok.com/@bacsyngoc.official/video/7597343971848752405,bacsyngoc.official,Dr Ngọc Clinic,Triệu chứng cảnh báo sớm bệnh tiểu đường | Dr Ngọc #tieuduong #dauhieutieuduong #bacsigiadinh #short #drngoc,3122,50,dấu hiệu tiểu đường,2026-01-27T07:00:00+07:00,49S
7579157630224993556,https://www.tiktok.com/@tracayinsulinando1/video/7579157630224993556,tracayinsulinando1,THẢO DƯỢC DIỄM HƯƠNG,Ngủ dậy có ba dấu hiệu này thì nguy cơ cao bạn mách bệnh tiểu đường #tracayinsulinando #trainsulinando #tieuduongtuyp2 #KiemSoatTieuDuong #tieuduongtuyp3 #tieuduongvadaiduong #tieuduongtype2t #tiểuduongthaiky #tieuduong ,92900,2068,dấu hiệu tiểu đường,2025-12-02T14:22:35+07:00,1M00S
7536373640955186440,https://www.tiktok.com/@linhthietthaoduoc/video/7536373640955186440,linhthietthaoduoc,Thuốc Nam Gia Truyền 1984,Có dấu hiệu này báo hiệu Tiểu Đường trở nặng rồi nhé ! #linhthiet84 #benhtieuduong #thaidocthan #cayinsulin #tieuduong #ondinhduonghuyet #cayinsulin ,220200,1536,dấu hiệu tiểu đường,2025-08-09T07:18:52+07:00,1M06S
7621877286098373906,https://www.tiktok.com/@duocsichat/video/7621877286098373906,duocsichat,Ds. Phạm Hồng Chất,Cách nhận biết tiểu đường thai kỳ tại nhà #education #duocsichat #mebau #thaiky #tieuduongthaiki ,14100,188,dấu hiệu tiểu đường,2026-03-27T18:00:00+07:00,1M07S
7616185651888786709,https://www.tiktok.com/@nguyenandongy2/video/7616185651888786709,nguyenandongy2,TRÀ THẢO DƯỢC  NGUYỄN AN,Cảnh báo những dấu hiệu để nhận biết sớm bạn đã mắc tiểu đường Nếu bạn có những biểu hiện sau đây hãy đi kiểm tra sk ngay đi kẻo muộn nhé #Nguyễn_An_chuyen_tv_sức_khỏe  #ondinhduonghuyet  #benhtieuduongtuyp2  #tràcayinsulin  #tiktoklivexuhuong  @TRÀ THẢO DƯỢC  NGUYỄN AN @TÝ - XUYÊN @Đặng Huy @Hương xuân @Phan Hồng @@Nguyễn Lưu @♥️TiENSY♥️ @:Phạm Lành: @@ NỖI NHỚ TRONG ANH BG68 REMIX @@ Dương*Quá ,662,24,dấu hiệu tiểu đường,2026-03-12T09:10:18+07:00,1M34S
7553194445450120455,https://www.tiktok.com/@khi.m.n.cm.li/video/7553194445450120455,khi.m.n.cm.li,Hà Nhi Living,5 dấu hiệu báo hiệu bạn dư thừa đường #tieuduong #thaidocruot #khanginsulin #pcos ,1400000,31800,dấu hiệu tiểu đường,2025-09-23T15:12:09+07:00,1M36S
7612954521584569607,https://www.tiktok.com/@m.b.eo.t/video/7612954521584569607,m.b.eo.t,Mẹ Bơ Hết Nghiện Đường,5 dấu hiệu  cho thấy cơ thể đang dư thừa đường #viraltiktok #yenhip #khanginsulin #sugarcontrol ,400600,4852,dấu hiệu tiểu đường,2026-03-03T16:11:47+07:00,1M31S
7355110294714060048,https://www.tiktok.com/@moctranh0102/video/7355110294714060048,moctranh0102,Mộc Tranh,"Triệu chứng bệnh tiểu đường, lưu lại nhé #xuhuongtiktok #moctranh0102 #vtvcab #suckhoe #benhtieuduong ",408100,1770,dấu hiệu tiểu đường,2024-04-07T20:04:33+07:00,11S
7579223005482503431,https://www.tiktok.com/@hoi.insulin/video/7579223005482503431,hoi.insulin,Hội Insulin,Dấu hiệu ít người biết về tiểu đường tuýp 2 #khanginsulin #tieuduong #giảmmỡ ,39300,854,dấu hiệu tiểu đường,2025-12-02T18:36:14+07:00,2M07S
7563228663349529876,https://www.tiktok.com/@linhthietthaoduoc/video/7563228663349529876,linhthietthaoduoc,Thuốc Nam Gia Truyền 1984,Loại lá giúp tạm biệt Tiểu Đường mà ít ai biết ! #ondinhduonghuyet #linhthiet84 #benhtieuduong #tieuduong #tracayinsulin ,128400,4004,dấu hiệu tiểu đường,2025-10-20T16:10:03+07:00,1M49S
7038235367471877378,https://www.tiktok.com/@bsthieuthilan.khoasan/video/7038235367471877378,bsthieuthilan.khoasan,bsthieuthilan,5 Triệu chứng sớm của bệnh Tiểu Đường typ I phổ biến ở Thanh Thiếu niên .#thieulan #suckhoe #suckhoevang #suckhoe247 #LearnOnTikTok #Dalali,14200,235,dấu hiệu tiểu đường,2021-12-05T22:07:51+07:00,25S
7608916189024161042,https://www.tiktok.com/@quyetphan.hba1c/video/7608916189024161042,quyetphan.hba1c,Quyet Phan HbA1c,Trả lời @TRAi__BẠC__LiÊU__nè 10 dấu hiệu rõ rệt bạn đang tiến gần tới tiểu đường TYPE 2 #glucose #duonghuyet #tieuduong #khanginsulin #roiloanchuyenhoa ,99500,1427,dấu hiệu tiểu đường,2026-02-20T19:01:00+07:00,2M11S
7568072898905345298,https://www.tiktok.com/@hoi.insulin/video/7568072898905345298,hoi.insulin,Hội Insulin,5 dấu hiệu cơ thể đang dư thừa đường quá nhiều #khanginsulin #tieuduong #hba1c #pcos #giảmmỡ ,1100000,18700,dấu hiệu tiểu đường,2025-11-02T17:28:08+07:00,1M51S
7579190191097662736,https://www.tiktok.com/@phc.o.sinh/video/7579190191097662736,phc.o.sinh,Dược sĩ Trần Trọng Phúc,Người bị tiểu đường khi ngủ không có 4 triệu chứng này - xin chúc mừng cô bác! #duocsiphuc #tieuduong #tieuduongtuyp2 #tangduonghuyet #ondinhduonghuyet,236300,3469,dấu hiệu tiểu đường,2025-12-02T17:00:00+07:00,6M32S
7599209883308657921,https://www.tiktok.com/@dstranng/video/7599209883308657921,dstranng,Dược sĩ Trang,6  loại nước cấm người tiểu đường uống sáng sớm!#duocsitrang #daithaoduong #tieuduong #insulin #meohay,151300,2718,dấu hiệu tiểu đường,2026-01-28T19:00:00+07:00,4M14S
7577055628611374352,https://www.tiktok.com/@buiduchieu.vn/video/7577055628611374352,buiduchieu.vn,BuiDucHieuVn,Dấu hiệu cảnh báo bệnh Tiểu đường dễ bỏ qua #suckhoe #buiduchieu #tieuduong #daithaoduong #giamcan ,1398,24,dấu hiệu tiểu đường,2025-11-26T22:25:54+07:00,6M04S
7595010712510991637,https://www.tiktok.com/@songkhoecungbacsii/video/7595010712510991637,songkhoecungbacsii,Sức khoẻ cùng bác sĩ,Những dấu hiệu bạn đang bị tiểu đường mà bạn chưa biết #drwynntran  thảo luận về #tieuduong #suckhoechomoinguoi #songkhoemoingay #songkhoe247 #sức_khỏe_là_vàng #suckhoe #bacsi ,153900,2564,dấu hiệu tiểu đường,2026-01-14T07:40:56+07:00,3M35S
7609549324023827733,https://www.tiktok.com/@duocsi.them/video/7609549324023827733,duocsi.them,Dược Sĩ Thềm,6 cách ăn đậu xanh đánh bay tiểu đường và đánh tan mỡ máu chỉ sau 1 tháng. #dauxanh#duonghuyet #tieuduong #duocsithem #xuhuongtiktok ,26600,389,dấu hiệu tiểu đường,2026-02-22T11:57:59+07:00,4M37S
7564094239634771208,https://www.tiktok.com/@m.b.eo.t/video/7564094239634771208,m.b.eo.t,Mẹ Bơ Hết Nghiện Đường,5 Dấu hiệu cơ thể bạn đang thừa đường . Một trong những nguyên nhân đến tiểu đường type2 mà bạn không ngờ tới. #yenhip #khanginsulin #health #type2diabetes #khanginsulin #sugar ,453300,7613,dấu hiệu tiểu đường,2025-10-23T00:08:57+07:00,1M32S
7619949803727801620,https://www.tiktok.com/@oanhthaoduoc/video/7619949803727801620,oanhthaoduoc,Oanh Đông Y,Những dấu hiệu bệnh tiểu đường tuyp2 rất nhiều cố chú  xem hết video em chia sẻ  #oanhdongy #tieuduong  #tieuduongtuyp2  #thaoduocthiennhien ,11500,374,dấu hiệu tiểu đường,2026-03-22T12:37:08+07:00,1M28S
7356235067661896977,https://www.tiktok.com/@nhathuoc.truonganh/video/7356235067661896977,nhathuoc.truonganh,Trường Anh Pharm,Các mẹ bị tiểu đường thai kì cần lưu ý nha #nhathuoctruonganh #quaythuocorg #mebau #mangthai #baubi #mebimsua #mangthailandau #thaikykhoemanh #tieuduongthaiki #embe #mom #baby #momlife #trending #trend #xuhuong #learnontiktok #fyp ,326700,2088,dấu hiệu tiểu đường,2024-04-10T20:49:14+07:00,11S
7280483379852643602,https://www.tiktok.com/@namhahealthcoach/video/7280483379852643602,namhahealthcoach,Nam Hà,10 Dấu hiệu phổ biến cảnh báo sắp bị tiểu đường. #suckhoe #namha #chamsocsuckhoegiadinh #tieuduong,21500,388,dấu hiệu tiểu đường,2023-09-19T19:30:00+07:00,59S
7607477929332706580,https://www.tiktok.com/@dsyen/video/7607477929332706580,dsyen,Dược sĩ Yến,"6 dấu hiệu nhận biết sớm tiểu đường ổn định, an tâm sống thọ#daithaoduong #benhtieuduong #dauhieunhanbiet #duocsiyen #ondinhduonghuyet ",51400,811,dấu hiệu tiểu đường,2026-02-16T21:59:48+07:00,7M26S
7515644215334948114,https://www.tiktok.com/@haianmoc/video/7515644215334948114,haianmoc,HẢI AN MỘC,Thực đơn cho người Tiểu đường#thucdontieuduong #dieutritieuduong #tieuduongangi #xuhuong,11100,186,tiểu đường ăn gì,2025-06-14T20:00:00+07:00,37S
7546591862572731656,https://www.tiktok.com/@duoclieu_binhan/video/7546591862572731656,duoclieu_binhan,Dược Liệu Bình An,"Tác dụng phụ của Thuốc điều trị Đái Tháo Đường, người bệnh nên xem hết video. #tieuduongvadaiduong #daithaoduongtuyp2 #benhtieuduong #duoclieubinhan #benhtieuduongangi ",4858,137,tiểu đường ăn gì,2025-09-05T20:10:44+07:00,7M01S
7517423500747984144,https://www.tiktok.com/@haianmoc/video/7517423500747984144,haianmoc,HẢI AN MỘC,cách ăn ngoài cho bệnh nhân tiểu đường#thucantieuduong #dieutritieuduong #tieuduongangi #xuhuong,4455,69,tiểu đường ăn gì,2025-06-19T19:30:00+07:00,22S
7519106506000764167,https://www.tiktok.com/@haianmoc/video/7519106506000764167,haianmoc,HẢI AN MỘC,Người bị tiểu đường mà không biết cách ăn phụ thì thật là lo lắng.#nhanbiettieuduong #dieutritieuduong #tieuduongangi #xuhuong,1312,36,tiểu đường ăn gì,2025-06-23T19:30:00+07:00,39S
7519661453494865159,https://www.tiktok.com/@haianmoc/video/7519661453494865159,haianmoc,HẢI AN MỘC,Người bị tiểu đường ăn uống như thế nào#nhanbiettieuduong #dieutritieuduong #tieuduongangi #xuhuong,479,23,tiểu đường ăn gì,2025-06-25T06:27:08+07:00,41S
7562212707034778901,https://www.tiktok.com/@tracayinsulinando3/video/7562212707034778901,tracayinsulinando3,TRÀ CÂY INSULIN ẤN ĐỘ .,Bị tiểu đường nhất định ăn quả này #tracayinsulinando  #trainsulinando #tieuduongtuyp2 #KiemSoatTieuDuong #tieuduongtuyp3 #tieuduongvadaiduong #tieuduongtype2t #tiểuduongthaiky #tieuduong,177900,5383,tiểu đường ăn gì,2025-10-17T22:27:38+07:00,1M11S
7562061887362305298,https://www.tiktok.com/@duoclieu_binhan/video/7562061887362305298,duoclieu_binhan,Dược Liệu Bình An,Tiếp Tục Xông Hơi Hạ Đường Huyết An Toàn Dành Cho Người Bị DTD Gặp Vấn Đề Đau Xương Khớp Hạn Chế Vận Động #tieuduongvadaiduong #daithaoduongtuyp2 #benhtieuduongangi #tieuduong #daithaoduong ,2060,86,tiểu đường ăn gì,2025-10-17T12:42:20+07:00,3M28S
7519162032629976338,https://www.tiktok.com/@haianmoc/video/7519162032629976338,haianmoc,HẢI AN MỘC,chưa mắc tiểu đường mà không biết điều này thì thật đáng tiếc#nhanbiettieuduong #dieutritieuduong #tieuduongangi #xuhuong,969,34,tiểu đường ăn gì,2025-06-24T05:30:00+07:00,38S
7516177796700310801,https://www.tiktok.com/@haianmoc/video/7516177796700310801,haianmoc,HẢI AN MỘC,Phòng tránh Tiểu đường mọi lứa tuổi#nhanbiettieuduong #dieutritieuduong #tieuduongangi #xuhuong,779,36,tiểu đường ăn gì,2025-06-16T22:00:00+07:00,26S
7418175480345447700,https://www.tiktok.com/@thaohealthyu40/video/7418175480345447700,thaohealthyu40,Thảo Healthy U40,"Người tiểu đường ko nên chia nhỏ bữa, hãy bỏ dần thói quen này bằng cách huấn luyện cơ thể! #tieuduong #benhtieuduong #daiduong #khanginsulin #canbangchuyenhoa #songkhoe247 #thaohealthyu40 #tieuduongangi #tieuduongannhuthenao #chedoanchonguoitieuduong",6025,167,tiểu đường ăn gì,2024-09-24T18:49:37+07:00,1M50S
7219150393652170011,https://www.tiktok.com/@khanhhoangwellness/video/7219150393652170011,khanhhoangwellness,Khánh Hoàng Wellness Corner,03 Tác động Chăm sóc Người thân Bị Tiểu Đường | Khánh Hoàng #tieuduong #benhtieuduong #tieuduongangi #benhtieuduongangi #short #shorts #khanhhoang #xuhuong ,765,15,tiểu đường ăn gì,2023-04-07T10:50:54+07:00,1M31S
7619247874680851732,https://www.tiktok.com/@song.khoe.moi.ngay.11/video/7619247874680851732,song.khoe.moi.ngay.11,Sống Khỏe Mỗi Ngày,7 Loại Thịt Tốt Nhất Cho Người Tiểu Đường #songkhoe #suckhoe #tieuduong #tieuduongvadaiduong #duonghuyet #tieuduongtuyp2 #xuhuong #viral #fyp,13600,161,tiểu đường ăn gì,2026-03-20T18:30:00+07:00,1M02S
7421197625929616660,https://www.tiktok.com/@thaovianle_suckhoe/video/7421197625929616660,thaovianle_suckhoe,Thao Happy Share,Tiểu đường thèm ăn vặt thì nên ăn thực phẩm nào ? #tieuduongvadaiduong #tieuduong #benhtieuduong #thaovianlecbch #tieuduongangi ,439,4,tiểu đường ăn gì,2024-10-02T22:17:09+07:00,2M16S
7606125013858651412,https://www.tiktok.com/@tuyethuong548/video/7606125013858651412,tuyethuong548,🍒Tuyết Hương 🍒,"Isomalt – ngọt thanh, thân thiện cho người tiểu đường #duongankieng #tieuduong #suckhoetieuduong #baovesuckhoe #xh ",620,2,tiểu đường ăn gì,2026-02-13T06:29:56+07:00,18S
7272002597542776069,https://www.tiktok.com/@thomdongy/video/7272002597542776069,thomdongy,Nguyễn Thơmm Shopp,tiểu đường lâu năm biến chứng sang xương khớp các bác tham khảo nhé#baithuocdangian #dongy #suckhoe ,76200,258,tiểu đường ăn gì,2023-08-27T21:04:08+07:00,50S
7536069094374690056,https://www.tiktok.com/@nguyenoanh.dongy/video/7536069094374690056,nguyenoanh.dongy,ĐÔNG Y OANH NGUYỄN,Người tiểu đường đa số không dám ăn trái cây là đây nhé Xem video em chia sẻ nha #dongyoanhnguyen  #xuhuong2025  #benhtieuduong  #tieuduongtuyp2  #tracayinsulin ,58200,3195,tiểu đường ăn gì,2025-08-08T11:37:02+07:00,1M50S
7219489445618240794,https://www.tiktok.com/@khanhhoangwellness/video/7219489445618240794,khanhhoangwellness,Khánh Hoàng Wellness Corner,02 Cơ Chế Kiểm Soát Bệnh Tiểu Đường Ai Cũng Phải Biết | Khánh Hoàng #tieuduong #benhtieuduong #tieuduongangi #benhtieuduongangi #khanhhoang #bacsichinhminh #suckhoe #learnontiktok ,276,6,tiểu đường ăn gì,2023-04-08T08:46:26+07:00,53S
7542429007053065493,https://www.tiktok.com/@doang148/video/7542429007053065493,doang148,Lan Anh (mẹ Khoai Kun),Tiểu đường thai kỳ có ảnh hưởng như thế nào tới em bé? #tđtk #tđtkangi #tieuduongthaiki #tieuduongthaiky #kiemsoatduonghuyet #chiasekinhnghiem ,2838,27,tiểu đường ăn gì,2025-08-25T14:56:46+07:00,1M38S
7619692175600651540,https://www.tiktok.com/@lamlanduy/video/7619692175600651540,lamlanduy,LAN DUY,"bị tiểu đường, thừa cân, béo phì, mua liền hộp đường ăn kiêng từ trái bắp và cỏ ngọt #duongankieng #tieuduong ",1058,4,tiểu đường ăn gì,2026-03-21T19:57:22+07:00,42S
7601017271619800327,https://www.tiktok.com/@trnhlm33/video/7601017271619800327,trnhlm33,Tường Vi 1676,Bị tiểu đường nên ăn Ngô ngọt hay Ngô nếp  #tieuduong  #tieuduongvadaiduong  #songhieudesongkhoe  #videoviralitiktok ,404,10,tiểu đường ăn gì,2026-01-30T12:09:08+07:00,2M05S
7621437373393472775,https://www.tiktok.com/@sangbokhophoan/video/7621437373393472775,sangbokhophoan,Cây Thài Lài Nhật,Tiểu đường tuýp 1-2 nhai cây này #xuhuong #63tiengiang #tieuduong #mientay #learnontiktok ,1953,20,tiểu đường ăn gì,2026-03-26T12:49:43+07:00,26S
7617787061575159060,https://www.tiktok.com/@chamsocsuckhoemoinha/video/7617787061575159060,chamsocsuckhoemoinha,Chăm Sóc Sức Khỏe mọi nhà,người tiểu đường sống khỏe#suadinhduong #suahuongxuan #suckhoechomoinguoi #suckhoe #suahatcaocap ,890,3,tiểu đường ăn gì,2026-03-16T16:44:40+07:00,30S
7621152819319442709,https://www.tiktok.com/@lamlanduy/video/7621152819319442709,lamlanduy,LAN DUY,đường ăn kiêng dành cho cô chú bị tiểu đường #duongankieng #tieuduong ,561,2,tiểu đường ăn gì,2026-03-25T18:25:24+07:00,30S
7422959861945732359,https://www.tiktok.com/@sonadia.vn/video/7422959861945732359,sonadia.vn,sonadia.vn,Tiểu đường có thể ăn gì thay cơm phần 2 #tieuduongvadaiduong #tieuduong #daithaoduong #sonadia #sonapharm #tieuduongtuyp2 #chuyengiatieuduong #xuhuongtiktok ,5491,19,tiểu đường ăn gì,2024-10-07T16:15:28+07:00,10S
7570875770499829012,https://www.tiktok.com/@doadang_90/video/7570875770499829012,doadang_90,doa dang 90,Đường ăn kiêng cho những bác nào bị tiểu đường #doadang90 #healthy #suckhoe #tieuduong ,390,1,tiểu đường ăn gì,2025-11-10T06:44:50+07:00,42S
7503208435597511944,https://www.tiktok.com/@mn0109/video/7503208435597511944,mn0109,Mai Nga - Diacare,"Chào các bạn! Hôm nay, mình sẽ chia sẻ với các bạn một chế độ ăn uống lành mạnh cho người tiểu đường. Hãy cùng bắt đầu nhé!  ☘️Tiểu đường là một tình trạng mà cơ thể không thể sản xuất hoặc sử dụng insulin hiệu quả, dẫn đến mức đường huyết cao. Chế độ ăn uống hợp lý rất quan trọng để kiểm soát tình trạng này. ☘️Các nguyên tắc ăn uống: Đầu tiên, hãy chú ý đến lượng carbohydrate. Chọn những loại carbohydrate phức tạp như ngũ cốc nguyên hạt, rau xanh và trái cây tươi. Hạn chế đường và tinh bột đơn giản Dưới đây là một số gợi ý thực đơn: Bữa sáng: Yến mạch với trái cây tươi và một chút hạt chia. Bữa trưa: Salad rau xanh với ức gà nướng và dầu ô liu. Bữa tối: Cá hồi nướng với rau củ hấp. Đừng quên ăn nhẹ với các loại hạt hoặc sữa chua không đường. ☘️Ngoài ra, hãy nhớ uống đủ nước và tránh đồ uống có đường. Theo dõi mức đường huyết thường xuyên để điều chỉnh chế độ ăn uống phù hợp 👉Hy vọng những gợi ý này sẽ giúp ích cho các bạn trong việc quản lý tiểu đường. Nếu bạn thấy video hữu ích, hãy nhấn like và theo dõi mình nhé! Cảm ơn các bạn❤️❤️❤️ #MaiNgaDiacare #sứckhoẻ #tiểuđường ",477,19,tiểu đường ăn gì,2025-05-11T22:20:55+07:00,1M06S
7621500890804931841,https://www.tiktok.com/@vthu415/video/7621500890804931841,vthu415,ThuyThuy,"Thùng 48 hộp sữa Ngũ cốc ăn kiêng Vietngucoc uống liền, thích hợp cho người ăn kiêng, người bị tiểu đường #thuythuy #viraltiktok #thinhhanh #suangucoc #ankieng ",136,3,tiểu đường ăn gì,2026-03-26T16:56:10+07:00,24S
7618224182974762260,https://www.tiktok.com/@thaomockhanhhoa/video/7618224182974762260,thaomockhanhhoa,Thảo mộc Khánh Hoà🌱,"Đường ăn kiêng dành cho người tiểu đường, kiêng đường, ăn chế độ #duongankieng ",373,0,tiểu đường ăn gì,2026-03-17T21:00:47+07:00,36S
7621691670966422791,https://www.tiktok.com/@giangnoitiettw/video/7621691670966422791,giangnoitiettw,Giang Nội Tiết,Tiểu đường thai kỳ ăn dưa hấu có gây tăng đường huyết  | Giang Nội Tiết | P444  #tieuduongthaiky #giangnoitiet,131,2,tiểu đường ăn gì,2026-03-27T11:00:00+07:00,1M09S
7545871905400589575,https://www.tiktok.com/@khuyen.sai.gon/video/7545871905400589575,khuyen.sai.gon,Khuyen sai gon,đường ăn kiêng la hán dành cho anh chị tiểu đường #review #tieuduong #tieuduongvadaiduong #kiengduong#ankieng ,404,2,tiểu đường ăn gì,2025-09-03T21:36:57+07:00,36S
7621469073695706388,https://www.tiktok.com/@laply88/video/7621469073695706388,laply88,Taphoaemly,Gạo basmanti ăn tốt cho người ăn kiêng người bị tiểu đường#taphoaemly #gaobasmatiando ,253,2,tiểu đường ăn gì,2026-03-26T14:52:38+07:00,54S
7544357485956566290,https://www.tiktok.com/@nhamaymoctam/video/7544357485956566290,nhamaymoctam,Nhà máy Mộc Tâm,Tác dụng điều hòa đường huyết tuyệt vời từ trà dây thìa canh #tiểuduong #nhamaymoctam #dây_thìa_canh #viral #trending ,1775,8,tiểu đường ăn gì,2025-08-30T19:40:13+07:00,43S
7535427317166787847,https://www.tiktok.com/@mc.ng.an/video/7535427317166787847,mc.ng.an,Mộc Đường An,Thực đơn mẫu 1 ngày cho người tiểu đường #mocduongan #tieuduong #suckhoe #xuhuong #suckhoe247 #baithuocdangian #an #ăn ,25500,247,tiểu đường ăn gì,2025-08-06T18:06:36+07:00,26S
7575787651186412820,https://www.tiktok.com/@namduocquydangian/video/7575787651186412820,namduocquydangian,NAM DƯỢC QUÝ DÂN GIAN,Chia sẻ của cụ về tiểu đường  quan tâm áp dụng thử qua nhé ❤#chiase #songkhoe #tieuduongvadaiduong #dangian #songkhoemoingay ,3545,46,tiểu đường ăn gì,2025-11-23T12:25:22+07:00,2M14S
7594370490051874069,https://www.tiktok.com/@luongynguyenthihien/video/7594370490051874069,luongynguyenthihien,Lương y Nguyễn Thị Hiền,Nguyên tắc ăn cho người tiểu đường#luongynguyenthihien #khambenhchuabenh #suckhoe #chedoan #tieuduongvadaiduong ,62000,1202,tiểu đường ăn gì,2026-01-12T14:16:17+07:00,4M04S
7549054438074289424,https://www.tiktok.com/@nguyentrungha.tpn/video/7549054438074289424,nguyentrungha.tpn,Ds. Nguyễn Trung Hà TPN,"Người tiểu đường phải ăn đúng, ăn đủ 3 bữa trong ngày #suckhoe #anuong #tieuduong #thienphucnhan ",414,13,tiểu đường ăn gì,2025-09-12T11:27:23+07:00,1M53S
7620786794883337479,https://www.tiktok.com/@mebaubengua/video/7620786794883337479,mebaubengua,Mẹ bầu bé 🐴,Tui tiểu đường thai kỳ mà tui thèm ngọt quá huhu. Có mom nào giống tui không?  #tieuduongthaiki #mebaube🐴 #mebauxaykenh #mlem #mebautdtk ,385,3,tiểu đường ăn gì,2026-03-24T18:45:05+07:00,10S
7619246745402248466,https://www.tiktok.com/@songkhoesongxin/video/7619246745402248466,songkhoesongxin,Sống Khoẻ - Sống Xịn,Tips hay cho người bị tiểu đường #meovat #vralvideo #xuhuong #tieuduong #ondinhduonghuyet ,834,19,tiểu đường ăn gì,2026-03-20T15:08:48+07:00,26S
7435143279479393544,https://www.tiktok.com/@thienphu_food/video/7435143279479393544,thienphu_food,Thiên Phú.Store,"Bánh Bông Lan, Bánh Quy Bibica - Bánh Ăn Kiêng Dành Cho Người Bệnh Tiểu Đường#ankieng#banhbonglan #benhtieuduongangi ",100,0,tiểu đường ăn gì,2024-11-09T12:13:19+07:00,59S
7589496942535773460,https://www.tiktok.com/@aai_pharma__/video/7589496942535773460,aai_pharma__,Aai Pharma,Người tiểu đường không cần khiêng nhiều chỉ cần ăn đúng #xh #suckhoe #viral #aaipharma #tieuduong,194,7,tiểu đường ăn gì,2025-12-31T21:30:00+07:00,52S
7524971529856142610,https://www.tiktok.com/@duocsianhdinhduong1/video/7524971529856142610,duocsianhdinhduong1,Dược Sĩ Ánh Dinh Dưỡng,"Một ngày ăn đúng cho người tiểu đường ăn chay – không đường tăng, không đói #anhdinhduong #dinhduongtieuduong #tieuduong #daithaoduongtuyp2 #daithaoduong #canbangdinhduong ",197,2,tiểu đường ăn gì,2025-07-09T13:52:49+07:00,1M10S
7547682312134102292,https://www.tiktok.com/@ngocdiep9.0/video/7547682312134102292,ngocdiep9.0,Ngọc Diệp 9.0,"viên uống An đường huyết kết hợp 3 thảo dược thiên nhiên dây thìa canh, giảo cổ lam, mướp đắng hỗ trợ cải thiện ổn định chỉ số đường #tieuduong #anduonghuyet #duonghuyetcao ",1138,3,tiểu đường ăn gì,2025-09-08T18:42:17+07:00,59S
7453419880856046855,https://www.tiktok.com/@thaovianle_suckhoe/video/7453419880856046855,thaovianle_suckhoe,Thao Happy Share,Người bị tiểu đường có nên nhjn ăn sáng không ? #thaovianlecbch #tieuduong #canbangchuyenhoa ,667,6,tiểu đường ăn gì,2024-12-28T18:15:53+07:00,1M51S
7607317920644861192,https://www.tiktok.com/@songkhoe50/video/7607317920644861192,songkhoe50,Sống khoẻ 5.0,10 món ăn sáng tốt cho người tiểu đường #suckhoe #kienthucsuckhoe #suckhoeds #suckhoedoisong #chamsocsuckhoe ,42500,420,tiểu đường ăn gì,2026-02-16T11:38:54+07:00,50S
7569896119946333458,https://www.tiktok.com/@huong_lalihiu/video/7569896119946333458,huong_lalihiu,Quỳnh Hương ❤️,"#đường ăn kiêng lọ 1200 viên dành cho người tiểu đường, ăn kiêng #duongchonguoitieuduong #mivolis ",65,2,tiểu đường ăn gì,2025-11-09T06:00:00+07:00,29S
7441841855433657616,https://www.tiktok.com/@hanhphikinhmonchinhgoc/video/7441841855433657616,hanhphikinhmonchinhgoc,Bếp Mẹ Su Đặc Sản Ngon Chất.34,Cow true milk Dicerna 900g Dinh dưỡng chuyên biệt dành cho người tiểu đường  #xuongkhop #xuhuong #suanguoigia #suanguoilon #sua #tieuduong #ankieng ,639,2,tiểu đường ăn gì,2024-11-27T13:27:21+07:00,51S
7547278382317178119,https://www.tiktok.com/@khuyennuocgiat80/video/7547278382317178119,khuyennuocgiat80,nuocgiat,đường ăn kiêng dành cho người tiểu đường#review #duongankieng #kienduong #ankieng #tieuduong ,538,2,tiểu đường ăn gì,2025-09-07T16:34:46+07:00,41S
7348816737409780993,https://www.tiktok.com/@camnguyet/video/7348816737409780993,camnguyet,Dược sĩ cẩm Nguyệt,chế độ ăn người bị tiểu đường#dsnguyet #tieuduong #chedoannguoitieuduong#benhtieuduong #tieuduongangi ,87,3,tiểu đường ăn gì,2024-03-21T21:02:19+07:00,1M36S
7588116538440404244,https://www.tiktok.com/@thaomockhanhhoa2/video/7588116538440404244,thaomockhanhhoa2,Thảo Khánh Hoà,"Đường ăn kiêng dành cho người tiểu đường, ăn chế độ kiêng đường #duongankieng ",900,2,tiểu đường ăn gì,2025-12-26T17:47:46+07:00,50S
7568685140340231432,https://www.tiktok.com/@thaonguyen_shopgiadung89/video/7568685140340231432,thaonguyen_shopgiadung89,Thảo Nguyên Store🍀🌸🍀,"Gạo dài Basmati dành cho người tiểu đường,ăn kiêng#gaodaibasmati #gaochonguoitieuduong #gao #thaonguyen_shopgiadung @🍀THẢO NGUYÊN🍀 @🍀THẢO NGUYÊN🍀 @🍀THẢO NGUYÊN🍀 ",535,5,tiểu đường ăn gì,2025-11-04T09:03:59+07:00,1M00S
7583716496275213589,https://www.tiktok.com/@thaomockhanhhoa2/video/7583716496275213589,thaomockhanhhoa2,Thảo Khánh Hoà,"Đường ăn kiêng cho người tiểu đường, ăn chế độ kiêng đường #duongankieng ",795,3,tiểu đường ăn gì,2025-12-14T21:13:18+07:00,47S
7543971461388651784,https://www.tiktok.com/@giangnoitiettw/video/7543971461388651784,giangnoitiettw,Giang Nội Tiết,Tiểu đường thai kỳ bị tuyến giáp phải làm sao #giangnoitiet #tieuduongthaiki #tieuduongthaikyangi #tieuduongthaiky ,990,14,tiểu đường ăn gì,2025-08-29T18:42:14+07:00,38S
7620600505932238087,https://www.tiktok.com/@hoangcham84/video/7620600505932238087,hoangcham84,Hoàng Châm 84,Xem người tiểu đường có được ăn chuối ko???#suckhoe #ankieng #andiet ,363,3,tiểu đường ăn gì,2026-03-24T06:42:11+07:00,16S
7576539641646517525,https://www.tiktok.com/@thaomockhanhhoa2/video/7576539641646517525,thaomockhanhhoa2,Thảo Khánh Hoà,"Ai mà đang ăn kiêng, ăn chế độ, ăn healthy, người bị tiểu đường thì nên dùng đường ăn kiêng la hán quả này #duongankieng #duonglahanqua ",1103,2,tiểu đường ăn gì,2025-11-25T13:03:33+07:00,47S
7615171925567950101,https://www.tiktok.com/@mymy.cat8/video/7615171925567950101,mymy.cat8,MyMy cat,"Gạo cho người ăn kiêng, người bị tiểu đường #gaochonguoitieuduong #gaobasmati #gaoankieng #mymycat ",618,3,tiểu đường ăn gì,2026-03-09T15:36:30+07:00,26S
7538599936682691860,https://www.tiktok.com/@ngocdiep9.0/video/7538599936682691860,ngocdiep9.0,Ngọc Diệp 9.0,Viên uống An đường huyết hỗ trợ cải thiện ổn định chỉ số đường giảm tê bì chân tay tiểu đêm khát nước ăn toàn lành tính ko phụ thuộc sản phẩm #tieuduong #anduonghuyet #duonghuyetcao #ondinhduonghuyet #tieuduongtuyp2 ,402,3,tiểu đường ăn gì,2025-08-15T07:18:18+07:00,1M03S
7619707932338687253,https://www.tiktok.com/@hientran151299/video/7619707932338687253,hientran151299,HiềnTáoMart🍎,Những thứ bà bầu tiểu đường thèm nhưng phải nhịn . P4#hientaomart #ăncungtiktok ,300,3,tiểu đường ăn gì,2026-03-21T20:58:29+07:00,49S
7546658086111431943,https://www.tiktok.com/@dinhduongtoancau/video/7546658086111431943,dinhduongtoancau,Dinh Dưỡng Quốc Tế D&P,cùng nghe chuyên gia dinh dưỡng quốc tế. Hồ Chí Dũng chia sẻ về bệnh tiểu đường tuýp 2 có thể bỏ được thuốc nhờ giải pháp ăn uống khoa học. #tieuduongtuyp2 #lophocdinhduong #dinhduongquocte ,182,4,tiểu đường ăn gì,2025-09-07T06:00:58+07:00,3M21S
7312025947425869058,https://www.tiktok.com/@nghiachaga/video/7312025947425869058,nghiachaga,Crecare,"Tiểu đương, cách ăn ngược tốt cho bệnh tiểu đường #tieuduong, #annguoc #dinhduong #suckhoe #dovannghia #crecare ",7674,181,tiểu đường ăn gì,2023-12-13T17:35:13+07:00,2M15S
7568381264160394516,https://www.tiktok.com/@tracayinsulinando1/video/7568381264160394516,tracayinsulinando1,THẢO DƯỢC DIỄM HƯƠNG,6 món ăn vặt cực tốt cho người tiểu đượng #tracayinsulinando #trainsulinando #tieuduongtuyp2 #KiemSoatTieuDuong #tieuduongtuyp3 #tieuduongvadaiduong #tieuduongtype2t #tiểuduongthaiky #tieuduong ,85100,2851,tiểu đường ăn gì,2025-11-03T13:24:48+07:00,1M35S
7616899318452210964,https://www.tiktok.com/@duongtuquynh_nb/video/7616899318452210964,duongtuquynh_nb,duongtuquynh_nb,90% người tiểu đường đang ăn sai cách mỗi ngày #duongtuquynh_nb #roiloanchuyenhoa #khanginsulin #tieuduong #gannhiemmo ,1639,44,tiểu đường ăn gì,2026-03-14T07:19:48+07:00,1M38S
7548419630394510610,https://www.tiktok.com/@shop.tuanphuong/video/7548419630394510610,shop.tuanphuong,💫 TUẤN PHƯƠNG 💫,"Combo 30/50/100 gói đường ăn kiêng Splenda dành cho người ăn kiêng, người tiểu đường Ngọt",964,2,tiểu đường ăn gì,2025-09-10T18:23:24+07:00,57S
7518733334705392897,https://www.tiktok.com/@suckhoelavang_01/video/7518733334705392897,suckhoelavang_01,Sức Khỏe Là Vàng,Đường bắp dành cho người tiểu đường Hộp 50 gói. #duongkieng #duongbap #duongankieng #tieuduong #tratieuduong #tiktok #suckhoe #xuhuong #tieuduong ,6326,20,tiểu đường ăn gì,2025-06-22T18:25:53+07:00,23S
7619137524320963861,https://www.tiktok.com/@songkhoemoingay_85/video/7619137524320963861,songkhoemoingay_85,Sống khoẻ mỗi ngày,5 Loại Rau Giúp Hạ Đường Huyết Nhanh Như Thuốc - Ai bị tiểu đường nên lưu ngay! #tieuduong #tieuduongtuyp2 #songkhoe #songkhoemoingay #suckhoe ,28000,337,tiểu đường ăn gì,2026-03-20T08:05:06+07:00,1M34S
7579230550318189842,https://www.tiktok.com/@phuclai686/video/7579230550318189842,phuclai686,PHÚC LAI 68,"Bị Tiểu Đường Nhưng Vẫn Ăn Uống Thoải Mái- Họ đã làm thế nào?  Nhiều người mắc tiểu đường luôn phải kiêng khem khổ sở, lo lắng từng bữa ăn vì sợ đường huyết tăng cao và biến chứng nguy hiểm.  Thế nhưng, có những người cũng bị tiểu đường nhưng vẫn có thể ăn uống thoải mái mà không quá lo lắng.  Bí quyết của họ là gì?",152,2,tiểu đường ăn gì,2025-12-02T19:05:31+07:00,3M27S
7570305053257387272,https://www.tiktok.com/@user5659654021859/video/7570305053257387272,user5659654021859,HAYW͙I͙N͙͙ Sáng suốt,5 nguyên tắc ăn uống người tiểu đường phải nhớ#shorts #tieuduong#anuong,140,0,tiểu đường ăn gì,2025-11-08T17:50:01+07:00,15S
7582799272924417301,https://www.tiktok.com/@tuyethuong548/video/7582799272924417301,tuyethuong548,🍒Tuyết Hương 🍒,Isomalt – đường ăn kiêng CHUẨN FDA & EU. Ngọt mà KHÔNG tăng đường huyết. Người tiểu đường – ăn kiêng nên sử dụng nha #duongankieng #suckhoe #baovesuckhoe #tieuduong #xuhuong ,155,4,tiểu đường ăn gì,2025-12-12T09:54:07+07:00,36S
7518957144490642706,https://www.tiktok.com/@songkhoemoingay_85/video/7518957144490642706,songkhoemoingay_85,Sống khoẻ mỗi ngày,Tiểu Đường + Gan Nhiễm Mỡ! 5 Loại rau nên ăn Hàng ngày #gan #gannhiemmo #tieuduong #tieuduongtuyp2 #songkhoemoingay #suckhoe #songkhoe ,181900,2554,tiểu đường ăn gì,2025-06-23T08:53:59+07:00,1M02S
7359590654260841745,https://www.tiktok.com/@kenhthuocnamanquocthai/video/7359590654260841745,kenhthuocnamanquocthai,Thảo Dược Quốc Thái,Tiểu đường nên ăn và kiêng ăn gì? #tieuduong #tieuduongkienggi #benhtieuduong #meohay #meohay🇻🇳🇧🇷 #meohaysuckhoe #monanbaithuoc #luongynguyencongduc #kenhthuocnamanquocthai #thaoduocanquocthai #kenhthuocnam #xuhuong #baithuoc ,4485,80,tiểu đường kiêng gì,2024-04-19T21:50:37+07:00,1M25S
7246036009438301445,https://www.tiktok.com/@luongtuyetthanh.me4con/video/7246036009438301445,luongtuyetthanh.me4con,Lương Tuyết Thanh.Tiens,Tại sao không thích ngọt vẫn bị tiểu đường..!!??#luongtuyetthanh #suckhoechomoinguoi #tieuduong #benhtieuduong #tieuduong #tieuduongkienggi ,18500,196,tiểu đường kiêng gì,2023-06-18T21:40:31+07:00,1M32S
7552729312844205320,https://www.tiktok.com/@doadang_90/video/7552729312844205320,doadang_90,doa dang 90,Bác nào bị tiểu đường thì kiêng ngay những thực phẩm này nhé #doadang1990 #tieuduong #tieuduongtuyp1 #tieuduongtuyp2 #xuhuong2025🥰 ,44100,1005,tiểu đường kiêng gì,2025-09-22T09:07:15+07:00,1M49S
7499478538341420296,https://www.tiktok.com/@naturallifeacademy/video/7499478538341420296,naturallifeacademy,NaturalLife Academy,Bệnh tiểu đường nên kiêng ăn gì? #tieuduong #benhtieuduong #tieuduongkienggi ,168100,317,tiểu đường kiêng gì,2025-05-01T21:07:01+07:00,8S
7293377265906306312,https://www.tiktok.com/@drduyenvn/video/7293377265906306312,drduyenvn,Dr Duyên,Tiểu đường thì nhất định phải kiêng ăn gì?    #drduyen #xuhuong #fyp #suckhoe ,22300,163,tiểu đường kiêng gì,2023-10-24T11:28:47+07:00,1M22S
7398524383255350546,https://www.tiktok.com/@tracayinsulinando7/video/7398524383255350546,tracayinsulinando7,Lê Thị Diễm Hương,Một loại lá quật ngã bệnh tiểu đường#benhtieuduongkienggi #BenhTieuDuong #cachkiemsoattieuduong #DieuTriTieuDuong ,4637,102,tiểu đường kiêng gì,2024-08-02T19:53:16+07:00,19S
7242160869608541446,https://www.tiktok.com/@bsphamnhat/video/7242160869608541446,bsphamnhat,Bs Phạm Nhật,"Mẹ Bầu tiểu đường thai kỳ ""kiêng đường"" NÊN hay KHÔNG NÊN?!! #trend #xh #bsphamquangnhat #bsphamnhat #thainhi #tieuduongthaiki #thaikykhoemanh ",332300,4227,tiểu đường kiêng gì,2023-06-08T11:03:00+07:00,29S
7317940356354542855,https://www.tiktok.com/@bsnhatle/video/7317940356354542855,bsnhatle,Bs Nhật Lệ,MẸ BẦU BỊ TIỂU ĐƯỜNG THAI KỲ PHẢI LÀM SAO?@spk_binh_tan  #tieuduongthaiki #tieuduongthaiky #tieuduongthaikyphailamsao #tieuduongthaikinenkienggi #daithaoduongthaiky,10400,139,tiểu đường kiêng gì,2024-01-01T19:00:00+07:00,37S
7573941283866103060,https://www.tiktok.com/@tracayinsulinando1/video/7573941283866103060,tracayinsulinando1,THẢO DƯỢC DIỄM HƯƠNG,Tiểu đường càng kiêng càng mệt #tracayinsulinando #trainsulinando #tieuduongtuyp2 #KiemSoatTieuDuong #tieuduongtuyp3 #tieuduongvadaiduong #tieuduongtype2t #tiểuduongthaiky #tieuduong ,27500,343,tiểu đường kiêng gì,2025-11-18T13:00:31+07:00,2M41S
7484120563833736456,https://www.tiktok.com/@ngalinh_dongy/video/7484120563833736456,ngalinh_dongy,Ngalinhdongy,tiểu đường kiêng ăn gì #tieuduong  #xuhuong  #duocsyngalinh ,8121,72,tiểu đường kiêng gì,2025-03-21T11:50:15+07:00,2M08S
7370172290077592833,https://www.tiktok.com/@thayvuongkienthuc/video/7370172290077592833,thayvuongkienthuc,Thực Dưỡng Chữa Lành,Tiểu đường kiêng đường #thucduong #anchay #tieuduong #ungthu #ngoducvuong #chuabenh #chuabenh #suckhoe ,6832,157,tiểu đường kiêng gì,2024-05-18T10:12:49+07:00,1M37S
7570715086373833991,https://www.tiktok.com/@bococaxinchao/video/7570715086373833991,bococaxinchao,COCA CỦA BỐ MẸ,"Trả lời @HuyenTrang 🐳  Thực đơn ăn kiêng tiểu đường thai kỳ của vợ em đây ạ , mời các mom thăm khảo #bocuakim #tieuduongthaiky #suckhoemebau ",9459,94,tiểu đường kiêng gì,2025-11-09T20:21:12+07:00,32S
7540631035327859986,https://www.tiktok.com/@sieu_thi_suc_khoe/video/7540631035327859986,sieu_thi_suc_khoe,Sieu Thi Suc Khoe 365,"Đường Splenda cho người tiểu đường, ăn kiêng, giảm cân. #tieuduong #duongankieng #duong #splenda #xuhuong ",13800,77,tiểu đường kiêng gì,2025-08-20T18:39:41+07:00,17S
7493808832808848658,https://www.tiktok.com/@bacsitieuduong/video/7493808832808848658,bacsitieuduong,Bác sĩ Củ Cải Đỏ (tiểu đường),NGƯỜI TIỂU ĐƯỜNG KIÊNG ĂN GÌ? #xuhuongtiktok #xu #xuhuong #viral #tieuduong #bacsytieuduong #bacsy #trending #hot #diabetes #disomalt #chuyengia #dinhduong #chuyengiatieuduong #chuyengiadinhduong ,55800,605,tiểu đường kiêng gì,2025-04-16T14:25:38+07:00,1M16S
7344526854805654791,https://www.tiktok.com/@huongnguyensuckhoe/video/7344526854805654791,huongnguyensuckhoe,Hương yêu sức khỏe,5 bước ăn kiêng tốt cho bệnh tiểu đường.#huongsuckhoe #suckhoe #suckhoechomoinguoi ,1316,38,tiểu đường kiêng gì,2024-03-10T07:35:32+07:00,1M22S
7602822741305101589,https://www.tiktok.com/@ths.ds.buithienkhanh/video/7602822741305101589,ths.ds.buithienkhanh,ThS-Ds.Bùi Thiện Khánh,Người tiểu đường nên sử dụng đường ăn kiêng? #tieuduong #daithaoduong #dskhanhbui ,23500,262,tiểu đường kiêng gì,2026-02-11T17:00:00+07:00,54S
7602676045514427669,https://www.tiktok.com/@ths.ds.buithienkhanh/video/7602676045514427669,ths.ds.buithienkhanh,ThS-Ds.Bùi Thiện Khánh,Người tiểu đường nên sử dụng đường ăn kiêng #tieuduong #daithaoduong #dskhanhbui ,33100,244,tiểu đường kiêng gì,2026-02-07T17:00:00+07:00,43S
7617432774710021396,https://www.tiktok.com/@ngalina1/video/7617432774710021396,ngalina1,Dược sĩ Nga,Các ông bà cô chú bị tiểu đường nên lưu lại để chú ý ăn uống nhé  #tieuduongtuyp2  #tieuduongvadaiduong  #kiengantieuduong,137,4,tiểu đường kiêng gì,2026-03-15T17:49:51+07:00,10S
7615849396030229778,https://www.tiktok.com/@nhunhu.596/video/7615849396030229778,nhunhu.596,🌈Tiệm Nhà THỏ🥕🐇,Đường ăn kiêng Cỏ Ngọt hỗ trợ giảm lượng đường tiêu thụ trong cơ thể #duongankieng #tieuduong #duong #ankieng #xuhuong ,1497,30,tiểu đường kiêng gì,2026-03-11T11:25:25+07:00,31S
7608918570193407252,https://www.tiktok.com/@ths.ds.buithienkhanh/video/7608918570193407252,ths.ds.buithienkhanh,ThS-Ds.Bùi Thiện Khánh,Người tiểu đường nên sử dụng đường ăn kiêng? #tieuduong #daithaoduong #dskhanhbui ,5759,54,tiểu đường kiêng gì,2026-02-20T19:10:17+07:00,32S
7543793735549734165,https://www.tiktok.com/@doang148/video/7543793735549734165,doang148,Lan Anh (mẹ Khoai Kun),Tiểu đường thai kỳ đã mang lại gì cho tui? Hãy suy nghĩ mọi thứ tích cực hơn nha các bà #tđtk #tđtkangi #tieuduongthaiki #tieuduongthaiky #kiemsoatduonghuyet #chiasekinhnghiem ,15300,218,tiểu đường kiêng gì,2025-08-29T07:12:40+07:00,2M26S
7519858005513374994,https://www.tiktok.com/@duongtuankiet91/video/7519858005513374994,duongtuankiet91,Dương Tuấn Kiệt91,Trả lời @Hoa 🌸 tiểu đường thai kỳ  thì chị em mình cứ ăn kiêng sẽ ổn nhé ##lethihongnhi##tieuduongthaiky,24600,157,tiểu đường kiêng gì,2025-06-25T19:09:43+07:00,1M45S
7156201411569667355,https://www.tiktok.com/@vothitietlieu1993/video/7156201411569667355,vothitietlieu1993,Dược sĩ Liệu❤,"Những ai bị tiểu đường thì ngoài uống thuốc vs chích insulin ra thì ta nên dùng đường kiêng dành cho người tiểu dg ,kèm theo chế độ tập dục sh lành mạnh thì đg huyết sẽ ổn định#xuhuongtiktok #duocsilieu #tieuduong ",9561,25,tiểu đường kiêng gì,2022-10-19T19:36:25+07:00,18S
7513944971607592200,https://www.tiktok.com/@duongtuankiet91/video/7513944971607592200,duongtuankiet91,Dương Tuấn Kiệt91,Tiểu đường thai kỳ ăn kiêng như thế nào hôm nay cùng ăn kiêng với tôi nhé #lethihongnhi #tieuduongthaiky ,16400,97,tiểu đường kiêng gì,2025-06-09T20:44:08+07:00,1M11S
7616220569062640904,https://www.tiktok.com/@nhunhu.596/video/7616220569062640904,nhunhu.596,🌈Tiệm Nhà THỏ🥕🐇,Đường ăn kiêng Cỏ Ngọt hỗ trợ giảm lượng đường tiêu thụ trong cơ thể #duongankieng #tieuduong #duong #ankieng #xuhuong ,445,23,tiểu đường kiêng gì,2026-03-12T11:25:45+07:00,22S
7622209300139674901,https://www.tiktok.com/@lamlanduy/video/7622209300139674901,lamlanduy,LAN DUY,"đường dành cho cô chú bị tiểu đường, thừa cân, béo phì #duongankieng #tieuduong ",196,2,tiểu đường kiêng gì,2026-03-28T14:45:16+07:00,27S
7622125945054448916,https://www.tiktok.com/@lamlanduy/video/7622125945054448916,lamlanduy,LAN DUY,"đường dành riêng cho cô chú bị tiểu đường, thừa cân, béo phì, máu nhiễm mỡ #tieuduong #duongankieng ",183,0,tiểu đường kiêng gì,2026-03-28T09:21:51+07:00,31S
7509474403680357650,https://www.tiktok.com/@duongtuankiet91/video/7509474403680357650,duongtuankiet91,Dương Tuấn Kiệt91,Hihi ăn kiêng cùng tôi nè mấy bác tiểu đường thai kỳ ơi #lethihongnhi #tieuduongthaiky ,3700,32,tiểu đường kiêng gì,2025-05-28T19:36:04+07:00,1M34S
7559830545757179144,https://www.tiktok.com/@lee.hoa25/video/7559830545757179144,lee.hoa25,Anh Gà Rừng,đường ăn kiêng dành cho người tiểu đường  #viral #trending #xuhuong #duongbienhoa @Anh Gà Rừng và 299 người khác ,19000,285,tiểu đường kiêng gì,2025-10-11T12:23:35+07:00,15S
7581671767672950023,https://www.tiktok.com/@theapharma1202/video/7581671767672950023,theapharma1202,Thế À,"Đường bắp, đường ăn kiêng cho người tiểu đường. #duongbap #duongankieng #tropicana #tropius #duongchonguoitieuduong ",135,10,tiểu đường kiêng gì,2025-12-09T08:58:44+07:00,21S
7544530755108605202,https://www.tiktok.com/@dothiharevew/video/7544530755108605202,dothiharevew,Hà Daily,"Đường ăn kiêng dành cho người tiểu đường,người ăn chế độ#xuhuong#duongankieng",2866,45,tiểu đường kiêng gì,2025-08-31T06:52:38+07:00,37S
7535431286689631495,https://www.tiktok.com/@giangnoitiettw/video/7535431286689631495,giangnoitiettw,Giang Nội Tiết,Tiểu đường thai kỳ ăn kiêng tới bao giờ #giangnoitiet #tieuduongthaiki #tieuduongthaiky ,13700,147,tiểu đường kiêng gì,2025-08-06T18:22:00+07:00,1M04S
7570008138171174151,https://www.tiktok.com/@embegiangsinh1225/video/7570008138171174151,embegiangsinh1225,Huy Xoài,Cuối năm nay là mẹ đc gặp em rồi.             #tđtk tiểu đường thai kì nên mẹ không đc ăn uống thoải mái. Sau này mẹ con mình ăn bù con nhé 👍❤️,11000,210,tiểu đường kiêng gì,2025-11-07T22:37:52+07:00,30S
7618240940234247442,https://www.tiktok.com/@univyphuongvo/video/7618240940234247442,univyphuongvo,Võ Vỹ Phương,Tiểu đường càng lâu năm càng có dấu hiệu này. Liệu đó là tốt hay xấu và có cách nào ngăn chặn?  #tieuduong #roiloanchuyenhoa #khanginsulin #univyphuongvo  #creatorsearchinsights ,9302,109,tiểu đường kiêng gì,2026-03-17T22:05:48+07:00,1M21S
7372869775464123655,https://www.tiktok.com/@bs.nguyenhungbang/video/7372869775464123655,bs.nguyenhungbang,BS Bang - Nội Tổng Hợp,Trả lời @Dangdeim Đi tiểu kiến bu là bệnh tiểu đường 🩺 ##tieuduong##tieuduongtuyp2##phongkham##daithaoduong,22600,120,tiểu đường kiêng gì,2024-05-25T16:40:21+07:00,34S
7554311599952121096,https://www.tiktok.com/@giangnoitiettw/video/7554311599952121096,giangnoitiettw,Giang Nội Tiết,Tiểu đường thai kỳ | Tiểu đường thai kỳ test trước ngủ như nào cho đúng | Giải đáp thắc mắc | P92 #tieuduongthaiky #giangnoitiet #tieuduongthaikyangi #tieuduongthaiki,1361,24,tiểu đường kiêng gì,2025-09-26T15:27:17+07:00,59S
7497794905276828936,https://www.tiktok.com/@mebecammiu/video/7497794905276828936,mebecammiu,Mẹ Cam Miu🍊🐱,"6 lưu ý khi đi làm xét nghiệm tiểu đường thai kì,mẹ bầu nào tập đầu thì nhớ lưu lại nha, nhả vía ko vị tđtk cho các m nhez  #mecammiu #mevabe #mebau #mebauthongthai #mangthai #xntđtk #tieuduongthaiki #xetnghiemtieuduongthaiki #CapCut ",444800,5920,tiểu đường kiêng gì,2025-04-27T08:13:42+07:00,41S
7484657435555286290,https://www.tiktok.com/@banggenki/video/7484657435555286290,banggenki,Bằng Genki,Làm sao để hỗ trợ ngừa tiến triển tiểu đường #tieuduong #tientieuduong #banggenki #tstranhaibang #genkifami,12100,402,tiểu đường kiêng gì,2025-03-22T22:33:34+07:00,3M26S
7397635964576845064,https://www.tiktok.com/@bsducsanbenh/video/7397635964576845064,bsducsanbenh,Bác Đức Sản Bệnh,Trả lời @tuuyen2212 Tiểu đường thai kỳ thì có ng.uy hi.ểm hay không #education #learnontiktok #longervideos #bacsiduc #bacducsanbenh #babau  #thaiky #mangthai #tieuduongthaiky ,334000,6038,tiểu đường kiêng gì,2024-07-31T10:25:46+07:00,1M23S
7437340559213104392,https://www.tiktok.com/@rongmerongcon_00/video/7437340559213104392,rongmerongcon_00,Mẹ Cốm,1 ngày mẹ bầu tiểu đường thai kỳ ăn gì ??  #xuhuongtiktok  #mevabe  #ankieng  #tieuduong ,17000,212,tiểu đường kiêng gì,2024-11-15T10:19:54+07:00,1M08S
7514307912379010322,https://www.tiktok.com/@piereviewne/video/7514307912379010322,piereviewne,Pie review,"Đường ăn kiêng 0 calo , phù hợp cho người giảm cân, người tiểu đường , người ăn kiêng .. #splenda #duongankieng #duongankiengsplenda #giamcan #ankieng #suckhoe #viral #xh ",12800,100,tiểu đường kiêng gì,2025-06-10T20:12:31+07:00,30S
7619191226876595476,https://www.tiktok.com/@bacsyngoc.official/video/7619191226876595476,bacsyngoc.official,Dr Ngọc Clinic,Tiền tiểu đường nên ăn ngày mấy bữa để ổn định đường huyết? | Dr Ngọc #tieuduong #duphongtieuduong #bacsigiadinh #drngoc #short,9065,163,tiểu đường kiêng gì,2026-03-23T07:00:00+07:00,2M00S
7568013998692551944,https://www.tiktok.com/@mengoc.co2betrai/video/7568013998692551944,mengoc.co2betrai,Mẹ Ngọc Có 2 Bé Trai,Ngày 27 mẹ bầu tiểu đường thai kỳ ăn kiêng #yenngoc #nhatkylamme93 #mebau #mangthai #tieuduongthaiki ,14200,147,tiểu đường kiêng gì,2025-11-02T13:39:36+07:00,1M02S
7561820508220591376,https://www.tiktok.com/@hoanhoan.tran/video/7561820508220591376,hoanhoan.tran,Robbins Hoan Trần,"Người tiểu đường, cần uống nước mía, kiêng đồ ngọt công nghiệp mới là đúng #tieuduong #xuhuongtiktok  @Hoan Hoann  @Hoan Hoann  @Hoan Hoann ",6300,110,tiểu đường kiêng gì,2025-10-16T21:05:53+07:00,42S
7531202817898417416,https://www.tiktok.com/@hung_tieu_duong/video/7531202817898417416,hung_tieu_duong,TIỂU ĐƯỜNG VIỆT NAM,Bữa ăn sáng cho người tiểu đường #tieuduong #momau #khanginsulin #roiloanchuyenhoa #tangduonghuyet #hungtieuduong ,158800,2498,tiểu đường kiêng gì,2025-07-26T08:53:26+07:00,2M26S
7613766331006979341,https://www.tiktok.com/@sam.m.vn/video/7613766331006979341,sam.m.vn,MY VÂN,4 cách giúp người tiểu đường ăn cơm trắng nhiều hơn#tieuduong #tieuduongtuyp2 #bienchungtieuduong #shop_sam_my_van #xuhuong2025 ,11600,326,tiểu đường kiêng gì,2026-03-05T20:42:49+07:00,2M19S
7555420663801007367,https://www.tiktok.com/@giangnoitiettw/video/7555420663801007367,giangnoitiettw,Giang Nội Tiết,Tiểu đường thai kỳ | Tiểu đường thai kỳ bị protein niệu nguyên nhân là do đâu | Giải đáp thắc mắc | P102 #tieuduongthaiky #giangnoitiet #tieuduongthaikyangi #tieuduongthaiki,340,9,tiểu đường kiêng gì,2025-09-29T16:00:00+07:00,1M39S
7182056151893216538,https://www.tiktok.com/@master.baonguyen/video/7182056151893216538,master.baonguyen,Master Trainer Bảo Nguyên,Người bị tiểu đường có nên sử dụng đường ăn kiêng ? #ASSA #Gym #Fitness #ĐàoTạoHuấnluyệnviên #họcviệnứngdụngkhoahọcthểthao #Master_baonguyen #triggerpoint ,29600,831,tiểu đường kiêng gì,2022-12-28T11:46:04+07:00,2M26S
7574014304110808338,https://www.tiktok.com/@dsmylinh3/video/7574014304110808338,dsmylinh3,DS Mỹ Linh 🌸,"Đường bắp, đường kiêng thích hợp cho người đang gặp vấn đề về sức khoẻ như tiểu đường, tđtk,… #duongbap #duongankieng #tieuduong ",4812,17,tiểu đường kiêng gì,2025-11-18T17:43:49+07:00,32S
7566080025250876690,https://www.tiktok.com/@mengoc.co2betrai/video/7566080025250876690,mengoc.co2betrai,Mẹ Ngọc Có 2 Bé Trai,Ngày 22 mẹ bầu tiểu đường thai kỳ ăn kiêng #yenngoc #nhatkylamme93 #mebau #mangthai #tieuduongthaiki ,13900,187,tiểu đường kiêng gì,2025-10-28T08:34:50+07:00,47S
7451435721178565906,https://www.tiktok.com/@hung_tieu_duong/video/7451435721178565906,hung_tieu_duong,TIỂU ĐƯỜNG VIỆT NAM,Đường tự nhiên nào an toàn cho người tiểu đường? #tieuduong #duongtunhien #duonglahan #duongankieng #congot #hungtieuduong ,9420,133,tiểu đường kiêng gì,2024-12-23T09:56:25+07:00,2M59S
7553132790666038536,https://www.tiktok.com/@tracayinsulinando1/video/7553132790666038536,tracayinsulinando1,THẢO DƯỢC DIỄM HƯƠNG,"7 dấu hiệu tiểu đường giai đoạn đầu, bỏ qua hối hận cả đời ##tracayinsulinando  #trainsulinando #tieuduongtuyp2 #KiemSoatTieuDuong #tieuduongtuyp3 #tieuduongvadaiduong #tieuduongtype2t #tiểuduongthaiky ",7939,124,tiểu đường kiêng gì,2025-09-23T11:12:54+07:00,1M53S
7573754151037930759,https://www.tiktok.com/@mengoc.co2betrai/video/7573754151037930759,mengoc.co2betrai,Mẹ Ngọc Có 2 Bé Trai,Ngày 44 mẹ bầu tiểu đường thai kỳ ăn kiêng #yenngoc #mengocco2betrai #mangthai #mebau #tieuduongthaiki ,4781,71,tiểu đường kiêng gì,2025-11-18T07:59:00+07:00,38S
7527488293861149959,https://www.tiktok.com/@bshai.vn/video/7527488293861149959,bshai.vn,Bác Sĩ Trương Quang Hải,Thứ tệ hại dành cho người tiểu đường   #bshai #bacsihai #tieuduong #duongankieng #khongduong #0calo #suckhoe,91100,1639,tiểu đường kiêng gì,2025-07-16T08:39:10+07:00,1M42S
7535711428397813005,https://www.tiktok.com/@sam.m.vn/video/7535711428397813005,sam.m.vn,MY VÂN,Muốn hạ đường huyết và ngăn ngừa biến chứng tiểu đường thì hãy uống ngay trà insulin ấn độ #tieuduong #bienchungtieuduong #suckhoe #xuhuongtiktok2025 #Shop_Sam_Mỹ_Vân ,60800,547,tiểu đường kiêng gì,2025-08-07T12:29:18+07:00,1M50S
7392579508915752208,https://www.tiktok.com/@hu.healthy7/video/7392579508915752208,hu.healthy7,Đồ ă vặt healthy,"Bánh mỳ dẻo ăn kiêng dành cho người tiểu đường , béo phì , ngừoi muốn giảm cân#banhmydeoankieng #tiktok #doanvatheathy ",23400,164,tiểu đường kiêng gì,2024-07-17T19:24:13+07:00,13S
7611527922276404487,https://www.tiktok.com/@yn.khng.insulin/video/7611527922276404487,yn.khng.insulin,YẾN KHÁNG INSULIN,Tiểu đường tuýp 2 có bỏ được thuốc không? #khanginsulin #insulin #tieuduong #xuhuong #xuhuongtiktok ,12700,160,tiểu đường kiêng gì,2026-02-27T19:55:49+07:00,2M57S
7499051125551664391,https://www.tiktok.com/@luongynguyenthihien/video/7499051125551664391,luongynguyenthihien,Lương y Nguyễn Thị Hiền,Chế độ ăn tốt nhất cho người tiểu đường#khambenhchuabenh #luongynguyenthihien #suckhoechomoinguoi #suckhoe247 #learnontiktok #videoviral #tieuduong #chedoan #xuhuong,215100,4136,tiểu đường kiêng gì,2025-04-30T17:28:24+07:00,2M06S
7590733930752445717,https://www.tiktok.com/@duoclieutruongsinh/video/7590733930752445717,duoclieutruongsinh,Dược Liệu TRUÒNG SINH,Dược liệu tiểu đường #xuhuong  #tieuduongvadaiduong  #duoclieu  #truongsinh ,5755,92,tiểu đường kiêng gì,2026-01-02T19:04:32+07:00,34S
7509422777829543176,https://www.tiktok.com/@hung_tieu_duong/video/7509422777829543176,hung_tieu_duong,TIỂU ĐƯỜNG VIỆT NAM,5 giai đoạn tiến triển của bệnh tiểu đường #tieuduong #momau #khanginsulin #roiloanchuyenhoa ,11600,214,tiểu đường kiêng gì,2025-05-28T16:15:44+07:00,3M24S
7594635970079755527,https://www.tiktok.com/@kinhnghiemsuckhoe/video/7594635970079755527,kinhnghiemsuckhoe,Kinh Nghiệm Sức Khoẻ,"Nguyên Nhân Tiểu Đường, Mỡ Máu - Do Thiếu Magie ? #tieuduong #maunhiemmo #momau #suckhoe #magie ",32300,901,tiểu đường kiêng gì,2026-01-13T07:26:28+07:00,2M07S
7573472264578993428,https://www.tiktok.com/@nguyenthuysuckhoe/video/7573472264578993428,nguyenthuysuckhoe,NGUYỄN THUỶ SỨC KHOẺ 1,#5 sai lầm của người tiểu đường càng kiêng càng bệnh nặng sai một ly là đi viện một dặm#,3232,163,tiểu đường kiêng gì,2025-11-17T06:40:31+07:00,1M46S
7555501502886989074,https://www.tiktok.com/@tracayinsulinando1/video/7555501502886989074,tracayinsulinando1,THẢO DƯỢC DIỄM HƯƠNG,Một loại lá người tiểu đường không ăn tiếc cả đời#tracayinsulinando  #trainsulinando #tieuduongtuyp2 #KiemSoatTieuDuong #tieuduongtuyp3 #tieuduongvadaiduong #tieuduongtype2t #tiểuduongthaiky #tieuduong,27800,273,tiểu đường kiêng gì,2025-09-29T20:24:42+07:00,1M03S
7495603748811705608,https://www.tiktok.com/@drphuong1/video/7495603748811705608,drphuong1,user02252671300,Dự phòng tiểu đường nên ăn gì và kiêng gì? | Dr Phương #tieuduong #duphongtieuduong #bacsigiadinh #short #bacsiphuong,13400,130,tiểu đường kiêng gì,2025-05-02T07:00:00+07:00,1M53S
7478828558392085767,https://www.tiktok.com/@linhthietthaoduoc/video/7478828558392085767,linhthietthaoduoc,Thuốc Nam Gia Truyền 1984,6 thực phẩm người tiểu đường không nên ăn ! #linhthiet84 #ondinhduonghuyet #duonghuyet #tieuduong #tetaychan ,25400,170,tiểu đường kiêng gì,2025-03-07T05:34:35+07:00,1M31S
7491464789470776584,https://www.tiktok.com/@oanhtieuduong/video/7491464789470776584,oanhtieuduong,Oanh Bye Bé0o0,Trả lời @vuthithom_  Khôbg ngờ dấu hiệu tiểu đường xuất xuất hiện ở chân. #nhinangiandoan #if168 #if4412 #giamcan #giammo #giammobung #insulin #khanginsulin #momau #tieuduongtuyp2 #gout,24300,130,tiểu đường kiêng gì,2025-04-10T06:49:45+07:00,1M16S
7166055145136983323,https://www.tiktok.com/@thaosanseo90/video/7166055145136983323,thaosanseo90,Thảo Săn Seo,Trả lời @Linhlinhdola Tiểu đường thai kì nên kiêng gì? #mebau9x #hổvàng2022🤰🏼💜 ,14600,115,tiểu đường kiêng gì,2022-11-15T08:53:58+07:00,48S
7590577087598169365,https://www.tiktok.com/@quynhhaxuongkhop/video/7590577087598169365,quynhhaxuongkhop,Quỳnh Chuyển Mình,Đây là cách ăn cơm trắng dành cho người tiểu đường #tieuduongtuyp2 #khanginsulin #nuoccotnhau ,12200,171,tiểu đường kiêng gì,2026-01-02T08:56:03+07:00,2M14S
7568684863872683271,https://www.tiktok.com/@mengoc.co2betrai/video/7568684863872683271,mengoc.co2betrai,Mẹ Ngọc Có 2 Bé Trai,Ngày 30 mẹ bầu tiểu đường thai kỳ ăn kiêng #yenngoc #nhatkylamme93 #mebau #mangthai #tieuduongthaiki ,11400,150,tiểu đường kiêng gì,2025-11-04T09:02:55+07:00,1M25S
7566517079336094983,https://www.tiktok.com/@mengoc.co2betrai/video/7566517079336094983,mengoc.co2betrai,Mẹ Ngọc Có 2 Bé Trai,Ngày 24 mẹ bầu tiểu đường thai kỳ ăn kiêng #yenngoc #nhatkylamme93 #mebau #mangthai #tieuduongthaiki ,15000,160,tiểu đường kiêng gì,2025-10-29T12:50:46+07:00,1M23S
7578763990893939986,https://www.tiktok.com/@mengoc.co2betrai/video/7578763990893939986,mengoc.co2betrai,Mẹ Ngọc Có 2 Bé Trai,Ngày 61 mẹ bầu tiểu đường thai kỳ ăn kiêng #yenngoc #mengocco2betrai #tieuduongthaiki #mangthai #mebau ,5102,66,tiểu đường kiêng gì,2025-12-01T12:55:06+07:00,42S
7535698445462539528,https://www.tiktok.com/@sopyensaothnet/video/7535698445462539528,sopyensaothnet,SHOP YẾN SÀO THNET,YẾN SÀO CHO NGƯỜI TIỂU ĐƯỜNG AN KIÊNG HỖ TRỢ SỨC KHỎE #xuhuong2025🥰 YẾN SÀO KHÁNH HÒA ,4659,184,tiểu đường kiêng gì,2025-08-07T11:38:45+07:00,47S
7381377636343336193,https://www.tiktok.com/@whcthaidoc.trehoa/video/7381377636343336193,whcthaidoc.trehoa,WHC - Thải Độc & Trẻ Hóa,S113. Người tiểu đường dùng đường ăn kiêng được không? #tsdsngocan #whcsktt #songkhoe247 #ducthehinh,7105,119,tiểu đường kiêng gì,2024-06-17T19:25:00+07:00,51S
7399166963555044616,https://www.tiktok.com/@univyphuongvo/video/7399166963555044616,univyphuongvo,Võ Vỹ Phương,Bạn biết về điều này chưa? #gan #thuacan #suckhoe247 #suckhoe #roiloanchuyenhoa #univyphuongvo #tieuduong #timmach #momau #hoccungtiktok #learnontiktok #longervideos #tuyentuy #beophi #khanginsulin #tieuduongthaiki ,17100,190,tiểu đường kiêng gì,2024-08-04T13:26:50+07:00,1M23S
7561247815133973778,https://www.tiktok.com/@mengoc.co2betrai/video/7561247815133973778,mengoc.co2betrai,Mẹ Ngọc Có 2 Bé Trai,Ngày 16 mẹ bầu tiểu đường thai kỳ ăn kiêng #yenngoc #nhatkylamme93 #mangthai #mebau #tieuduongthaiki ,8810,114,tiểu đường kiêng gì,2025-10-15T08:03:23+07:00,1M00S
7574795068171767048,https://www.tiktok.com/@mengoc.co2betrai/video/7574795068171767048,mengoc.co2betrai,Mẹ Ngọc Có 2 Bé Trai,Ngày 48 mẹ bầu tiểu đường thai kỳ ăn kiêng #yenngoc #mengocco2betrai #tieuduongthaiki #mebau #mangthai ,4240,52,tiểu đường kiêng gì,2025-11-20T20:13:35+07:00,43S
7461166540839243016,https://www.tiktok.com/@kienmyhuong.official/video/7461166540839243016,kienmyhuong.official,Kiến Mỹ Hương,người bệnh tiểu đường có nên tập thể dục thể thao #tieuduongvadaiduong #daithaoduong #tieuduongtuyp2 #tuyentuy #khanginsulin #roiloanchuyenhoa #suckhoetieuduong #dieutritieuduong #dinhduongtieuduong #sứckhoẻ #suckhoe #beophi #momau #tieuduong #kienmyhuong ,14100,167,tiểu đường kiêng gì,2025-01-18T15:16:53+07:00,1M34S
7457011311025687829,https://www.tiktok.com/@bi.quyet.song.khoe/video/7457011311025687829,bi.quyet.song.khoe,Bí Quyết Sống Khoẻ,6 Thực Phẩm Đại Kỵ Với Người Bệnh Tiểu Đường #suckhoe #suckhoechomoinguoi #biquyetsongkhoe #tieuduongtype2 #tieuduong #daithaoduong #viral,38900,384,tiểu đường kiêng gì,2025-01-07T10:32:34+07:00,53S
7443625685261831432,https://www.tiktok.com/@hung_tieu_duong/video/7443625685261831432,hung_tieu_duong,TIỂU ĐƯỜNG VIỆT NAM,3 loại thức uống tốt cho người tiểu đường #tieuduong #khanginsulin #hungtieuduong #nguoitieuduonguonggi ,22200,222,tiểu đường kiêng gì,2024-12-02T08:49:28+07:00,3M00S
7580624634379373844,https://www.tiktok.com/@bsphamthitam/video/7580624634379373844,bsphamthitam,ThS BS Phạm Thị Tám,Tiểu đường có cần phải kiêng ăn khắt khe? #bstam #bsphamthitam #ainghia #tieuduong #ankieng ,13600,157,tiểu đường kiêng gì,2025-12-06T13:15:29+07:00,2M22S
7389926024064011538,https://www.tiktok.com/@tranxuanson.com/video/7389926024064011538,tranxuanson.com,Trần Sơn.,Tìm ra cách ăn 'hiệu quả hơn thuốc' cho bệnh nhân tiểu đường #transon #tieuduong #phongtranhtieuduong #chedoan #ankieng,19900,193,tiểu đường kiêng gì,2024-07-10T15:49:19+07:00,1M03S
7473798473796652306,https://www.tiktok.com/@thaohealthyu40/video/7473798473796652306,thaohealthyu40,Thảo Healthy U40,Kẻ thù của người tiểu đường: nghe video ngay nếu bạn chưa biết nhé #tieuduong #tieuduongangi #kiemsoatduonghuyet #tieuduongthaiky #danvanphong #tangduonghuyet ,11200,128,tiểu đường kiêng gì,2025-02-21T16:15:15+07:00,3M10S
7573929209618369799,https://www.tiktok.com/@mengoc.co2betrai/video/7573929209618369799,mengoc.co2betrai,Mẹ Ngọc Có 2 Bé Trai,Ngày 45 mẹ bầu tiểu đường thai kỳ ăn kiêng #yenngoc #mengocco2betrai #mangthai #mebau #tieuduongthaiki ,8727,99,tiểu đường kiêng gì,2025-11-18T12:13:38+07:00,39S
7327515212884495637,https://www.tiktok.com/@bsphamquangnhat/video/7327515212884495637,bsphamquangnhat,Bs Phạm Quang Nhật,mẹ tiểu đường thai kỳ #bsphamquangnhat #bsphamnhat #suckhoesinhsan #chamsocmebe ,76700,579,tiểu đường kiêng gì,2024-01-24T11:21:39+07:00,22S
7545819725209570568,https://www.tiktok.com/@bsgiangnam/video/7545819725209570568,bsgiangnam,BsGiangNam,"Tiểu đường sợ quá, kiêng luôn thịt đỏ #education #learnontiktok #longervideos #bsnamnoitiet #bsgiangnam #bsnam #songkhoemoingay ",25100,722,tiểu đường kiêng gì,2025-09-03T18:14:27+07:00,1M04S
7514918424925998343,https://www.tiktok.com/@dongyngalinh/video/7514918424925998343,dongyngalinh,dongyngalinh,mẹo ăn cơm trắng cho người tiểu đường @Ngalinhdongy #tieuduong  #duocsyngalinh ,22400,1459,tiểu đường kiêng gì,2025-06-12T11:41:38+07:00,58S
7587028492949359892,https://www.tiktok.com/@quynhhaxuongkhop/video/7587028492949359892,quynhhaxuongkhop,Quỳnh Chuyển Mình,Người tiểu đường cần ăn theo quy tắc này  #tieuduongtuyp2 #khanginsulin #Tieuhoatot,17900,191,tiểu đường kiêng gì,2025-12-23T19:25:33+07:00,3M15S
7594636013360745746,https://www.tiktok.com/@quyetphan.hba1c/video/7594636013360745746,quyetphan.hba1c,Quyet Phan HbA1c,Trả lời @Hải Đăng 7 loại trái cây phù hợp với người tiểu đường #glucose #duonghuyet #tieuduong #khanginsulin #roiloanchuyenhoa ,72600,899,tiểu đường ăn trái cây gì,2026-01-13T07:26:37+07:00,1M16S
7614788000802786581,https://www.tiktok.com/@song.khoe.moi.ngay.11/video/7614788000802786581,song.khoe.moi.ngay.11,Sống Khỏe Mỗi Ngày,8 Loại Trái Cây Người Tiểu Đường Có Thể Ăn Mà Không Sợ Đường Huyết Tăng Vọt #duonghuyet #songkhoe #suckhoe #tieuduongvadaiduong #tieuduong #fyp #viral #xuhuong,27500,286,tiểu đường ăn trái cây gì,2026-03-08T18:30:00+07:00,1M00S
7620777857660292373,https://www.tiktok.com/@dsyen/video/7620777857660292373,dsyen,Dược sĩ Yến,Người tiểu đường có nên ăn ổi không? Sự thật ít người biết #duocsiyen #tieuduongtuyp2 #ondinhduonghuyet #quaoi#traicay ,2298,50,tiểu đường ăn trái cây gì,2026-03-24T18:10:22+07:00,3M34S
7614757829672488206,https://www.tiktok.com/@sam.m.vn/video/7614757829672488206,sam.m.vn,MY VÂN,Có 4 loại trái cây giúp người tiểu đường ổn định đường huyết lâu dài #tieuduong #tieuduongtuyp2 #bienchungtieuduong #shop_sam_my_van #xuhuong2025 ,14300,206,tiểu đường ăn trái cây gì,2026-03-08T12:50:09+07:00,2M22S
7620653098368765205,https://www.tiktok.com/@ds.kim.anh.canxi/video/7620653098368765205,ds.kim.anh.canxi,DS KIM ANH CANXI CƠM NHẬT BẢN,#các loại trái cây tốt cho người tiểu đường  #duocsikimanh  #roiloanchuyenhoa  #khanginsulin  #tieuduongvadaiduong ,619,15,tiểu đường ăn trái cây gì,2026-03-24T10:06:22+07:00,1M10S
7472687753482833159,https://www.tiktok.com/@songkhoemoingay_85/video/7472687753482833159,songkhoemoingay_85,Sống khoẻ mỗi ngày,10 Loại trái cây Người Tiểu đường nên ăn #songkhoemoingay #tieuduong #traicay,256600,2080,tiểu đường ăn trái cây gì,2025-02-18T16:25:23+07:00,34S
7538631831533440263,https://www.tiktok.com/@comnhaminh6688/video/7538631831533440263,comnhaminh6688,Cơm nhà mình,10 loại trái cây người tiểu đường nên ăn giúp ổn định đường huyết #xuhuong #traicay #tieuduong #suckhoe #suckhoechomoinguoi ,92100,912,tiểu đường ăn trái cây gì,2025-08-15T09:21:46+07:00,34S
7618495865455496466,https://www.tiktok.com/@tiu.ng.sc.kho.thi/video/7618495865455496466,tiu.ng.sc.kho.thi,THIỀU TÀI - TIỂU ĐƯỜNG,Năm loại trái cây chữa lành căn bệnh tiểu đường mà mọi người nên biết##daithaoduong##tieuduongvadaiduong##tieuduong##suckhoechomoinguoi##bienchungtieuduong,14200,705,tiểu đường ăn trái cây gì,2026-03-18T14:35:05+07:00,2M03S
7305009254082137346,https://www.tiktok.com/@suckhoe.tieuduong/video/7305009254082137346,suckhoe.tieuduong,Sức khỏe tiểu đường,4 loại trái cây mà người tiểu đường nên ăn #TikTokAwardsVN2023 #bigonthesmallscreen #tieuduong #suckhoetieuduong #bemediajsc #songkhoe247 ,171000,16800,tiểu đường ăn trái cây gì,2023-11-24T19:46:52+07:00,1M04S
7451983779037531399,https://www.tiktok.com/@dshangdinhduong/video/7451983779037531399,dshangdinhduong,Dược sĩ Hằng,Các loại trái cây tốt cho người bệnh tiểu đường! #duocsihangtieuduong #bienchungtieuduong #suckhoe247 #tieuduong #tieuduongtuyp2 #dinhduongtieuduong #tieuduongangi #dshangtieuduong88 #dshang,107000,1687,tiểu đường ăn trái cây gì,2024-12-24T21:23:05+07:00,42S
7515816205807062279,https://www.tiktok.com/@dunsansale/video/7515816205807062279,dunsansale,Dun săn sale,4 loại trái cây tốt cho tiểu đường #bacsike #tieuduong #traicay #songkhoe247 #suckhoechomoinguoi🍀 ,15400,149,tiểu đường ăn trái cây gì,2025-06-14T21:45:28+07:00,1M33S
7532303841644137746,https://www.tiktok.com/@ha.tran.03/video/7532303841644137746,ha.tran.03,Khoẻ Đẹp cùng Hà Trần,10 Loại trái cây người tiểu đường nên ăn #tieuduong #tieuduongvadaiduong #khoedep #suckhoechomoinguoi #chamsoc #suckhoe ,7880,59,tiểu đường ăn trái cây gì,2025-07-29T08:06:02+07:00,33S
7548760305396960520,https://www.tiktok.com/@duoclieuxanh24h/video/7548760305396960520,duoclieuxanh24h,Dược Liệu Xanh 24h,Top 7 loại quả tốt cho người bệnh tiểu đường. #duoclieuxanh24h #traicay #tieuduong #tritieuduong ,12400,117,tiểu đường ăn trái cây gì,2025-09-11T16:25:25+07:00,1M16S
7530495402320153863,https://www.tiktok.com/@tracayinsulinando1/video/7530495402320153863,tracayinsulinando1,THẢO DƯỢC DIỄM HƯƠNG,Một loại trái cây ổn định đường huyết cho người tiểu đường#tieuduongtype1 #tieuduong #cachkiemsoattieuduong #dieutritieuduong ,17100,627,tiểu đường ăn trái cây gì,2025-07-24T11:08:17+07:00,1M23S
7600270286063242516,https://www.tiktok.com/@duocsi.them/video/7600270286063242516,duocsi.them,Dược Sĩ Thềm,Bí kíp chọn trái cây cho người tiểu đường. #daithaoduong #duonghuyet #tieuduong #duocsithem #xuhuongtiktok ,896,31,tiểu đường ăn trái cây gì,2026-01-28T11:50:40+07:00,2M37S
7563961438511959316,https://www.tiktok.com/@chamsocsuckhoexanhh/video/7563961438511959316,chamsocsuckhoexanhh,chamsocsuckhoexanhh,10 loại trái cây người tiểu đường nên ăn #traicay #tieuduong #suckhoe #xuhuong #tiktokviral ,18500,137,tiểu đường ăn trái cây gì,2025-10-22T15:33:35+07:00,34S
7511272350948625680,https://www.tiktok.com/@bacsyngoc.official/video/7511272350948625680,bacsyngoc.official,Dr Ngọc Clinic,Người tiểu đường nên ăn các loại trái này | Dr Ngọc #bacsigiadinh #drngoc #shorts #traicay #duonghuyet #tieuduong #tientieuduong,5650,119,tiểu đường ăn trái cây gì,2025-06-03T15:00:00+07:00,1M17S
7578300390664359186,https://www.tiktok.com/@lehoasuckhoe/video/7578300390664359186,lehoasuckhoe,lehoasuckhoe,#4 loại trái cây cho người tiểu đường#lehoasuckhoe #chamsocsuckhoechudong #xuhuong #xaykenhtiktok ,281,20,tiểu đường ăn trái cây gì,2025-11-30T06:56:04+07:00,1M11S
7546522607856749832,https://www.tiktok.com/@phanthanhvinh_vinhata/video/7546522607856749832,phanthanhvinh_vinhata,VINHATA FOOD,Những loại trái cây thần dược cho người tiểu đường #vinhatafood #traicay #tieuduong #songkhoe,5933,54,tiểu đường ăn trái cây gì,2025-09-07T12:00:00+07:00,1M04S
7330605027247148290,https://www.tiktok.com/@suckhoethucpham/video/7330605027247148290,suckhoethucpham,Sức Khỏe & Thực Phẩm,Trái cây cho người tiểu đường #tieuduong #traicay #suckhoe ,3442,19,tiểu đường ăn trái cây gì,2024-02-01T19:11:34+07:00,21S
7601452343929916690,https://www.tiktok.com/@suckhoequanhta123/video/7601452343929916690,suckhoequanhta123,Nguyễn An Danh,Top t Trái cây tốt cho người tiểu đường#suckhoequanhta123 #duocphamthaiminh #benhtieuduong #tieuduong ,134,5,tiểu đường ăn trái cây gì,2026-01-31T16:17:28+07:00,40S
7616247994404424976,https://www.tiktok.com/@bacsibenhvientamanh/video/7616247994404424976,bacsibenhvientamanh,Bác sĩ Bệnh viện Tâm Anh,Bệnh tiểu đường mỗi bữa nên ăn bao nhiêu bát cơm và có được ăn trái cây không? #benhvientamanh #ytecongnghecao #tiktokforhealth #tieuduong #tieuduongvadaiduong,46800,559,tiểu đường ăn trái cây gì,2026-03-12T13:30:00+07:00,2M33S
7394074671857110288,https://www.tiktok.com/@nutriazvietnamsuckhoebau/video/7394074671857110288,nutriazvietnamsuckhoebau,NutriAZ Việt Nam -Sức Khoẻ Bầu,5 loại quả KHÔNG NGỜ mà mẹ bầu bị tiểu đường thai kỳ nên hạn chế? #nutriaz #nutriazvietnam #nutriazvitaminbau #dinhduongtutam #tiktok #xuhuong #trending #tieuduongthaiky ,211400,2308,tiểu đường ăn trái cây gì,2024-07-21T20:06:15+07:00,1M25S
7443777789146189072,https://www.tiktok.com/@nhontranthaomoc/video/7443777789146189072,nhontranthaomoc,Nhơn Trần Thảo Mộc,Top 5 loại trái cây cực kỳ tốt cho người tiểu đường #suckhoe #thongtinsuckhoe #tieuduong #daithaoduong #kienthucsuckhoe,49200,1036,tiểu đường ăn trái cây gì,2024-12-02T20:00:00+07:00,51S
7620354553510219028,https://www.tiktok.com/@song.khoe.moi.ngay.11/video/7620354553510219028,song.khoe.moi.ngay.11,Sống Khỏe Mỗi Ngày,7 Loại Rau Củ Có Thể Làm Đường Huyết Tăng Vọt – Người Tiểu Đường Nên Hạn Chế #suckhoe #songkhoe #tieuduongvadaiduong #tieuduongtuyp2 #duonghuyet #tieuduong #xuhuong #viral #fyp,9959,62,tiểu đường ăn trái cây gì,2026-03-23T19:30:00+07:00,52S
7302027807935302919,https://www.tiktok.com/@camlinhkhoedep/video/7302027807935302919,camlinhkhoedep,Cẩm Linh khỏe đẹp,Bệnh Tiểu Đường ăn Quả Kiwi rất tốt #kiwi #traicay #raucu #biquyetsongvuisongkhoe #mrthientraidatmoi #thinhhanh #tieuduong ,945,15,tiểu đường ăn trái cây gì,2023-11-16T18:57:18+07:00,1M29S
7577554487573744897,https://www.tiktok.com/@tam.dan046.thaoduoctutam/video/7577554487573744897,tam.dan046.thaoduoctutam,Tâm Đan Thảo Dược,4 loại trái cây giàu vitamin và insulin tốt cho người đang bị tiểu đường.#tieuduong #tieuduongvadaiduong #bienchungtieuduong #xuhuong #ilovetiktok ,20100,222,tiểu đường ăn trái cây gì,2025-11-28T06:43:23+07:00,2M10S
7516758382720666897,https://www.tiktok.com/@haianmoc/video/7516758382720666897,haianmoc,HẢI AN MỘC,bệnh tiểu đường ăn được táo khô ?#thucantieuduong #dieutritieuduong #tieuduongangi #xuhuong,1472,39,tiểu đường ăn trái cây gì,2025-06-17T11:00:00+07:00,23S
7523518397670264082,https://www.tiktok.com/@hoa.vui.kho/video/7523518397670264082,hoa.vui.kho,Hoa Vui Khoẻ,10 loại trái cây người tiểu đường nên ăn#ancungtiktok #xuhuong #thinhhanh #songkhoe #phattrienbanthan ,6051,46,tiểu đường ăn trái cây gì,2025-07-05T15:53:55+07:00,32S
7604378181390437653,https://www.tiktok.com/@hue.lee2911/video/7604378181390437653,hue.lee2911,Kim Huệ Sống Khoẻ🌻,#khắc tinh của tiểu đường#chamsocsuckhoechudong #xuhuongtiktok2025☘️🍀♥️ #suckhoe247 #learnontiktok ,70400,1865,tiểu đường ăn trái cây gì,2026-02-08T13:31:14+07:00,20S
7617753134349208853,https://www.tiktok.com/@song.khoe.moi.ngay.11/video/7617753134349208853,song.khoe.moi.ngay.11,Sống Khỏe Mỗi Ngày,8 Loại Hoa Quả Người Tiểu Đường Nên Tránh Xa Nếu Không Muốn Đường Huyết Tăng Vọt #tieuduongvadaiduong #duonghuyet #tieuduong #tieuduongtuyp2 #songkhoe #suckhoe #xuhuong #fyp #viral,8214,68,tiểu đường ăn trái cây gì,2026-03-16T18:30:00+07:00,55S
7584611557007445269,https://www.tiktok.com/@tam.dan046.thaoduoctutam/video/7584611557007445269,tam.dan046.thaoduoctutam,Tâm Đan Thảo Dược,Người tiểu đường nên ăn 4 loại trái cây sau đây vì rất tốt cho đường huyết.#tieuduong #tieuduongvadaiduong #bienchungtieuduong #xuhuong #ilovetiktok ,8412,88,tiểu đường ăn trái cây gì,2025-12-17T07:06:41+07:00,2M10S
7361431174389976327,https://www.tiktok.com/@duocsithuytb/video/7361431174389976327,duocsithuytb,Vui khoẻ cùng dược sĩ Thuý,Trái cây tốt cho bệnh nhân tiểu đường #QTPhucAnKhang #duocsiThuy #tieuduong  #traicay ,666,18,tiểu đường ăn trái cây gì,2024-04-24T20:52:45+07:00,1M23S
7513430621205597447,https://www.tiktok.com/@giangnoitiettw/video/7513430621205597447,giangnoitiettw,Giang Nội Tiết,Tiểu đường thai kì nên ăn trái cây nào  #giangnoitiet #tieuduongthaiki #tieuduongthaiky ,87800,986,tiểu đường ăn trái cây gì,2025-06-08T11:28:10+07:00,1M26S
7612878226896981265,https://www.tiktok.com/@tam.dan046.thaoduoctutam/video/7612878226896981265,tam.dan046.thaoduoctutam,Tâm Đan Thảo Dược,4 loại trái cây vừa ngon vừa tốt cho người đang bị tiểu đường.#tieuduong #tieuduongvadaiduong#bienchungtieuduong #xuhuong #ilovetiktok ,7563,66,tiểu đường ăn trái cây gì,2026-03-03T11:16:47+07:00,1M58S
7525701369718705415,https://www.tiktok.com/@trinhoanh1984/video/7525701369718705415,trinhoanh1984,TRỊNH THỊ OANH $,10 loại trái cây người bị tiểu đường nên ăn #giammo ,11200,97,tiểu đường ăn trái cây gì,2025-07-11T13:05:00+07:00,27S
7506808482222329096,https://www.tiktok.com/@dinhduongkhoahoc247/video/7506808482222329096,dinhduongkhoahoc247,Dinh Dưỡng Khoa Học,10 loại trái cây người tiểu đường có thể ăn hàng ngày #tieuduong #dinhduong #xhhhhhhhhhhhhhhhhhhhhhhh #dinhduongtieuduong #trending #diabetes #bacsytieuduong #dinhduongkhoahoc ,7285,58,tiểu đường ăn trái cây gì,2025-05-21T15:10:53+07:00,1M01S
7615789457068854549,https://www.tiktok.com/@gianglong62/video/7615789457068854549,gianglong62,Đàm Giang,8 loại trái cây mà người tiểu đường có thể ăn được,167,7,tiểu đường ăn trái cây gì,2026-03-11T07:32:50+07:00,1M00S
7557351092363791633,https://www.tiktok.com/@bacluongdinhduongthan/video/7557351092363791633,bacluongdinhduongthan,Bác Lượng dinh dưỡng thận,"Thận yếu, tiểu đường thèm ngọt thì nên ăn gì #tuvandinhduongthan #suythan #tieuduong #food ",96400,2080,tiểu đường ăn trái cây gì,2025-10-04T20:02:28+07:00,1M02S
7343162239475535111,https://www.tiktok.com/@nhathuocdaiminh/video/7343162239475535111,nhathuocdaiminh,Dược Sĩ Đại Minh,"Người bệ,nh tiểu đường nên ăn quả gì thì tốt? #WomenInSports #dsdaiminh #xh #health #trend #trending #suckhoe #xuhuong #nhathuocdaiminh #songkhoe #loikhuyen #tieuduong ",9865,37,tiểu đường ăn trái cây gì,2024-03-06T15:19:55+07:00,21S
7547243765048610056,https://www.tiktok.com/@dieuhoa.duonghuyet/video/7547243765048610056,dieuhoa.duonghuyet,TRÀ CÂY INSULIN ẤN ĐỘ,Chọn trái cây cho người Tiểu Đường #tracayinsulinando #trainsulinando #tieuduongtuyp2 #tieuduong  #tieuduongthaiky,973,17,tiểu đường ăn trái cây gì,2025-09-07T14:20:28+07:00,41S
7595420799343856917,https://www.tiktok.com/@duocsithao6/video/7595420799343856917,duocsithao6,Dược sĩ Thảo,10 loại trái cây không lo tăng đường #duocsithao #tieuduong #tieuduongtuyp2 #tangduonghuyet #ondinhduonghuyet,766,20,tiểu đường ăn trái cây gì,2026-01-16T19:00:00+07:00,6M28S
7364740783766801682,https://www.tiktok.com/@nhathuocvythanhthao/video/7364740783766801682,nhathuocvythanhthao,Nhà thuốc Vy Thanh Thảo,9 loại trái cây 🍓🍒nên ăn mỗi sáng nếu bạn bị tiểu đường .... Thả ❤️ để mình có động lực ra nhiều video hơn nữa nhé 🫶#sức_khỏe_là_vàng #nhathuocvythanhthao #trend #thucphamchucnang ,229,5,tiểu đường ăn trái cây gì,2024-05-03T18:55:42+07:00,15S
7239705713847618818,https://www.tiktok.com/@dandendilamsodo/video/7239705713847618818,dandendilamsodo,Tự Phòng Bệnh,Người bệnh tiểu đường ăn được mận hay không #tieuduong #daithaoduong #phongbenh #tuphongbenh,54800,706,tiểu đường ăn trái cây gì,2023-06-01T20:17:07+07:00,1M20S
7574607155395824903,https://www.tiktok.com/@asinucare/video/7574607155395824903,asinucare,ASINU Trợ Lý Đường Huyết,tiểu đường thì ăn trái cây nào? #tieuduong #daithaoduong #suckhoe #Asinu #trending ,130,6,tiểu đường ăn trái cây gì,2025-11-20T08:04:24+07:00,1M12S
7583607176032308497,https://www.tiktok.com/@duocsithoa96/video/7583607176032308497,duocsithoa96,duocsithoa96,"Người tiểu đường, ăn ngay trái cây này nhé các bác, không lo tăng đường huyết #tieuduong #duonghuyet #daithaoduong #insulin #suckhoe #duocsithoa #fbreels",156,10,tiểu đường ăn trái cây gì,2025-12-14T17:05:00+07:00,2M10S
7458525890763394311,https://www.tiktok.com/@lananh.suckhoe/video/7458525890763394311,lananh.suckhoe,Lan Anh Sức Khoẻ,4 loại trái cây tưởng ngọt nhưng rất tốt cho người tiểu đường #suckhoe247 #suckhoe #lananhdongy #LearnOnTikTok #suckhoechomoingay ,9048,73,tiểu đường ăn trái cây gì,2025-01-11T12:29:52+07:00,41S
7214033559332343042,https://www.tiktok.com/@hjxh4m4/video/7214033559332343042,hjxh4m4,Thảo Nhi,Top 4 loại trái cây người bệnh tiểu đường nên ăn!,327,2,tiểu đường ăn trái cây gì,2023-03-24T15:55:47+07:00,23S
7602926318312836353,https://www.tiktok.com/@quangthoritado/video/7602926318312836353,quangthoritado,Thầy Nguyễn Công Đức,Tiểu đường nên ăn trái cây nào #tieuduong #daithaoduong #insulin #bepharin #nguyencongduc #baithuocdangian #baithuochay #xuhuong #learnontiktok #viral,419,11,tiểu đường ăn trái cây gì,2026-02-04T15:37:22+07:00,3M07S
7576201234260954375,https://www.tiktok.com/@bacsitranminh/video/7576201234260954375,bacsitranminh,Bác Sĩ Trần Minh,Người Tiểu Đường Có Thể Ăn Trái Cây Không? Đây Là Danh Sách An Toàn Nhất! |Bác Sĩ Trần Minh #bacsigiadinh #short #bacsitranminh #benhtieuduong #benhtieuduongantraicay,565,15,tiểu đường ăn trái cây gì,2025-11-25T07:00:00+07:00,4M47S
7309335037051161858,https://www.tiktok.com/@trathaoduochuongxuan24/video/7309335037051161858,trathaoduochuongxuan24,Công Ty Thảo Dược Hương Xuân,"người tiểu đường, nên ăn đu đủ không?#suckhoechomoinguoi #ondinhduonghuyet #songkhoesongdep #xuhuong #thinhhanh ",43000,286,tiểu đường ăn trái cây gì,2023-12-06T11:33:07+07:00,1M34S
7239319629506661633,https://www.tiktok.com/@dandendilamsodo/video/7239319629506661633,dandendilamsodo,Tự Phòng Bệnh,Người bệnh tiểu đường ăn được quả vải hay không #tieuduong #daithaoduong #tuphongbenh #phongbenhhonchuabenh #phongbenh,37800,544,tiểu đường ăn trái cây gì,2023-05-31T19:19:16+07:00,1M32S
7102808279436315906,https://www.tiktok.com/@drthuydung1/video/7102808279436315906,drthuydung1,Dr Thuỳ Dung,7 Loại Trái Cây Tốt Cho Người Tiểu Đường! Dr Thuỳ Dung #learnontiktok #tieuduong #suckhoe #drthuydung,53900,740,tiểu đường ăn trái cây gì,2022-05-28T22:23:45+07:00,2M00S
7534205905680747784,https://www.tiktok.com/@ds.maibinh/video/7534205905680747784,ds.maibinh,Dược sĩ Mai Bình,4 trái cây kiểm soát đường huyết tại nhà | Dược sĩ Mai Bình #dsmaibinh #kienthuc #suckhoe #kienthucsuckhoe #phongbenh #learnontiktok #tieuduong #tieuduongtype2 #xuhuong,1769,39,tiểu đường ăn trái cây gì,2025-08-03T12:30:00+07:00,1M08S
7387401912963861777,https://www.tiktok.com/@dieuthuyen188/video/7387401912963861777,dieuthuyen188,@ĐIÊU THUYỀN 1988,Trả lời @không có anh em vẫn vui !!! Nội của em bị tiểu đường mà ăn trái đó đỡ hẵn. #baithuochay #baithuochaymoingay #tieuduongtuyp2 #dieuthuyen188 ,209600,3754,tiểu đường ăn trái cây gì,2024-07-03T20:32:30+07:00,1M39S
7372417766302747921,https://www.tiktok.com/@seriestieuduong/video/7372417766302747921,seriestieuduong,Series Tiểu Đường,Người tiểu đường có ăn được cà chua không #tieuduongvadaiduong #tieuduong #songkhoe247 #seriestieuduong #bemediajsc ,8597,71,tiểu đường ăn trái cây gì,2024-05-24T11:26:26+07:00,37S
7289428741648878850,https://www.tiktok.com/@trathaoduochuongxuan24/video/7289428741648878850,trathaoduochuongxuan24,Công Ty Thảo Dược Hương Xuân,Top các loại trái cây tốt cho người tiểu đường #songkhoecungmoccan #songkhoe #suckhoe #tieuduong #traicaydanhchobenhtieuduong #thaoduocmoccan #thinhhanh #xuhuong ,48800,565,tiểu đường ăn trái cây gì,2023-10-13T20:06:30+07:00,1M16S
7565927195516980487,https://www.tiktok.com/@nhathuocthanhhuyenth/video/7565927195516980487,nhathuocthanhhuyenth,N.TH Thanh Huyền 36,10 loại trái cây mà người bị tiểu đường nên ăn#bệnh #suckhoechomoinguoi #tiktokviral @Bác Sĩ Kế @Bác Hội  @Nhà Thuốc Thanh Huyền ,509,22,tiểu đường ăn trái cây gì,2025-10-27T22:41:44+07:00,34S
7386838707480890640,https://www.tiktok.com/@khoedepcungnguyenoanh/video/7386838707480890640,khoedepcungnguyenoanh,Khoẻ Đẹp Cùng Nguyễn Oanh,Top 5 loai trái cây dành cho người bị tiểu đường ,558,30,tiểu đường ăn trái cây gì,2024-07-02T08:07:01+07:00,30S
7579805394479058184,https://www.tiktok.com/@nguyenthuthaoduoc87/video/7579805394479058184,nguyenthuthaoduoc87,Nguyễn Thu thảo dược 87,bốn loại trái cây tốt cho người tiểu đường #tieuduong #tratieuduong #trainsulinando #nguyenthuthaoduoc87 ,9408,313,tiểu đường ăn trái cây gì,2025-12-04T08:16:15+07:00,2M47S
7604355197116140807,https://www.tiktok.com/@alobothuiday/video/7604355197116140807,alobothuiday,Alo Bơ Thúi Đây,"Tết đến nhà ai cũng mua nhiều hoa quả để ăn, các mẹ bầu tiểu đường nên chọn lọc các loại hoa quả nhé. #chamcon #alobothuiday #tieuduongthaiky #tieuduonganquagi ",29300,498,tiểu đường ăn trái cây gì,2026-02-08T12:02:00+07:00,2M12S
7451917761367821575,https://www.tiktok.com/@ths.tam.dinh.duong/video/7451917761367821575,ths.tam.dinh.duong,Ths.Tâm dinh dưỡng,Bệnh nhân TIỂU ĐƯỜNG có nên ăn quả HỒNG không? #tieuduong #tieuduongtuyp2 #dinhduong #tamdinhduong ,1535,29,tiểu đường ăn trái cây gì,2024-12-24T17:06:54+07:00,1M00S
7521954870790982920,https://www.tiktok.com/@gausuckhoe/video/7521954870790982920,gausuckhoe,Gấu Sức Khỏe,Người bệnh tiểu đường nên ăn loại trái cây nào? #KhuVuonSucKhoe #benhtieuduong,342,24,tiểu đường ăn trái cây gì,2025-07-01T10:46:49+07:00,21S
7529378444220566802,https://www.tiktok.com/@kienmyhuong.official/video/7529378444220566802,kienmyhuong.official,Kiến Mỹ Hương,người tiểu đường thì có thể ăn loại trái cây nào #kienmyhuong #LearnOnTikTok #longervideos #roiloanchuyenhoa #khanginsulin #anlanhmanh #chuabenhkhongdungthuoc #health #suckhoe247 #suckhoe #sứckhoẻ #dieutritieuduong #dinhduongtieuduong #suckhoetieuduong #daithaoduong #tieuduongvadaiduong #benhtieuduong #tientieuduong #tieuduongtuyp2 #tieuduong ,12000,147,tiểu đường ăn trái cây gì,2025-07-21T10:53:55+07:00,1M00S
7553191000114531592,https://www.tiktok.com/@ds.maibinh/video/7553191000114531592,ds.maibinh,Dược sĩ Mai Bình,Tiểu đường nên ăn quả gì? 5 loại quả không nên bỏ qua | Dược sĩ Mai Bình #dsmaibinh #kienthucsuckhoe #suckhoe #learontiktok #xuhuong #tieuduong #tieuduongtype2,574,16,tiểu đường ăn trái cây gì,2025-09-23T15:00:00+07:00,1M06S
7451780712685980935,https://www.tiktok.com/@thienduoc.net/video/7451780712685980935,thienduoc.net,Thienduoc.net,Người tiểu đường nên ăn loại trái cây nào ? #thienduoc #ungthu #tieuduong #suckhoe #dieutri #songlau,5673,63,tiểu đường ăn trái cây gì,2024-12-24T08:15:10+07:00,58S
7603640925612494087,https://www.tiktok.com/@duocsian8/video/7603640925612494087,duocsian8,Dược sĩ An,Top.3 loại trái cây người tiểu đường nên ăn. #duocsian #tieuduong #traicaychonguoitieuduong ,577,28,tiểu đường ăn trái cây gì,2026-02-06T13:50:15+07:00,35S
7523926676426870034,https://www.tiktok.com/@duongtuankiet91/video/7523926676426870034,duongtuankiet91,Dương Tuấn Kiệt91,Trả lời @Mẹ Ri Bi bữa phụ của tiểu đường thai kỳ mấy bà có thể ăn những loại trái cây này nhé tốt cho các bà đang tiểu đường thai kỳ lắm nha lúc trước khi mình đang bị tiểu đường thai kỳ thì mình ăn những loại trái cây này thường xuyên nè ##lethihongnhi##tieuduongthaiky,13600,159,tiểu đường ăn trái cây gì,2025-07-06T18:18:16+07:00,50S
7534193372358085895,https://www.tiktok.com/@dinhtieuduong/video/7534193372358085895,dinhtieuduong,Định tiểu đường,Người tiểu đường có nên ăn Ổi không? #tieuduongtuyp2 #daithaoduong ,14300,141,tiểu đường ăn trái cây gì,2025-08-03T10:18:17+07:00,1M38S
7330450431874731266,https://www.tiktok.com/@suckhoethucpham/video/7330450431874731266,suckhoethucpham,Sức Khỏe & Thực Phẩm,Trái cây cho người tiểu đường #tieuduong ,811,18,tiểu đường ăn trái cây gì,2024-02-01T09:11:40+07:00,31S
7295370344074841345,https://www.tiktok.com/@suckhoe.tieuduong/video/7295370344074841345,suckhoe.tieuduong,Sức khỏe tiểu đường,Ai đang mắc tiểu đường thì nên ưu tiên ăn bí đao nhé #tieuduong #tieuduongvadaiduong #songkhoe247 #suckhoetieuduong #bemediajsc ,52300,4117,tiểu đường ăn trái cây gì,2023-10-29T20:22:57+07:00,1M09S
7201076812494032154,https://www.tiktok.com/@songkhoemoingay_25/video/7201076812494032154,songkhoemoingay_25,Sống Khỏe Mỗi Ngày,5 loại quả không hề ngọt nhưng tăng đường huyết nhanh #GreenNutri #25greennutri #25betaglucare #ngucocdinhduong #songkhoemoingay #tiktokxuhuong ,54800,425,tiểu đường ăn trái cây gì,2023-02-17T17:55:54+07:00,42S
7476468089794727175,https://www.tiktok.com/@duocsythanhien/video/7476468089794727175,duocsythanhien,Ds.Thanh Hiền,"9 loại trái cây tốt cho người tiểu đường – Ăn ngon, đường không lo tăng! Bạn bị tiểu đường nhưng vẫn muốn thưởng thức trái cây? Đừng lo! Đây là 9 loại trái cây có chỉ số đường huyết thấp, giúp bạn kiểm soát đường huyết hiệu quả mà vẫn bổ sung vitamin, chất xơ tốt cho sức khỏe. Lưu ý: nên ăn một lượng nhỏ mỗi ngày nhé! Hãy cùng Nhà thuốc Thanh Hiền khám phá ngay trong video này nhé! #NhàThuốcThanhHiền #TiểuĐường #DinhDưỡng #tráicâylànhmạnh ",338,11,tiểu đường ăn trái cây gì,2025-02-28T20:54:42+07:00,47S
7564258598826544385,https://www.tiktok.com/@phc.o.sinh/video/7564258598826544385,phc.o.sinh,Dược sĩ Trần Trọng Phúc,"Mận Tím trái cây "" Vàng"" giúp ngươì tiểu đường ổn định đương huyết ít người biết cách ăn đúng #tieuduong #bienchungtieuduong #kiemsoatduonghuyet #duocsiphuc ##xuhuong",206,4,tiểu đường ăn trái cây gì,2025-10-23T10:47:52+07:00,1M25S
7526166937794071816,https://www.tiktok.com/@duocnuongminhthi/video/7526166937794071816,duocnuongminhthi,Dược Nương Minh Thi,Top 5 loại trái cây không thể bỏ qua ở người đái tháo đường #dsthi#duocnuongminhthi#healthy#suckhoe#xuhuong#xuhuongtiktok#learnontiktok#tip#lamdep#chamsocsuckhoechudong#chamsocsuckhoechudong#duocsithi#duocsithi#becomed#adophar#duoclieu#thaoduoc#duocpham#ytetute#phapphatduocsu#chanhphap#duocsuphat#duoclieuquy#duocsuphat#duocsu#duocsi#duoc#tieuduong#tientieuduong#daithaoduong#phongnguatieuduong#bienchungtieuduong#khanginsulin#tieuduongvadaiduong #tuyentuy#tuy#foryou#foryoupage,481,13,tiểu đường ăn trái cây gì,2025-07-12T19:11:36+07:00,1M13S
7565753905452223752,https://www.tiktok.com/@giangnoitiettw/video/7565753905452223752,giangnoitiettw,Giang Nội Tiết,Tiểu đường thai kỳ | Tiểu đường thai kỳ 7 loại trái cây nên ăn | Giải đáp thắc mắc | P178 #tieuduongthaiky #giangnoitiet #tieuduongthaikyangi #tieuduongthaiki ,6195,82,tiểu đường ăn trái cây gì,2025-10-27T11:29:16+07:00,1M42S
7128740648106200346,https://www.tiktok.com/@thuocnamducdung/video/7128740648106200346,thuocnamducdung,Vương Thu Hà,Ai đang mắc phải căn bệnh tiểu đường thì tham khảo bài thuốc từ trái đào tiên nhé!#tieuduong #traidaotien #ondinhduonghuyet #thuocnamducdung,12100,139,tiểu đường ăn trái cây gì,2022-08-06T19:34:37+07:00,35S
7391074027537730821,https://www.tiktok.com/@trandinhduong86/video/7391074027537730821,trandinhduong86,Trang Dinh Dưỡng 86,10 loại trái cây người bị tiểu đường nên ăn. Trái thứ 10 sẽ làm bạn bất ngờ #xuhuong #tieuduongtuyp2 #daithaoduong #traicay #fruit #xh,461,6,tiểu đường ăn trái cây gì,2024-07-13T18:02:07+07:00,57S
7536568491428629768,https://www.tiktok.com/@mc.ng.an/video/7536568491428629768,mc.ng.an,Mộc Đường An,7 loại quả tiểu đường không nên ăn #mocduongan #suckhoe #suckhoe247 #xuhuong #quả ,57200,291,tiểu đường ăn trái cây gì,2025-08-09T19:54:57+07:00,28S
7511542176531156242,https://www.tiktok.com/@phanthanhvinh_vinhata/video/7511542176531156242,phanthanhvinh_vinhata,VINHATA FOOD,4 món hải sản người tiểu đường nên ăn thường xuyên #vinhatafood #haisan #tieuduong #daithaoduong #songkhoe,334300,3390,tiểu đường ăn trái cây gì,2025-06-05T19:50:00+07:00,55S
7546898115047984405,https://www.tiktok.com/@tiu.ng.sc.kho.thi/video/7546898115047984405,tiu.ng.sc.kho.thi,THIỀU TÀI - TIỂU ĐƯỜNG,4 loại trái cây tưởng ngọt. Nhưng lại rất tốt cho người bị tiểu đường #tieuduongvadaiduong #tieuduong #trainsulin #suckhoe ,129,3,tiểu đường ăn trái cây gì,2025-09-06T15:59:11+07:00,40S
7530821921466846471,https://www.tiktok.com/@ds.monghuynh/video/7530821921466846471,ds.monghuynh,DƯỢC TỪ TÂM DS MỘNG HUỲNH,Trả lời @lacloi_chieumua tiểu đường mẹ em ăn mận được không chị? #tieuduong #tieuduongtype1 #tieuduongtype2 #suckhoe #LearnOnTikTok2025 #xuhuongtiktok2025 #duocsimonghuynh ,5056,52,tiểu đường ăn trái cây gì,2025-07-25T08:15:20+07:00,59S
7321691588206382337,https://www.tiktok.com/@trathaoduochuongxuan24/video/7321691588206382337,trathaoduochuongxuan24,Công Ty Thảo Dược Hương Xuân,"người tiểu đường, ăn dâu tây được không #tieuduong #daithaoduong #suckhoe247♥️ #tetnguyendan2024🧧🎆🧨 #xuhuong ",2772,16,tiểu đường ăn trái cây gì,2024-01-08T18:42:56+07:00,1M39S
7621468316489551112,https://www.tiktok.com/@ngalinh_dongy/video/7621468316489551112,ngalinh_dongy,Ngalinhdongy,công thức củ hành tím với chanh bài thuốc giúp hạ đường huyết ngay lập tức  #tieuduong #trainsulin #dongyngalinh ,7178,259,thuốc tiểu đường,2026-03-26T14:49:55+07:00,2M18S
7524587360068177160,https://www.tiktok.com/@hoang.thuy826/video/7524587360068177160,hoang.thuy826,DS ĐÔNG Y HOÀNG THÚY,loại cây cứu tinh cho người tiểu đường. #cayinsulin #baithuocdangian #DSđongyhoangthuy #suckhoechomoinguoi #tieuduong ,103700,3525,thuốc tiểu đường,2025-07-08T13:02:05+07:00,1M54S
7620231632041118984,https://www.tiktok.com/@thaopham1129/video/7620231632041118984,thaopham1129,Tôi thích trồng hoa,"Cây Isulin Nhật, khắc tinh của bệnh tiểu đường #kienthuctieuduong #hoidap suc khoe #songchungtieuduong #kiemsoatduonghuyet ",422,13,thuốc tiểu đường,2026-03-23T06:50:44+07:00,11S
7621128410311544081,https://www.tiktok.com/@duocsithao6/video/7621128410311544081,duocsithao6,Dược sĩ Thảo,ĐẢO NGƯỢC HBA1C - PHA NGAY 7 CỐC TẠI BẾP #duocsithao #tieuduong #duonghuyetcao #tieuduongvadaiduong #tieuduongtuyp2 #tieuduongangi #ondinhduonghuyet #suahattinhbotcham #suahat #tinhbotcham,7970,148,thuốc tiểu đường,2026-03-28T06:00:00+07:00,5M54S
7484182808219454727,https://www.tiktok.com/@dhpharmacy/video/7484182808219454727,dhpharmacy,DHPHARMACY,HỌC NHANH NHÓM THUỐC TIỂU ĐƯỜNG #thuoctieuduong #hocthuoc #diabetes #nhathuoc #dhpharmacy,22300,1072,thuốc tiểu đường,2025-03-21T15:51:45+07:00,6M43S
7620981656618421524,https://www.tiktok.com/@drthuocnam/video/7620981656618421524,drthuocnam,Dr Thuốc Nam,"Hạ đường huyết từ cây trâm sẻ, cách nhận diện loại cây này. #haduonghuyet #tieuduong #caytramse ",3205,106,thuốc tiểu đường,2026-03-25T07:21:24+07:00,1M03S
7608073427416534286,https://www.tiktok.com/@sam.m.vn/video/7608073427416534286,sam.m.vn,MY VÂN,Bài thuốc dành cho người tiểu đường #Tieuduong #tieuduongtuyp2 #xuhuong2025 #bienchungtieuduong #shop_sam_my_van ,2498,39,thuốc tiểu đường,2026-02-18T12:31:22+07:00,1M39S
7539754382162742546,https://www.tiktok.com/@vythuocnam63/video/7539754382162742546,vythuocnam63,VY THUỐC NAM,Tiểu đường cao bao nhiêu cũng bình ổn trở lại#tieuduong #thaomocvy #thuocnam #xuhuong #thuocnamsuckhoe  ,31200,1005,thuốc tiểu đường,2025-08-18T09:57:56+07:00,38S
7572436214712634631,https://www.tiktok.com/@dungthuocnam71/video/7572436214712634631,dungthuocnam71,thuốc nam vườn nhà,tiểu đường rất hay #miennam #xuhuong #thuocnam #tieuduong #thailainhat ,10200,100,thuốc tiểu đường,2025-11-14T11:40:03+07:00,49S
7568853427573296397,https://www.tiktok.com/@sam.m.vn/video/7568853427573296397,sam.m.vn,MY VÂN,Công thức củ hành tím với chanh bài thuốc giúp hạ đường huyết ngay tức thì #tieuduong #tieuduongtuyp2 #bienchungtieuduong #shop_sam_mỹ_vân #xuhuong2025 ,89400,3230,thuốc tiểu đường,2025-11-04T19:57:53+07:00,1M49S
7164330065801563393,https://www.tiktok.com/@luongynguyenthihien/video/7164330065801563393,luongynguyenthihien,Lương y Nguyễn Thị Hiền,Bài thuốc tiểu đường hiệu quả từ giảo cổ lam #luongynguyenthihien #chuabenhtieuduong #haduonghuyet #momau #suckhoe247,7168,97,thuốc tiểu đường,2022-11-10T18:30:00+07:00,52S
7618968962960723214,https://www.tiktok.com/@sanhangmy.com/video/7618968962960723214,sanhangmy.com,Mua Hàng Mỹ,Cinsulin - hỗ trợ tiểu đường #muahangmy #sanhangmy #cinsulin #tieuduong #botque ,30800,352,thuốc tiểu đường,2026-03-19T21:11:02+07:00,28S
7422053313408945415,https://www.tiktok.com/@lequanganhnesfaco/video/7422053313408945415,lequanganhnesfaco,Lê Quang Ánh Ceo Nesfaco,Trả lời @NguyetNgan Chị uống được 2 lọ đường huyết ổn định hướng dẫn thêm cho chị #tiểuđường #tieuduong #bepharin #lequanganh #tieuduongbepharin #nesfaco #suckhoe #learnontiktok #thuoctieuduong #diabetes #daithaoduong ,64000,819,thuốc tiểu đường,2024-10-05T05:37:46+07:00,1M12S
7616555384844635400,https://www.tiktok.com/@meohaymoingay663/video/7616555384844635400,meohaymoingay663,Mẹo Hay Mỗi Ngày,Đường huyết lên xuống thất thường như giá xăng thế bà con? Thử ngay mẹo này để ổn định đường huyết nha! #duonghuyet #ondinhduonghuyet #tieuduong #tieuduongvadaiduong #tieuduongthaiki ,19500,282,thuốc tiểu đường,2026-03-13T09:04:59+07:00,33S
7543109512568343826,https://www.tiktok.com/@vythuocnam63/video/7543109512568343826,vythuocnam63,VY THUỐC NAM,Mỗi ngày 01 túi lọc ổn định đường rất hay#tieuduong #thuocnam #xuhuong #suckhoe #xuhuongtiktok  ,4721,58,thuốc tiểu đường,2025-08-27T10:57:28+07:00,57S
7620398226109238549,https://www.tiktok.com/@nguyenandongy1/video/7620398226109238549,nguyenandongy1,TRÀ THẢO DƯỢC  NGUYỄN AN,"Người lỡ mắc tiểu đường rồi nhất định phải biết đến loại lá cây này #nguyenandongy2  #ondinhduonghuyet  #tieuduongtuyp2p  #trainsulinando  #videoxuhươngtiktok  @TRÀ THẢO DƯỢC  NGUYỄN AN @🇻🇳🐊 CÁ ĐẸP 🐊🇻🇳 @Anh Dương @♥️TiENSY♥️ @TÝ - XUYÊN @꧁ঔৣ☬✞BÙI YẾN 83✞☬ঔৣ꧂ @,Minh Lương ",8407,459,thuốc tiểu đường,2026-03-23T17:37:15+07:00,1M32S
7428872375858547975,https://www.tiktok.com/@nhontranthaomoc/video/7428872375858547975,nhontranthaomoc,Nhơn Trần Thảo Mộc,Trà khổ qua rừng cho người tiểu đường - Bài thuốc dân gian trị tiểu đường từ trái khổ qua rừng #khoquarung #trakhoquarung #shopthaoduoc #baithuocdangian #tieuduong #daithaoduong,9982,77,thuốc tiểu đường,2024-10-25T21:00:00+07:00,59S
7615113903709736213,https://www.tiktok.com/@sang.n.hng/video/7615113903709736213,sang.n.hng,CÂY THUỐC QUANH TA 🙏,Tiểu đường 200-300-400-500. Tuýp 1-2 kháng iínuline. Nhai sáng chiều mỗi lần 5 đọt 20 ngày là ổn dần #learnontiktok #xuhuong #mientay #tieuduong #63tiengiang ,52600,842,thuốc tiểu đường,2026-03-09T11:51:23+07:00,33S
7618798780057455889,https://www.tiktok.com/@suckhoecuaban.nvv/video/7618798780057455889,suckhoecuaban.nvv,suckhoecuaban.nvv,Nụ Vối - Khắc tinh tiểu đường #meovat #suckhoe #thuocdangian,1413,29,thuốc tiểu đường,2026-03-19T10:11:24+07:00,28S
7514672630624996615,https://www.tiktok.com/@lieulaocai/video/7514672630624996615,lieulaocai,CÔ LIỄU TÂY BẮC,"Trà dây thìa canh tốt cho sức khỏe, giảm tiểu đường hiệu quả#thaoduoc #thaoduocthiennhien #thiênnhiên #lieulaocai #baithuocdangian #huyetapcao #COLIEUTAYBAC #tieuduong #daythiacanh #caythiacanh #thaoduocdantoc ",6341,64,thuốc tiểu đường,2025-06-11T19:47:49+07:00,48S
7563320336838708488,https://www.tiktok.com/@68bg.capnhattintuc/video/7563320336838708488,68bg.capnhattintuc,68GB Cập Nhật Tin Tức,Việt nam chính thức  có thuốc điều trị tiểu đường#tintuc #tinnong #tintuc24h #bantin24h #ngan98 #ngân98bibắt,1358,10,thuốc tiểu đường,2025-10-20T22:05:45+07:00,1M22S
7433561801427586312,https://www.tiktok.com/@samkorea.vn/video/7433561801427586312,samkorea.vn,SÂM HÀN,Điều trị Bệnh tiểu đường. #samhan #benhtieuduong #thuocdieutribenhtieuduong #tieuduong #thuoctieuduongwangdong  #thuochotrovadieutribenhtieuduong ,2799,41,thuốc tiểu đường,2024-11-05T05:56:31+07:00,37S
7431336855922035976,https://www.tiktok.com/@lequanganhnesfaco/video/7431336855922035976,lequanganhnesfaco,Lê Quang Ánh Ceo Nesfaco,Trả lời @Hông Phuong Hoang My uống tiểu đường bepharin hiệu quả #tiểuđường #lequanganh #tieuduong #bepharin #tieuduongbepharin #nesfaco #suckhoe #learnontiktok #diabetes #thuoctieuduong #daithaoduongtype1 ,97200,894,thuốc tiểu đường,2024-10-30T06:02:36+07:00,46S
7535307256544398593,https://www.tiktok.com/@lamangjang/video/7535307256544398593,lamangjang,Lâm An Giang Shop,Bà Lão 73T Chia Sẽ Nguyệt Đạo Trị Tiểu Đường #lamangiang ,18300,332,thuốc tiểu đường,2025-08-06T10:20:52+07:00,11M32S
7378796072266632465,https://www.tiktok.com/@dhpharmacy/video/7378796072266632465,dhpharmacy,DHPHARMACY,MỘT CHÚT VỀ THUỐC FORXIGA (thuốc tiểu đường tuyp 2) #forxiga #dapagliflozinb #tieuduong #dhpharmacy,14000,117,thuốc tiểu đường,2024-06-10T15:57:59+07:00,1M04S
7622086980842605831,https://www.tiktok.com/@hin.yu.insulin/video/7622086980842605831,hin.yu.insulin,Hiền Yêu Insulin,Bỏ bữa sáng kích hoạt đốt m.o tự nhiên#khanginsulin #tieuduong #giammoantoan #khoedeptugoc #hienyeuinsulin ,212,11,insulin tiểu đường,2026-03-28T06:50:27+07:00,1M53S
7533067344663432455,https://www.tiktok.com/@bshai.vn/video/7533067344663432455,bshai.vn,Bác Sĩ Trương Quang Hải,Nguyên tắc đơn giản để lành tiểu đường   #bshai #bacsihai #tieuduong #insulin #suythan #chatbeo #suckhoe,59600,1614,insulin tiểu đường,2025-07-31T09:28:46+07:00,1M30S
7620624162708573460,https://www.tiktok.com/@chang.mi7579/video/7620624162708573460,chang.mi7579,Chang Mi,HbA1c là gì? Tại sao nó quan trọng trong kiểm soát đường huyết? #khanginsulin #tieuduong #giammo #HbA1c,1995,30,insulin tiểu đường,2026-03-24T08:14:03+07:00,1M53S
7563683731471568148,https://www.tiktok.com/@_healthiestlab_/video/7563683731471568148,_healthiestlab_,Healthiest Lab,"Không phải bạn ăn ít đi là yếu đi, mà là bạn đang cho cơ thể cơ hội tự chữa lành. Nhịn ăn đúng cách giúp insulin ổn định, mỡ được đốt tự nhiên, và năng lượng trở nên bền vững hơn 💪 #healthiestlab #tieuduong #insulin #nhinanchuabenh #suckhoetunhien ",61200,1140,insulin tiểu đường,2025-10-21T21:35:57+07:00,53S
7535316221365964048,https://www.tiktok.com/@metaptho/video/7535316221365964048,metaptho,Mẹ Tập Thở,Dùng Insulin sau mấy lần thì bđ hiệu quả vậy các Mom ơi.. #mebau #tdtk #share #sharing #tiktok #insulin #tieuduongthaiki ,28000,109,insulin tiểu đường,2025-08-06T10:55:40+07:00,23S
7260777934632291586,https://www.tiktok.com/@fptlongchau/video/7260777934632291586,fptlongchau,Nhà thuốc FPT Long Châu,FPT Long Châu tiên phong thu cũ đổi mới bút tiêm tiểu đường #tieuduong #insulin #butinsulin #suckhoe #suckhoe247 #frtgr #fptlongchau #learnontiktok,39800,304,insulin tiểu đường,2023-07-30T13:20:00+07:00,53S
7563304216110828820,https://www.tiktok.com/@bacsyhoa/video/7563304216110828820,bacsyhoa,Bác sĩ Hoa,5 Dấu hiệu trên da báo hiệu kháng insulin hoặc t.iểu đường type 2 #bacsihoa #suckhoe #insulin #tieuduong,118200,1195,insulin tiểu đường,2025-10-21T11:00:00+07:00,2M28S
7621552430525877524,https://www.tiktok.com/@thaohealthyu40/video/7621552430525877524,thaohealthyu40,Thảo Healthy U40,Chất quan trọng giúp cải thiện mạnh độ nhạy insulin #khanginsulin #tieuduongtuyp2 #LIVEIncentiveProgram #SpareMomentsLIVE #PaidPartnership ,1211,22,insulin tiểu đường,2026-03-26T20:16:06+07:00,3M05S
7605394416244657416,https://www.tiktok.com/@suyngamchannel/video/7605394416244657416,suyngamchannel,Suy Ngẫm Channel,TIỂU ĐƯỜNG: INSULIN LÀ THẦN DƯỢC HAY THUỐC ĐỘC - PHẦN 3 #KienThucSucKhoe #SongKhoe247 #gan #LearnOnTikTok #suckhoechomoinguoi ,81800,1958,insulin tiểu đường,2026-02-11T07:14:45+07:00,7M31S
7525517820218608904,https://www.tiktok.com/@cay.insulin.kimngan/video/7525517820218608904,cay.insulin.kimngan,Cây Insulin - Kim Ngạn,Chuyên bán cây giống Insulin. Cây insulin trị tiểu đường #câyinsulin #cayinsulin #tieuduongtuyp2 #caygionginsulin #cayinsulinvietnam #láinsulin #tràinsulin #tieuduong #tieuduongvadaiduong #tiểuduong #chuatieuduong #khanginsulin #khánginsulin ,9234,5333,insulin tiểu đường,2025-07-11T01:12:42+07:00,59S
7472331471148059912,https://www.tiktok.com/@thieutaidinhduong.com/video/7472331471148059912,thieutaidinhduong.com,Thiều Tài,Trả lời @Thu Tin vui lá cây insulin giúp giảm đường trong máu cho người tiểu đường sẽ có trong thời gian tới#daithaoduongthaiky#tieuduongvadaithaoduong#daithaoduongtuyp#tieuduongtuyp2#daithaoduongtuyp2#thieutai#sứckhoetieuduong#tieuduongtuyp1#tieuduongtuyp1vatuyp2#duonghuyet#kiemsoatduonghuyet#dieutritieuduong#câyinsulin#cayinsulinvietnam#suckhoe#,98500,2215,insulin tiểu đường,2025-02-17T17:22:31+07:00,56S
7496354176641830151,https://www.tiktok.com/@bacsitieuduong/video/7496354176641830151,bacsitieuduong,Bác sĩ Củ Cải Đỏ (tiểu đường),5 thực phẩm chứa insulin tự nhiên tốt cho người tiểu đường #xuhuongtiktok #xh #xuhuong #viral #tieuduong #bacsytieuduong #bacsy #trending #hot #diabetes #chuyengia #chuyengiatieuduong #kienthuctieuduong #chuyengiadinhduong #kienthuc #dinhduong #dinhduongtieuduong ,237100,5657,insulin tiểu đường,2025-04-23T11:02:52+07:00,1M12S
7594434791005490450,https://www.tiktok.com/@songkhoemoingay_85/video/7594434791005490450,songkhoemoingay_85,Sống khoẻ mỗi ngày,6 Thực Phẩm Chứa Insulin Tự Nhiên - Càng Ăn Đường Huyết Càng Ổn! #songkhoemoingay #songkhoe #suckhoe #tieuduong #tieuduongtuyp2 ,40700,514,insulin tiểu đường,2026-01-12T18:25:44+07:00,1M32S
7572918279170444562,https://www.tiktok.com/@hoi.insulin/video/7572918279170444562,hoi.insulin,Hội Insulin,Kháng insulin là gì? #khanginsulin #giảmmỡ #giamcan #giammobungduoi #tieuduong ,5822,119,insulin tiểu đường,2025-11-15T18:50:41+07:00,2M55S
7622172530316496135,https://www.tiktok.com/@thuc.nam.min.ty/video/7622172530316496135,thuc.nam.min.ty,THUỐC NAM MIỀN TÂY,ĐƯỜNG CAO BAO NHIÊU CŨNG GIẢM NHA CÔ BÁC #insulin #tieuduong #63tiengiang #mientay #xuhuong ,2373,20,insulin tiểu đường,2026-03-28T12:22:23+07:00,21S
7619649058004667664,https://www.tiktok.com/@tai.nutrition.tieu.duong/video/7619649058004667664,tai.nutrition.tieu.duong,Tài nutrition tiểu đường,B61. 5 Loại CỦ Là THẦN DƯỢC Giúp TĂNG Độ NHẠY INSULIN #tieuduong #tieuduongtuyp2 #daithaoduongtuyp2 #videoviral,1611,52,insulin tiểu đường,2026-03-23T11:30:00+07:00,1M51S
7615994837724138773,https://www.tiktok.com/@chang.mi7579/video/7615994837724138773,chang.mi7579,Chang Mi,3 Tips Hạ Đường Huyết Nhanh & Ổn Định Lâu Dài #duonghuyet #tieuduong #insulin #khanginsulin #suckhoe  ,9294,417,insulin tiểu đường,2026-03-11T20:49:47+07:00,2M17S
7450340718561856775,https://www.tiktok.com/@kien.shop.98/video/7450340718561856775,kien.shop.98,"Phụ Kiên Camera, Ship",5 loại thực phẩm chứa Insulin tự nhiên tốt cho người tiểu đường #hevisure #tieuduong #daithaoduong ,3940,56,insulin tiểu đường,2024-12-20T11:07:12+07:00,1M13S
7618057619537710357,https://www.tiktok.com/@nhuyduoclieu/video/7618057619537710357,nhuyduoclieu,Như Ý Dược Liệu,Cây insulin Nhật Tiểu đường hãy ăn ngay#chiasebaithuocdangian #chiasebaithuochay #tieuduong #kinhnghiemsong #suckhoe ,26000,304,insulin tiểu đường,2026-03-17T10:14:32+07:00,47S
7572202165901462791,https://www.tiktok.com/@hoi.insulin/video/7572202165901462791,hoi.insulin,Hội Insulin,3 cách giảm mức Insulin quá cao #khanginsulin #giảmmỡ #giamcan #giammobungduoi #tieuduong ,14100,323,insulin tiểu đường,2025-11-13T20:31:48+07:00,3M08S
7621722707108941074,https://www.tiktok.com/@ds.songkhoe/video/7621722707108941074,ds.songkhoe,ds.songkhoe,Trả lời @ngahuynh99 Kháng insulin rồi làm gì để cải thiện #suckhoe #tieuduong #insulin #songkhoe247 #khanginsulin ,579,7,insulin tiểu đường,2026-03-27T07:16:52+07:00,53S
7564703600753134855,https://www.tiktok.com/@nhuyduoclieu/video/7564703600753134855,nhuyduoclieu,Như Ý Dược Liệu,Trả lời @user1b5vtwrsa1chậu giống inuslin nhật ổn định đường tuyệt vời#tieuduong #sức_khỏe_là_vàng ,13000,112,insulin tiểu đường,2025-10-24T15:33:34+07:00,58S
7505097551557725445,https://www.tiktok.com/@dominonguyen1/video/7505097551557725445,dominonguyen1,Domino Nguyễn,Hướng dẫn điều dưỡng dùng Insulin #insulin#tieuduong#dieuduong#chamsoc,46300,1759,insulin tiểu đường,2025-05-17T00:31:39+07:00,4M51S
7493889404226833682,https://www.tiktok.com/@bscuong.timmach/video/7493889404226833682,bscuong.timmach,Bác sĩ Cường Tim Mạch,"Tiêm insulin đúng giúp người bệnh: Kiểm soát đường huyết ổn định, ngăn biến chứng. Giảm nguy cơ hạ hoặc tăng đường huyết đột ngột. Tăng hiệu quả điều trị, tránh lãng phí insulin. Hạn chế tổn thương da, viêm mô do tiêm sai kỹ thuật. #xuhuong #bacsicuongtimmach ",18800,203,insulin tiểu đường,2025-04-16T19:38:17+07:00,3M53S
7535454033281060103,https://www.tiktok.com/@mommyrio.linhthuy/video/7535454033281060103,mommyrio.linhthuy,Mommy Rio (Linh Thuỳ),Các mom bị TĐTK được chỉ định t💉 insulin thì một ngày t.iêm bao nhiêu đơn vị vậy? #mebauthongthai #tieuduongthaiki #maytesttieuduong #maydotieuduong #mevabe ,26600,191,insulin tiểu đường,2025-08-06T19:50:15+07:00,2M03S
7622233263691681040,https://www.tiktok.com/@thaoduocritado/video/7622233263691681040,thaoduocritado,Lương Y Nguyễn Công Đức,Trả lời Trường’s đường con về 5.8 rồi bây giờ con uống như thế nào ạ ##bepharin##tieuduong##daithaoduong##insulin##nguyencongduc,242,7,insulin tiểu đường,2026-03-28T16:18:53+07:00,57S
7513982156599823623,https://www.tiktok.com/@mrs.kim596/video/7513982156599823623,mrs.kim596,MRS KIM PROWELLNESS,Thế nào là tiểu đường không phục thuộc insulin? #suckhoe247 #khanginsulin #tieuduongtuyp2 #momau #timmach #roiloanchuyenhoa #kimthoa #gannhiemmo #mrskim #learnontiktok #nhinangiandoan ,9942,245,insulin tiểu đường,2025-06-09T23:08:26+07:00,2M11S
7314236672466586898,https://www.tiktok.com/@dsvtv_vlog/video/7314236672466586898,dsvtv_vlog,DSV TV,Hiểu về Insulin trong 1 phút - Bệnh Đái Tháo đường #duocsiviet #insulin #tieuduong,3260,37,insulin tiểu đường,2023-12-19T16:33:58+07:00,1M17S
7261233286662376706,https://www.tiktok.com/@caoxuantu.health/video/7261233286662376706,caoxuantu.health,Cao Xuân Tú,Trả lời @Tuấn Lê tại sao dư insulin bị tiểu đường type2 mà lại vẫn phải tiêm thêm? | #LearnOnTikTok #dinhdưỡnglànhmạnh #caoxuantu #loseweigth #metabolicBaCay #dinhduonghanhphuc #eatlikeBaCay #xuhuong #sốngkhoẻ247 #insulin #tieuduongvadaiduong #daithaoduong #type2diabetes ,11900,203,insulin tiểu đường,2023-07-29T20:33:46+07:00,3M21S
7364123433371782418,https://www.tiktok.com/@shop_diemchi/video/7364123433371782418,shop_diemchi,Shop Diễm Chi,Bút tiêm insulin #tieuduongtuyp2  #tieuduongtuyp1  #tieuduong #xuhuong #quattro ,30500,100,insulin tiểu đường,2024-05-02T03:00:07+07:00,3M28S
7522477393383132423,https://www.tiktok.com/@linhthietthaoduoc/video/7522477393383132423,linhthietthaoduoc,Thuốc Nam Gia Truyền 1984,Tại sao người Tiểu Đường nên uống trà Insulin ! #linhthiet84 #benhtieuduong #thaidocthan #cayinsulin #tratuiloc #tieuduong ,84400,357,insulin tiểu đường,2025-07-02T20:34:17+07:00,1M11S
7314486827560324353,https://www.tiktok.com/@dsvtv_vlog/video/7314486827560324353,dsvtv_vlog,DSV TV,Insulin - Con dao 2 lưỡi #duocsiviet #insulin #tieuduong,369,10,insulin tiểu đường,2023-12-20T08:44:51+07:00,53S
7621848859500662036,https://www.tiktok.com/@quynhnga3994/video/7621848859500662036,quynhnga3994,Sức khỏe là vàng 3994,12 dấu hiệu cho thấy bạn đang bị kháng insulin ngay cả khi đường huyết bình thường #suckhoe #duonghuyet #tieuduong#insulin #cothebanchuabiet ,1520,12,insulin tiểu đường,2026-03-27T15:26:24+07:00,2M07S
7467133670717934855,https://www.tiktok.com/@hung_tieu_duong/video/7467133670717934855,hung_tieu_duong,TIỂU ĐƯỜNG VIỆT NAM,3 nguyên tắc đơn giản để phòng tránh tiểu đường #tieuduong #khanginsulin #roiloanchuyenhoa #chatxo #slim ,168600,2765,insulin tiểu đường,2025-02-03T17:12:24+07:00,2M54S
7621951430752079121,https://www.tiktok.com/@glutex_giam_duong_huyet/video/7621951430752079121,glutex_giam_duong_huyet,Y học Đái Tháo Đường,Vì sao người tiểu đường hay buồn ngủ sau ăn? #glutex #tieuduong #daithaoduong #insulin #duonghuyet,261,10,insulin tiểu đường,2026-03-27T22:04:58+07:00,1M04S
7461766541520932104,https://www.tiktok.com/@dr_icu/video/7461766541520932104,dr_icu,Dr ICU,Cập nhật về Insulin Trong điều trị Đái tháo đường #insulin #daithaoduong #noitiettonuaau #toanketon #hhs #capcuu #copd #hen #dka #hohap #nhikhoa #tietnieu #daimau #ppi #antacids #tiêuhoa #viemphoi #hscc #budich #hoisuctichcuc #ngodoc #thuocgayte #phanve,51700,2058,insulin tiểu đường,2025-01-20T11:20:00+07:00,26M37S
7579154506303212818,https://www.tiktok.com/@trang.hiu.insulin/video/7579154506303212818,trang.hiu.insulin,Trang thon thả,Cơ thể bạn đang làm điều này mỗi lần ăn mà bạn không hề biết… 🍽️➡️🩸 #TranghieuInsulin  #khanginsulin  #tieuduong ,737,16,insulin tiểu đường,2025-12-02T14:10:26+07:00,1M22S
7622098241907182865,https://www.tiktok.com/@suckhoelavang_01/video/7622098241907182865,suckhoelavang_01,Sức Khỏe Là Vàng,Tiểu Đường Cây Insulin Ấn Độ Giống Trà Cây Insulin Ấn Độ#tratieuduong #tieuduongvadaiduong #trainsulin #trainsulinando #tieuduong ,54,1,insulin tiểu đường,2026-03-28T07:34:55+07:00,53S
7622215837793013013,https://www.tiktok.com/@dsyen/video/7622215837793013013,dsyen,Dược sĩ Yến,90% người tiểu đường không biết có 3 loại hạt “vàng” này giúp đường ổn định hơn mỗi ngày #duocsiyen #tieuduongtuyp2 #ondinhduonghuyet #hat #insulin ,425,11,insulin tiểu đường,2026-03-28T15:10:35+07:00,6M05S
7598203382028963090,https://www.tiktok.com/@duocsian8/video/7598203382028963090,duocsian8,Dược sĩ An,"Insulin là "" Nguồn sống của người tiểu đường tuýp 1. #suckhoe #duocsian #tieuduong #tieuduongtuyp1 ",351,9,insulin tiểu đường,2026-01-22T22:09:48+07:00,1M09S
7573520827941981458,https://www.tiktok.com/@nhuyduoclieu/video/7573520827941981458,nhuyduoclieu,Như Ý Dược Liệu,"Trả lời @user29306356170291Cây thài lài nhật, insulin nhật giúp ổn định đường hay #tieuduong #thailainhat #sứckhỏe ",115200,920,insulin tiểu đường,2025-11-17T09:48:56+07:00,1M03S
7622097034413182225,https://www.tiktok.com/@suckhoelavang_01/video/7622097034413182225,suckhoelavang_01,Sức Khỏe Là Vàng,Cây Insulin Ấn Độ Chuẩn Giống Dành Cho Ai Bị Cao Đường Huyết #tieuduong #trainsulinando #trainsulin #tieuduongvadaiduong #tratieuduong ,797,9,insulin tiểu đường,2026-03-28T07:30:25+07:00,1M19S
7615165784389602568,https://www.tiktok.com/@taphoaletuyen/video/7615165784389602568,taphoaletuyen,Tạp Hoá Lệ Tuyền,Trà cây insulin Ấn Độ cho người tiểu đường #trainsulinando #benhtieuduong ,232,2,insulin tiểu đường,2026-03-09T15:12:38+07:00,35S
7458155318644641032,https://www.tiktok.com/@hung_tieu_duong/video/7458155318644641032,hung_tieu_duong,TIỂU ĐƯỜNG VIỆT NAM,"Slim có tác dụng ổn định đường huyết, giảm mỡ cơ thể hay không? #tieuduong #khanginsulin #slim #nguyennhantieuduong ",1460,21,insulin tiểu đường,2025-01-10T12:31:48+07:00,2M55S
7622095007389879568,https://www.tiktok.com/@suckhoelavang_01/video/7622095007389879568,suckhoelavang_01,Sức Khỏe Là Vàng,Cây Insulin Ấn Độ Giống #tieuduongvadaiduong #trainsulin #tieuduong #trainsulinando #tieuduong ,308,4,insulin tiểu đường,2026-03-28T07:22:24+07:00,1M02S
7611095202547191048,https://www.tiktok.com/@trainsulinando/video/7611095202547191048,trainsulinando,TRÀ INSULIN HỔ TRỢ TIỂU ĐƯỜNG,Trà Insulin ấn độ hổ trợ đường huyết #tracayinsulinando #trainsulinando #tieuduong #tientieuduong ,884,6,insulin tiểu đường,2026-02-26T15:56:41+07:00,15S
7532486697326628103,https://www.tiktok.com/@yduoctv/video/7532486697326628103,yduoctv,Y Dược TV,Cơ chế insulin hạ đường huyết @Y Dược TV - Sinh Viên Dược  #yduoctv #sotaycatlieutreem #duocsi #sotayduocsi #duocsithuctap #catlieuthuoctay #sotayyduoctv #insulin #khanginsulin ,9177,183,insulin tiểu đường,2025-07-29T19:55:32+07:00,3M15S
7451240691855936776,https://www.tiktok.com/@nhi.ha.145/video/7451240691855936776,nhi.ha.145,Hà Nhi Đúc Rãnh 11,Người ta bị tiểu đường ngta buộc phải tiêm insulin. Đây lại còn có mẹ đi bán que tiêm Insulin cho cả người bình thường. Thế mà cũng ào ào người vào hỏi mua. Ảo thật sự! #giamcan #PCOS #daunangbuongtrung #giamcanPCOS #chedoanPCOS #khanginsulin ,4660,42,insulin tiểu đường,2024-12-22T21:19:32+07:00,1M38S
7622273496789421333,https://www.tiktok.com/@phng.nai11/video/7622273496789421333,phng.nai11,Phương ĐNai,cây thài lài tím hỗ trợ tiểu đường #caythuocvuonnha #tieuduong #cayinsulin ,36,4,insulin tiểu đường,2026-03-28T18:54:20+07:00,1M00S
7547167086435421441,https://www.tiktok.com/@metaptho/video/7547167086435421441,metaptho,Mẹ Tập Thở,Dùng Insulin sau 30 ngày và hơi hoang mang nhẹ 😅#insulin #tdtk #sharing #tiktok #mebau ,112600,577,insulin tiểu đường,2025-09-07T09:23:24+07:00,12S
7609988487768509714,https://www.tiktok.com/@dc.s.ngt.cha.lnh/video/7609988487768509714,dc.s.ngt.cha.lnh,Dược Sĩ Ngát,5 DẤU HIỆU BẠN DƯ QUÁ NHIỀU ĐƯỜNG TRONG CƠ THỂ. Người tiểu đường type2 và người kháng insulin nhất định biết điều này  #dượcsĩngát #khanginsulin #tieuduongtype2,3717,85,insulin tiểu đường,2026-02-23T16:22:07+07:00,2M02S
7610315662677822741,https://www.tiktok.com/@chatluong247/video/7610315662677822741,chatluong247,Chất Lượng 247,90% Người Tiểu Đường Đang Hiểu Sai Về Insulin — Bạn Có Phải Một Trong Số Đó? #tieuduong #chatluong247,6350,56,insulin tiểu đường,2026-02-24T13:31:45+07:00,1M44S
7602837597659909397,https://www.tiktok.com/@honginsulin/video/7602837597659909397,honginsulin,Hồng Insulin,"5 cách giúp U40 tụt mỡ không phanh, đảo ngược kháng insulin #insulinresistance #tieuduong #hongnguyen #giammo #khanginsulin ",361,9,insulin tiểu đường,2026-02-04T09:52:59+07:00,16S
7559907232322931986,https://www.tiktok.com/@dsmonghuynh/video/7559907232322931986,dsmonghuynh,DƯỢC TỪ TÂM HUYNH,đừng bỏ qua trà insulin Ấn Độ #tieuduong #bienchungtieuduong #trainsulinando #cayinsulinando #duoctutammomghuynh ,14100,139,insulin tiểu đường,2025-10-11T17:21:11+07:00,58S
7587965097260223762,https://www.tiktok.com/@ngochuynh.trainsulin/video/7587965097260223762,ngochuynh.trainsulin,Ngọc Huỳnh Shop 83,Bác sĩ Mi Là Nguyễn đã làm việc nhiều năm với người tiểu đường #tieuduongvadaiduong #tieuduongtuyp1 #tieuduongtuyp2 #tracayinsulinando #xuhuongtiktok2025 ,167,4,insulin tiểu đường,2025-12-26T08:00:08+07:00,3M00S
7622099986955668737,https://www.tiktok.com/@cayinsulinando/video/7622099986955668737,cayinsulinando,Cây Insulin Ấn Độ(Tiểu Đường)✅,Cây Insulin Ấn Độ Giống Trà Cây Insulin Ấn Độ dành cho tiểu đường #tieuduongvadaiduong #tieuduong #tieuduongtuyp2 #cayinsulingiong #tratieuduong ,241,7,insulin tiểu đường,2026-03-28T07:41:44+07:00,1M30S
7502630932747160850,https://www.tiktok.com/@suckhoevang90/video/7502630932747160850,suckhoevang90,suckhoevang90,"**“Cuốn sách này đã thay đổi cách mình nhìn về tiểu đường. Không phải chỉ do ăn ngọt. Không phải bệnh suốt đời. Mà là do cơ thể đã quá tải insulin – và hoàn toàn có thể phục hồi. Mình chia sẻ lại, vì biết có nhiều người cũng đang cần như mình từng cần.”** #xuhuong #tieuduong #daithaoduong #tieuduongvadaiduong #matmatieuduong #suckhoe #suckhoechomoinguoi #bienchungtieuduong  @suckhoevang90  @suckhoevang90  @suckhoevang90 ",739,10,insulin tiểu đường,2025-05-10T08:59:56+07:00,31S
7567038735494204690,https://www.tiktok.com/@thaotrekhoedep/video/7567038735494204690,thaotrekhoedep,Thảo Đảo Ngược Tiểu Đường,"Tiểu đường, 3 bước để dảo ngược tiểu đường #tieuduong #khanginsulin #tieuduongvietnam ##tiktokviral #tieuduongtype2 ",620,8,insulin tiểu đường,2025-10-30T22:35:03+07:00,4M03S
7589165189354786068,https://www.tiktok.com/@thanhxuan40tuoi/video/7589165189354786068,thanhxuan40tuoi,Như Hoa tuổi 40,"Bảo vệ độ nhạy của insulin, giúp bạn phòng bệnh, giữ dángg nhàn tênh #khanginsulin #roiloanchuyenhoa #giammo #tieuduong #viralvideo ",619000,15700,insulin tiểu đường,2025-12-29T13:37:03+07:00,5M27S
7539949189678124295,https://www.tiktok.com/@tracayinsulinando/video/7539949189678124295,tracayinsulinando,TRÀ CÂY INSULIN ẤN ĐỘ,Đường từ 140 hạ xuống 90 quá tuyệt vời #tieuduongtuyp2 #tieuduong #insulin #tieuduongvadaiduong #trainsulinando #trainsulinando1 ,87100,469,insulin tiểu đường,2025-08-18T22:33:47+07:00,1M23S
7617117282241711367,https://www.tiktok.com/@tranglhong6/video/7617117282241711367,tranglhong6,Trang kháng insulin,Làm tăng insulin mạnh có phải do ăn ngọt? Ai kháng insulin nghe hết nhé ạ #khanginsulin #roiloanchuyenhoa #insulin #roiloanchuyenhoa #videoviralシ ,841700,14900,insulin tiểu đường,2026-03-14T21:25:28+07:00,4M49S
7457784971588046098,https://www.tiktok.com/@dshangdinhduong/video/7457784971588046098,dshangdinhduong,Dược sĩ Hằng,"Nước uống giúp giảm đường, giảm đề kháng insulin cho người Tiểu Đường  ##dshangtieuduong88 #dshang #duocsihangtieuduong #tieuduong #tieuduongtuyp2 #dinhduongtieuduong #tieuduongangi #bienchungtieuduong #suckhoe247",138900,2094,insulin tiểu đường,2025-01-09T12:34:41+07:00,1M12S
7614350046372367634,https://www.tiktok.com/@nenkhanginsulin/video/7614350046372367634,nenkhanginsulin,Nền Kháng Insulin,90% tăng insulin do ăn ngọt đúng không?#khánginsulin #tiểuđường,28200,376,insulin tiểu đường,2026-03-07T10:27:07+07:00,5M12S
7620974944351980821,https://www.tiktok.com/@kimanhcanxicomnb/video/7620974944351980821,kimanhcanxicomnb,DƯỢC SĨ KIM ANH,#4 cách đơn giản giảm kháng insulin tức thời  #duocsikimanh  #roiloanchuyenhoa  #khanginsulin  #tieuduongvadaiduong ,888,32,insulin tiểu đường,2026-03-25T06:55:23+07:00,3M00S
7614681574512037140,https://www.tiktok.com/@duocsi_4.0/video/7614681574512037140,duocsi_4.0,Dược sĩ_4.0,💉Bạn có chắc mình tiêm insulin đúng không? #duocsi40 #insulin #tieuduong #viralvideo #fyp ,507,18,insulin tiểu đường,2026-03-08T07:53:50+07:00,1M08S
7369911509855571208,https://www.tiktok.com/@bstamnoitiet/video/7369911509855571208,bstamnoitiet,BS TÂM NỘI TIẾT,Tiểu đường thai kỳ khi nào cần ti.êm insulin? #bstamnoitiet #tieuduongthaiki #tieuduong #mebau #mebauthongthai ,71200,770,insulin tiểu đường,2024-05-17T17:20:45+07:00,1M53S
7258274329849384198,https://www.tiktok.com/@caoxuantu.health/video/7258274329849384198,caoxuantu.health,Cao Xuân Tú,Những điều chưa ai nói với bạn về insulin | #LearnOnTikTok #dinhdưỡnglànhmạnh #caoxuantu #metabolicBaCay #loseweigth #dinhduonghanhphuc #eatlikeBaCay #sốngkhoẻ247 #carbohydrates #insulin ,72300,1583,insulin tiểu đường,2023-07-21T21:11:27+07:00,3M42S
7575027867159989512,https://www.tiktok.com/@hien_thich_eodep/video/7575027867159989512,hien_thich_eodep,Hiền Insulin& PCos,3 cách giảm kháng insulin đơn giản #khanginsulin #giamcan #tieuduongtuyp2 #chamsocsuckhoechudong #phunudep ,345500,6321,insulin tiểu đường,2025-11-21T11:16:59+07:00,3M05S
7620449192128957717,https://www.tiktok.com/@thaoeo59hetkhanginsulin/video/7620449192128957717,thaoeo59hetkhanginsulin,Thảo eo 59 hết kháng insulin,Cách tốt nhất để bụng bé dần và isl nhạy trở lại #khanginsulin #tieuduongtuyp2 #chamsocsuckhoechudong # #pcos #thaoeo59hetkhanginsulin ,2638,40,insulin tiểu đường,2026-03-23T20:55:01+07:00,1M37S
7474944499991514375,https://www.tiktok.com/@thieutaidinhduong.com/video/7474944499991514375,thieutaidinhduong.com,Thiều Tài,công thức giảm lượng trong máu nhanh từ cây insulin mà nhiều người không biết#daithaoduongthaiky#tieuduongvadaithaoduong#daithaoduongtuyp#tieuduongtuyp2#daithaoduongtuyp2#thieutai#sứckhoetieuduong#tieuduongtuyp1#tieuduongtuyp1vatuyp2#kiemsoatduonghuyet#dieutritieuduong#tieuduongnenuonggidegiamduonghuyet#câyinsulin#câyinsulintuoi#suckhoe#,145000,2491,insulin tiểu đường,2025-02-24T18:22:24+07:00,1M31S
7605905166486768914,https://www.tiktok.com/@suckhoedinhcao/video/7605905166486768914,suckhoedinhcao,Hằng mami eo 58,"MUA 2 ĐƯỢC 3 dòng xơ trước ăn giúp tóm đường và mỡ, cải thiện kháng insulin! Anh chị em tranh thủ ra Tết cái có thể bắt đầu chương trình cân bằng chuyển hóa luôn! ##khanginsulin##canbangchuyenhoa##hangmamieo58##suckhoechuyenhoa##pcos",15600,79,insulin tiểu đường,2026-02-12T16:16:39+07:00,1M06S
7475969618192928007,https://www.tiktok.com/@thieutaidinhduong.com/video/7475969618192928007,thieutaidinhduong.com,Thiều Tài,lá cây insulin giúp giảm đường huyết và cải thiện biến chứng đã có ở việt nam nhiều người không biết!#daithaoduongthaiky#tieuduongvadaithaoduong#daithaoduongtuyp#tieuduongtuyp2#daithaoduongtuyp2#thieutai#sứckhoetieuduong#tieuduongtuyp1#tieuduongtuyp1vatuyp2#kiemsoatduonghuyet#dieutritieuduong#tieuduongnenuonggidegiamduonghuyet#câyinsulin#câyinsulintuoi#tracayinsulin#suckhoe#,92700,1261,insulin tiểu đường,2025-02-27T12:40:21+07:00,1M39S
7561000515862154503,https://www.tiktok.com/@dr.minh.duy/video/7561000515862154503,dr.minh.duy,Dr Minh duy,Người tiểu đường nhất định phải biết tới quả này #trending  #xuhuong  #suckhoechomoinguoi  #xuhuongtiktok  #drduy ,395500,13900,insulin tiểu đường,2025-10-14T16:03:42+07:00,54S
7612481653662829832,https://www.tiktok.com/@chamsocsuckhoemoingay2/video/7612481653662829832,chamsocsuckhoemoingay2,CHĂM SÓC SỨC KHOẺ MỖI NGÀY,trà insulin hổ trợ đường huyết #insulin #trainsulinando #tieuduong ,570,3,insulin tiểu đường,2026-03-02T09:36:50+07:00,15S
7622167418567134482,https://www.tiktok.com/@hoangthuong_khoedep/video/7622167418567134482,hoangthuong_khoedep,Hoang Thuong Khoe Dep,90% người tiểu đường không biết 4 cách cắt kháng Insulin cực nhanh... #tieuduongtuyp2  #HbA1c  #khanginsulin  #daithaoduong  #HoangThuongkhoedep ,542,14,insulin tiểu đường,2026-03-28T12:02:35+07:00,2M39S
7622095958796537105,https://www.tiktok.com/@cayinsulinando/video/7622095958796537105,cayinsulinando,Cây Insulin Ấn Độ(Tiểu Đường)✅,Cây Insulin Ấn Độ Giống #tratieuduong #cayinsulingiong #tieuduongtuyp2 #tieuduong #tieuduongvadaiduong ,764,9,insulin tiểu đường,2026-03-28T07:26:20+07:00,1M07S
7586141461104626965,https://www.tiktok.com/@tracayinsulinando68/video/7586141461104626965,tracayinsulinando68,Bùi Minh cảnh,Cách pha trà như thế nào #suckhoe #xuhuongtiktok #tieuduong #tracayinsulin #minhcanh ,6027,62,insulin tiểu đường,2025-12-21T10:03:27+07:00,1M22S
7616354135041936661,https://www.tiktok.com/@ly.insulin/video/7616354135041936661,ly.insulin,Ly eo 59,"Ba mẹo đơn giản hạ đường huyết tức thời, cải thiện kháng insulin #LyChuyenHoa  #KhangInsulin #GiamMoAnToan #tieuduong #khoedeptugoc    ",3861,79,insulin tiểu đường,2026-03-12T20:04:03+07:00,2M59S
7306091361852247298,https://www.tiktok.com/@hoangphuongvtc/video/7306091361852247298,hoangphuongvtc,MC Hoàng Phương VTC,Cách tính chỉ số kháng insulin có vượt ngưỡng. #learnontiktok #suckhoe247 #giamcan #giammo #hoangphuong #tieuduong #khanginsulin ,31600,502,insulin tiểu đường,2023-11-27T17:46:00+07:00,1M35S
7538034442368060679,https://www.tiktok.com/@nguyenoanh.dongy/video/7538034442368060679,nguyenoanh.dongy,ĐÔNG Y OANH NGUYỄN,Có 5 dấu hiệu này là bệnh tiểu đường nặng rồi cô chú nhé. #dongyoanhnguyen  #xuhuong2025  #benhtieuduong  #tieuduongtuyp2  #tracayinsulin ,328200,2349,insulin tiểu đường,2025-08-13T18:43:35+07:00,1M21S
7568454049264192776,https://www.tiktok.com/@lamngoananngonkhongbeoo/video/7568454049264192776,lamngoananngonkhongbeoo,Ngoan yêu sức khoẻ,"Insulin là gì? Và tại sao nó lại có thể khiến chị em U40,50 dễ bị tích mỡ bụng #nhinangiandoan #nhinangiandoan168 #thucdongiamcan #insulin #suckhoe ",2389,43,insulin tiểu đường,2025-11-03T18:07:14+07:00,1M11S
7607247369977056513,https://www.tiktok.com/@drdiepdung/video/7607247369977056513,drdiepdung,Dr Diệp Dung Store,Dấu Hiệu Kháng Insulin Rất Phổ Biến Khiến Cho Nhiều Người Nhầm Lẫn! |BsDiệpDung #duonghuyet #tieuduong,280,2,insulin tiểu đường,2026-02-16T07:25:00+07:00,11S
7618552859910540565,https://www.tiktok.com/@tranglhong6/video/7618552859910540565,tranglhong6,Trang kháng insulin,Hướng dẫn bữa ăn trưa cho người kháng insulin và tiểu đường #khanginsulin #roiloanchuyenhoa #insulin #ondinhduonghuyet #videoviralシ ,6362,97,insulin tiểu đường,2026-03-18T18:16:13+07:00,4M13S
7561359596116249874,https://www.tiktok.com/@tracayinsulinando3/video/7561359596116249874,tracayinsulinando3,TRÀ CÂY INSULIN ẤN ĐỘ .,Tra insulin cho người tiểu đường#tracayinsulinando  #trainsulinando #tieuduongtuyp2 #KiemSoatTieuDuong #tieuduongtuyp3 #tieuduongvadaiduong #tieuduongtype2t #tiểuduongthaiky #tieuduong,65700,347,insulin tiểu đường,2025-10-15T15:17:06+07:00,30S
7619324548340911381,https://www.tiktok.com/@cutebentre/video/7619324548340911381,cutebentre,Thiên Ý,Giống Cây Insulin Nhật Hỗ Trợ Giảm Tiểu Đường #xuhuong #xuhuong # #giongcayinsulinnhat #,3468,51,insulin tiểu đường,2026-03-20T20:10:44+07:00,14S
7555362214723505429,https://www.tiktok.com/@kienthuc.dieuduong_115/video/7555362214723505429,kienthuc.dieuduong_115,Góc điều dưỡng,Từ UI đến ml trong vài giây: học cách tính insulin dễ dàng #dieuduong #nursing #kienthucdieuduong #hocycogivui👩🏻‍⚕️💙 #insulin  @Góc điều dưỡng ,107100,2769,insulin tiểu đường,2025-09-29T11:24:12+07:00,22S
7621180845285575956,https://www.tiktok.com/@ngockhanginsulin768/video/7621180845285575956,ngockhanginsulin768,Ngockhanginsulin768,4 món ăn gây tăng insulin manh nhất mà chúng ta thường ăn hàng ngày #khanginsulin #roiloanchuyenhoa #Insulin #videoviral #Ngockhanginsulin768 ,34100,392,insulin tiểu đường,2026-03-25T20:14:09+07:00,3M45S
7527525871356235015,https://www.tiktok.com/@nguyenoanh.dongy/video/7527525871356235015,nguyenoanh.dongy,ĐÔNG Y OANH NGUYỄN,Bệnh tiểu đường mà không biết đến loại rau này thì phí vô cùng luôn  Cô chú xem video em chia sẻ nha #dongyoanhnguyen  #xuhuong2025  #benhtieuduong  #tieuduong #cayinsulin,193900,9125,insulin tiểu đường,2025-07-16T11:04:58+07:00,1M29S
7547344094297672974,https://www.tiktok.com/@sam.m.vn/video/7547344094297672974,sam.m.vn,MY VÂN,Uống trà insulin ấn độ có bỏ thuốc tây đc ko #tieuduong #tieuduongtuyp1 #tieuduongtuyp2 #xuhuongtiktok2025 #shop_my_van ,5667,90,insulin tiểu đường,2025-09-07T20:50:46+07:00,1M48S
7611167819140467976,https://www.tiktok.com/@lekimhung2610/video/7611167819140467976,lekimhung2610,Hưng Hiểu Mỡ,Trả lời @Thanh Trương top đồ uống giúp xepbung sau Tết #lekimhung #khanginsulin #suckhoe ,58500,825,insulin tiểu đường,2026-02-26T20:38:26+07:00,23S
7553295363701083413,https://www.tiktok.com/@mc.thu.hoi/video/7553295363701083413,mc.thu.hoi,@mc thu Hoài,Trà cây insulin ấn độ dành cho người tiểu đường #tracayinsulinando #trainsulinando #tieuduongtuyp2 #KiemSoatTieuDuong #tieuduongtuyp3 ,7360,45,insulin tiểu đường,2025-09-23T21:43:48+07:00,39S
7578877278264839431,https://www.tiktok.com/@yeucotheminhh/video/7578877278264839431,yeucotheminhh,Yêu Cơ Thể Mình,Những dấu hiệu nhận biết cơ thể đang kháng Insulin #tieuduong #khanginsulin #kienthucsuckhoe #suckhoe #yeucotheminh ,6753,169,insulin tiểu đường,2025-12-01T20:14:38+07:00,2M24S
7598400880970435860,https://www.tiktok.com/@tracayinsulinando/video/7598400880970435860,tracayinsulinando,TRÀ CÂY INSULIN ẤN ĐỘ,Phản hồi khách tiểu đường 9 năm #tracayinsulinando #trainsulinando #tieuduongtuyp2 #KiemSoatTieuDuong #tieuduongtuyp3 ,146500,642,insulin tiểu đường,2026-01-23T10:56:19+07:00,1M39S
7610438925315738901,https://www.tiktok.com/@duocsi.them/video/7610438925315738901,duocsi.them,Dược Sĩ Thềm,Tiểu đường ăn chuối xanh đúng cách giúp ổn định đường và cải thiện độ nhạy của insulin. #chuoi #tieuduong #daithaoduong #duocsithem #xuhuongtiktok ,42100,440,insulin tiểu đường,2026-02-24T21:29:58+07:00,3M07S
7616310319731936532,https://www.tiktok.com/@bsnamnoitiet/video/7616310319731936532,bsnamnoitiet,Bác sĩ Nam nội tiết,"Từ đâu mà kháng insulin đến, từ đâu mà t.i.ể.u đường ghé thăm. #xuhuong #bsnamnoitiet #tieuduong #momau #daithaoduong ",12000,147,insulin tiểu đường,2026-03-12T17:14:07+07:00,2M04S
7312741642618850578,https://www.tiktok.com/@nhanlucnhantai/video/7312741642618850578,nhanlucnhantai,Nhân Lực Nhân tài Việt,Cha đẻ ‘thần dược’ Insulin người cứu nhân loại khỏi ‘án tử’ tiểu đường #nlntv #thanduoc #thanduocInsulin #canbenhtieuduong #nhakhoahoc #FrederickBanting,22200,574,insulin tiểu đường,2023-12-16T18:00:00+07:00,1M40S
7592158244378840341,https://www.tiktok.com/@nguyenduyen.save10/video/7592158244378840341,nguyenduyen.save10,Duyen reset,Trả lời @Ngô Văn Thương đây chính là gói chất xơ hoà tan giúp kiểm soát ổn định đường máu #videoviral #giammobung #khanginsulin #tieuduong ,14600,100,insulin tiểu đường,2026-01-06T15:11:43+07:00,2M10S
7590778815433968914,https://www.tiktok.com/@lekimhung2610/video/7590778815433968914,lekimhung2610,Hưng Hiểu Mỡ,Trả lời @Thanh hiền cách cải thiện kháng insulin #giammo #giamcan #khanginsulin #lekimhung ,430700,9436,insulin tiểu đường,2026-01-02T21:58:44+07:00,2M08S
7621545798668537108,https://www.tiktok.com/@giaicuuxuongkhop/video/7621545798668537108,giaicuuxuongkhop,SỨC KHỎE TỪ VI CHẤT,"Anh ""xe ôm công nghệ"" insulin hoạt động như thế nào? #tieuduong #uocduoclenxuhuong #suckhoetuvichat ",322,4,insulin tiểu đường,2026-03-26T19:50:25+07:00,35S
7281140103433440519,https://www.tiktok.com/@caroline_trannhung/video/7281140103433440519,caroline_trannhung,CarolineTran,Bài kiểm tra Test INSULIN ngay tại nhà 🆘🆘🆘#insulin #giammo #giamcan #giamcanantoan ,4694,55,insulin tiểu đường,2023-09-21T12:02:20+07:00,2M40S
7592226305395920136,https://www.tiktok.com/@tranglhong6/video/7592226305395920136,tranglhong6,Trang kháng insulin,4 món ăn gây tăng insulin mạnh nhất mà chúng ta thường ăn hàng ngày #khanginsulin #roiloanchuyenhoa #insulin #tieuduong #videovirall ,364800,5279,insulin tiểu đường,2026-01-06T19:35:42+07:00,3M12S
7520640706298268935,https://www.tiktok.com/@ngalinh_dongy/video/7520640706298268935,ngalinh_dongy,Ngalinhdongy,công thức sử dụng trà cây insulin #tieuduong #ngalinhdongy ,1316,21,insulin tiểu đường,2025-06-27T21:47:00+07:00,1M55S
7581121082338430215,https://www.tiktok.com/@trangnguyensuanon1/video/7581121082338430215,trangnguyensuanon1,Trang kéo đường.,Tự kiểm tra kháng insulin tại nhà. #HuyenTrangNguyen  #KhangInsulin  #TieuDuong  #GiamMo  #GiamCan ,639,16,insulin tiểu đường,2025-12-07T21:21:45+07:00,1M44S
7596667131253525768,https://www.tiktok.com/@tranglhong6/video/7596667131253525768,tranglhong6,Trang kháng insulin,90% tăng insulun không phải vì ăn ngọt #khanginsulin #roiloanchuyenhoa #insulin #ondinhduonghuyet #videoviralシ ,444800,6522,insulin tiểu đường,2026-01-18T18:48:22+07:00,4M20S
7617477626235489556,https://www.tiktok.com/@ly.insulin/video/7617477626235489556,ly.insulin,Ly eo 59,"Thay vì ăn sáng, hãy ănmỡ của chính mình, để kích hoạt được cơ chế đốtmỡ tự thân, cải thiện kháng insulin #LyChuyenHoa  #KhangInsulin #GiamMoAnToan #tieuduong #khoedeptugoc    ",99800,1168,insulin tiểu đường,2026-03-15T20:43:48+07:00,3M23S
7220416623348370715,https://www.tiktok.com/@vinhgiamcankhoahoc/video/7220416623348370715,vinhgiamcankhoahoc,Vĩnh đốt mỡ,Trả lời @Longg tốt bụng 🍊🤡  Insulin thấp có thực sự biến cơ thể trở thành cỗ máy đốt mỡ #insulin #giamcan #giảmmỡ #leducvinh2609 #fatloss #dcgr #nhinangiandoan4412 ,5186,76,insulin tiểu đường,2023-04-10T20:44:20+07:00,58S
7553583366747082000,https://www.tiktok.com/@quangthoritado/video/7553583366747082000,quangthoritado,Thầy Nguyễn Công Đức,Trả lời @Nguyen Tuan32625 bao nhiêu 1 lọ vậy bác #bepharin #tieuduong #daithaoduong #insulin #nguyencongduc ,5284,28,insulin tiểu đường,2025-09-24T16:21:33+07:00,44S
7539134995542183186,https://www.tiktok.com/@bsnamnoitiet/video/7539134995542183186,bsnamnoitiet,Bác sĩ Nam nội tiết,Tiêm insulin có làm tụy ch.et #education #learnontiktok #bsnamnoitiet #bsgiangnam #noitiet #insulin #songkhoemoingay ,64600,841,insulin tiểu đường,2025-08-16T17:54:17+07:00,1M39S
7499462933655735569,https://www.tiktok.com/@suckhoelavang_01/video/7499462933655735569,suckhoelavang_01,Sức Khỏe Là Vàng,Trà Insulin Ấn Độ hỗ trợ ổn định đường trong cơ thể. #trainsulin #tratieuduong #xuhuongtiktok #daithaoduong #tieuduong #xuhuong #suckhoe ,100200,797,insulin tiểu đường,2025-05-01T20:06:55+07:00,1M04S
7543048228372024577,https://www.tiktok.com/@cayinsulinando/video/7543048228372024577,cayinsulinando,Cây Insulin Ấn Độ(Tiểu Đường)✅,Cây insulin Ấn Độ giống #tieuduongvadaiduong #trainsulinando #tieuduong #trainsulintuiloc #insulinando @Sức Khỏe Là Vàng ,19800,185,insulin tiểu đường,2025-08-27T07:00:45+07:00,30S
7563564707114765586,https://www.tiktok.com/@luongphaminsulin/video/7563564707114765586,luongphaminsulin,Lương Phạm Insulin,Trả lời @Thuy75 3 tips hạ đường huyết ngay lập tức #luongphaminsulin #khanginsulin #glucose ,303400,10500,cách giảm đường huyết,2025-10-21T13:54:05+07:00,2M07S
7606196923250314497,https://www.tiktok.com/@glutex.11/video/7606196923250314497,glutex.11,Chuyên gia về Tiểu đường,5 cách giúp giảm đường huyết tại nhà hiệu quả #daithaoduong #tieuduong #duonghuyetcao #glutex #songkhoe,15100,239,cách giảm đường huyết,2026-02-13T11:09:01+07:00,2M39S
7530632469058440456,https://www.tiktok.com/@thieutaidinhduong.com/video/7530632469058440456,thieutaidinhduong.com,Thiều Tài,2 mẹo giảm đường huyết nhanh chóng sau ăn rất đơn giản nhiều người bỏ qua#daithaoduong#daithaoduongtuyp2#daithaoduongthaiky#tieuduongtype1#tieuduongtype2#thieutai#meohaduonghuyet#cachgiamduonghuyetnhanh#meogiamduonghuyetainha#suckhoe#,113000,2013,cách giảm đường huyết,2025-07-24T20:00:07+07:00,2M53S
7584698088070188308,https://www.tiktok.com/@bacsytung/video/7584698088070188308,bacsytung,BS. NGUYỄN VĂN TÙNG,3 thực phẩm làm giảm đường huyết,8399,96,cách giảm đường huyết,2025-12-17T12:42:27+07:00,15S
7616302691924315408,https://www.tiktok.com/@drdaovanchinh/video/7616302691924315408,drdaovanchinh,Đào Văn Chính,5 cách đơn giản hạ đường huyết sau ăn  #daovanchinh #songkhoemoingay #biquyet #khoemanh #viral,7796,105,cách giảm đường huyết,2026-03-12T19:00:00+07:00,1M34S
7577026900602653970,https://www.tiktok.com/@bs.timmach/video/7577026900602653970,bs.timmach,Care & Share,Chỉ cần làm được 4 việc này tại nhà bạn có thể ổn định đường huyết. BSCKII Trần Nguyễn An Huy. #daithaoduong #duonghuyet #tieuduong #meosuckhoe #thinhhanhtiktok ,10400,221,cách giảm đường huyết,2025-11-26T20:34:13+07:00,53S
7506891925807484168,https://www.tiktok.com/@thongkinhlacstore/video/7506891925807484168,thongkinhlacstore,THÔNG KINH LẠC STORE,Phần 24 | Đường Huyết cao ấn ngay vị trí này #thongkinhlacstore #suckhoe #xuongkhop #duongsinh #dongy #duonghuyet #fyp ,318500,5697,cách giảm đường huyết,2025-05-21T20:34:42+07:00,23S
7619022247990168852,https://www.tiktok.com/@quynhnga3994/video/7619022247990168852,quynhnga3994,Sức khỏe là vàng 3994,3 cách để hạ đường huyết cho người bị tiểu đường #suckhoe #tieuduong#duonghuyet#chuabenhtainha #anuong,3571,49,cách giảm đường huyết,2026-03-20T00:37:41+07:00,2M04S
7597292206570933525,https://www.tiktok.com/@bshai.vn/video/7597292206570933525,bshai.vn,Bác Sĩ Trương Quang Hải,Áp dụng ngay mẹo nhỏ giúp giảm đường huyết sau ăn! #bacsihai #suckhoe #dinhduong #duonghuyet,7379,233,cách giảm đường huyết,2026-01-20T11:14:11+07:00,3M16S
7620628790590459157,https://www.tiktok.com/@thankhoetaman0911/video/7620628790590459157,thankhoetaman0911,Hậu Tập Sống Khỏe 💚,Trả lời @thuy.hau46  #14 Hành Trình Sống Khoẻ Thói quen thứ 3 giúp em ổn định đường huyết suốt 3 tháng mà không cần dùng thuốc 💪 Em chỉ thay đổi thứ tự ăn: 🥬 Ăn rau trước 🥩 Rồi đến đạm + chất béo tốt 🍚 Cuối cùng mới ăn tinh bột Nhờ vậy đường huyết không còn tăng vọt sau ăn 📉 Ai còn thói quen ăn cơm trước làm đường huyết “nhảy múa” thì thử cách này của em nha 😉✨#hautapsongkhoe #tieuduong #songkhoe247 #xuhuong ,18800,267,cách giảm đường huyết,2026-03-24T08:32:02+07:00,1M32S
7618275109165436168,https://www.tiktok.com/@meongchuyenhoa/video/7618275109165436168,meongchuyenhoa,Mẹ Ong,4 cách hạ đường huyết hiệu quả!  #khanginsulin #giamcan #giammobung ,661,20,cách giảm đường huyết,2026-03-18T00:18:26+07:00,1M40S
7620058954067889416,https://www.tiktok.com/@giahanthaoduoc/video/7620058954067889416,giahanthaoduoc,Thảo Dược Hồng Hân,Khắc phục đường huyết cao tại nhà hãy lưu lại và chia sẻ cho người thân nhé! #DuongHuyetCao #KiemSoatDuongHuyet #SongKhoeMoiNgay #MeoSucKhoe #PhongBenhTieuDuong,247,10,cách giảm đường huyết,2026-03-22T19:40:34+07:00,28S
7359535883680222482,https://www.tiktok.com/@bsnamnoitiet/video/7359535883680222482,bsnamnoitiet,Bác sĩ Nam nội tiết,Nguyên Tắc Ăn Uống Giúp Kiểm Soát Đường Hu.yết #education #LearnOnTiktok #longervideos #bsnamnoitiet #bsgiangnam #tieuduong #daithaoduong #anuong ,20600,647,cách giảm đường huyết,2024-04-19T18:18:00+07:00,1M45S
7213782618104433921,https://www.tiktok.com/@bacsyhoa/video/7213782618104433921,bacsyhoa,Bác sĩ Hoa,8 thực phẩm hạ đường huyết tại nhà! #bacsihoa,59300,1033,cách giảm đường huyết,2023-03-23T23:40:55+07:00,3M41S
7608540653345082642,https://www.tiktok.com/@machnhosuckhoe/video/7608540653345082642,machnhosuckhoe,Mách Nhỏ Sức Khỏe,"🔔Theo dõi chúng tôi để chăm sóc bản thân bạn mỗi ngày.
 
 Để hạ đường huyết, hãy đun sôi một ít organo…🌱
 #tiktokvietnam #suckhoechomoinguoi #suckhoe #songkhoemanh #meosuckhoe",6659,266,cách giảm đường huyết,2026-02-19T18:43:42+07:00,27S
7220023596515626267,https://www.tiktok.com/@_ntt1974_/video/7220023596515626267,_ntt1974_,Thanh Tâm khoẻ đẹp,Mẹo hạ ngay chỉ số đường huyết cao#trending #xuhuong #suckhoechomoingu #thanhtamsuckhoegiadinh ,28400,343,cách giảm đường huyết,2023-04-09T19:19:09+07:00,26S
7620638642591288597,https://www.tiktok.com/@suckhoetuoigia1978/video/7620638642591288597,suckhoetuoigia1978,Sức khoẻ tuổi già,Cách này giúp hạ đường huyết NHANH hơn bất cứ phương pháp nào#ChamSocSucKhoe #KiemSoatDuongHuyet #songlanhmanh #songkhoemoingay #songkhoeSau60 #giamcanlanhmanh #SongKhoeMoiNgay #xuongkhop,6457,73,cách giảm đường huyết,2026-03-24T14:00:00+07:00,58S
7035459177589804290,https://www.tiktok.com/@covansuckhoe_giadinh/video/7035459177589804290,covansuckhoe_giadinh,Phạm Văn Chương,4 loại nước giúp hạ đường huyết #learnontiktok #suckhoe #songkhoe247 #xuhuong #covansuckhoe_giadinh,30100,441,cách giảm đường huyết,2021-11-28T10:34:43+07:00,1M03S
7576170518672362772,https://www.tiktok.com/@tbao0067es0/video/7576170518672362772,tbao0067es0,Bài Thuốc Dân Gian 🍀,"Cô chú anh chị bị tiể.u đường, đường huyết cao thì lưu lại ngay bài thuốc này 👍👍 chất nhầy có trong đậu bắp rất tốt #bàithuocnhângianhay #sức_khỏe_là_vàng #sứckhoẻ #đôngy #xuhuong ",40600,388,cách giảm đường huyết,2025-11-24T13:11:06+07:00,32S
7600339697407233300,https://www.tiktok.com/@toigungvuonnha/video/7600339697407233300,toigungvuonnha,TỎI GỪNG VƯỜN NHÀ OANH BÌNH,Bạn có biết người Trung Hoa đã giảm đường huyết từ 300 xuống chỉ từ cách này không? #videoviral #tiktokviral  #tieuduong #songkhoe #toigungvuonnha,6461,70,cách giảm đường huyết,2026-01-28T16:19:56+07:00,21S
7621151761985735944,https://www.tiktok.com/@song_khoe_moi_ngay_ls/video/7621151761985735944,song_khoe_moi_ngay_ls,Song_khoe_moi_ngay,"Ai đang bị đường huyết cao thì thử cách này nhé! Nguyên liệu cực dễ tìm, làm cũng đơn giản mà nhiều người áp dụng rồi 👍 Quan trọng là phải làm đều mỗi ngày! 👉 Lưu lại để dùng dần 👉 Ai cần mình hướng dẫn kỹ hơn thì comment “HỒI” nhé! #duonghuyet #meovat #songkhoe #healthtips #vietphucedit ",368,7,cách giảm đường huyết,2026-03-25T20:00:00+07:00,30S
7604750825533000968,https://www.tiktok.com/@songkhoe1210/video/7604750825533000968,songkhoe1210,Sống Khoẻ,"Lá Ổi – Khắc Tinh Đường Huyết Cao Tao là lá ổi đây tụi mày. Ngày nào cũng trà sữa, cơm trắng đầy mồm rồi than đường huyết cao thì coi video này đi. Trong lá ổi có quercetin, flavonoid và tannin – những hợp chất thực vật giúp làm chậm hấp thu đường sau ăn. Không phải thuốc, không thay thế điều trị, nhưng dùng đúng cách có thể giúp cơ thể đỡ mệt hơn sau bữa nhiều tinh bột. Lá non rửa sạch, hãm nước uống ngày một ly là đủ, đừng uống như nước lã. Lưu lại liền, mấy chuyện này không phải ai cũng nói cho bạn nghe đâu. #laoi #duonghuyetcao #meosuckhoe #suckhoedangian #healthdecoded #tieuDuong #anNhieuTinhBot #kienthucsuckhoe #meotunhien #videonhanhoa",11400,98,cách giảm đường huyết,2026-02-09T13:37:14+07:00,23S
7219609125876010266,https://www.tiktok.com/@hongvaobep/video/7219609125876010266,hongvaobep,Hồng vào bếp,Bài thuốc dân gian giúp hạ đường huyết #tiktok #xuhuongtiktok #songkhoe #suckhoesắcđẹp #vuikhoemoingay ,37800,290,cách giảm đường huyết,2023-04-08T16:30:54+07:00,52S
7568484846448708882,https://www.tiktok.com/@bsnhatvy/video/7568484846448708882,bsnhatvy,BS Nhật Vy - Sản phụ khoa,"Trả lời @Thoois đây Khi có tăng chỉ số đường huyết đói, ngoài hướng dẫn như video mình nên: - Bữa ăn tối thay tinh bột hấp thu nhanh: (cơm trắng, bún, mì) thành tinh bột hấp thu chậm (gạo lứt, khoai, yến mạch). - vận động nhẹ sau bữa ăn tối giúp tăng nhạy cảm insulin và giảm glucose máu nền. - Ăn nhẹ trước khi ngủ 30–60 phút (sữa tươi không đường, phô mai, 1/2 quả táo,…) để đêm ngủ cơ thể không bị quá đói. - Ngủ đủ giấc, tránh căng thẳng. ",11800,113,cách giảm đường huyết,2025-11-03T20:06:43+07:00,35S
7591326497613581576,https://www.tiktok.com/@tiomusicai99/video/7591326497613581576,tiomusicai99,TiO Music,Cách Đơn Giản Để Hạ Đường Huyết. TiO Music  #tiomusic  #haduonghuyet  #thucphamlenmen #xuhuongtiktok  #xuhuong  @TiO Music ,201,44,cách giảm đường huyết,2026-01-04T09:24:01+07:00,31S
7430420382449978631,https://www.tiktok.com/@dshangdinhduong/video/7430420382449978631,dshangdinhduong,Dược sĩ Hằng,Hướng dẫn bài tập thể dục  an toàn giúp giảm đường huyết cho bệnh Tiểu Đường #dshangtieuduong #kiemsoatduonghuyet #tieuduong #suckhoe #theducthethao #dinhduongtieuduong ,59400,759,cách giảm đường huyết,2024-10-27T18:46:06+07:00,1M24S
7602275213467979029,https://www.tiktok.com/@nangdau.kechuyen/video/7602275213467979029,nangdau.kechuyen,Nàng Dâu Kể Chuyện,"Người xưa trị đường huyết cao không cầu kỳ. Lá ổi non nấu nước uống mỗi ngày – hỗ trợ hạ đường huyết, ổn định tiêu hóa. Rẻ tiền, dễ kiếm, nhưng phải dùng đúng cách mới có hiệu quả. Ai đang đường huyết cao nên biết mẹo này sớm. #laoi #haduonghuyet #tieuduong #meodan_gian #meosuckhoe #thuocnam #kinhnghiemdangian #songkhoe #tiktokkienthuc",690,24,cách giảm đường huyết,2026-02-02T21:30:36+07:00,28S
7574654802777443585,https://www.tiktok.com/@kouhbwkq480767/video/7574654802777443585,kouhbwkq480767,kouhbwkq480767,"Bạn có đang bị đường huyết cao không? Video này có thể cứu mạng, lướt thấy video này nhớ xem hết nhé!kugua",1064,11,cách giảm đường huyết,2025-11-20T11:10:28+07:00,2M01S
7514203049779383560,https://www.tiktok.com/@bacsythuhang/video/7514203049779383560,bacsythuhang,Dr.Thu_Hang,Làm sao để giảm chỉ số đường huyết? | Dr Thu Hằng #drthuhang #bacsythuhang #bacsigiadinh #chisoduonghuyet #tieuduong,839,22,cách giảm đường huyết,2025-06-10T19:00:00+07:00,1M33S
7501677864278887688,https://www.tiktok.com/@qhdongy/video/7501677864278887688,qhdongy,QH Spa - Sức Khoẻ Đông Y,"9 loại rau ""hút đường"" – bí kíp đơn giản cho người muốn kiểm soát đường huyết! #tieuduong #duonghuyet #benh #canhbaosuckhoe #suckhoe #fyb #viral #xuhuong #qhspaquan7 #qhspa #bamhuyettrilieu ",134500,1679,cách giảm đường huyết,2025-05-07T19:21:31+07:00,12S
7424880554048343304,https://www.tiktok.com/@vubathangkc/video/7424880554048343304,vubathangkc,Vũ Bá Thặng KC,"Cách làm hạ đường huyets đơn giản, hiệu quả và an toàn ít người biết. #tieuduong #videos #video #xuhuong #chualanhtunhien #vubathangkc ",773,5,cách giảm đường huyết,2024-10-12T20:28:42+07:00,1M08S
7480775334275730706,https://www.tiktok.com/@xoa.bp.bm.huyt2/video/7480775334275730706,xoa.bp.bm.huyt2,"Đào tạo Spa trị liệu, châm cứu",Cách hạ đường huyết nhanh tại nhà ,8318,63,cách giảm đường huyết,2025-03-12T11:29:01+07:00,1M23S
7564387755015343367,https://www.tiktok.com/@quyetphan.hba1c/video/7564387755015343367,quyetphan.hba1c,Quyet Phan HbA1c,"Trả lời @Huang Huang Cách này bạn nhé, giảm đường huyết rất tốt #glucose #duonghuyet #khanginsulin #roiloanchuyenhoa #tieuduong ",7110,186,cách giảm đường huyết,2025-10-23T19:07:54+07:00,1M22S
7593764979849923858,https://www.tiktok.com/@bsbinh623/video/7593764979849923858,bsbinh623,Bs Nguyễn Vũ Bình,3 Mẹo hạ đường huyếtt ngay tại nhà không dùng thuốcc #duonghuyetcao #thsnguyenvubinh #nguyenvubinh #tienmankinh #phunu ,647,24,cách giảm đường huyết,2026-01-10T23:06:34+07:00,2M49S
7359432424628948231,https://www.tiktok.com/@bshanhang/video/7359432424628948231,bshanhang,Bác sĩ Hán Hằng,7 cách giúp hạ đường máu tại nhà #DrHanHang #daiduong #Daithaoduong #haduonghuyet,8524,47,cách giảm đường huyết,2024-04-19T11:36:49+07:00,8S
7620986121492647176,https://www.tiktok.com/@quynhhaxuongkhop/video/7620986121492647176,quynhhaxuongkhop,Quỳnh Chuyển Mình,Công thức ăn để kiểm soát đường huyết…  #tieuduong #quynhchuyenminh,4123,73,cách giảm đường huyết,2026-03-25T07:38:35+07:00,3M21S
7340542844907703559,https://www.tiktok.com/@duoc247.365/video/7340542844907703559,duoc247.365,duoc247,Chỉ số đường huyết bệnh tiểu đường #xuhuong #duonghuyet #tieuduongvadaiduong #duoc247 ,122500,421,cách giảm đường huyết,2024-02-28T13:55:22+07:00,27S
7582202428833942791,https://www.tiktok.com/@huyenzeroduong/video/7582202428833942791,huyenzeroduong,Huyền Zero Đường,3 mẹo ổn định đường huyết sau ăn #creatorsearchinsights #fyp #giamduonghuyet #giamcan #giammo ,204,6,cách giảm đường huyết,2025-12-10T19:17:55+07:00,1M08S
7508346758791957767,https://www.tiktok.com/@nhathuocngocchau5/video/7508346758791957767,nhathuocngocchau5,Ngọc Châu parmacy,"Dưới đây là giải pháp chi tiết, từng bước giúp giảm đường huyết nhanh và an toàn cho người lớn tuổi (67 tuổi) với chỉ số đường huyết rất cao (32.2 mmol/L), đang dùng thuốc hạ đường huyết từ bệnh viện.  Giải pháp này gồm 3 nhóm chính: xử lý cấp cứu, hỗ trợ bằng thực phẩm và sản phẩm thiên nhiên, đồng thời duy trì chế độ ăn uống và sinh hoạt phù hợp. 1. XỬ LÝ CẤP CỨU NGAY LẬP TỨC Uống nhiều nước lọc: Giúp pha loãng máu, tăng đào thải glucose qua nước tiểu, giảm nhanh đường huyết. Nên uống 1.5-2 lít nước trong vài giờ đầu. Dùng thuốc hạ đường huyết theo chỉ định bác sĩ: Nếu đang dùng insulin hoặc thuốc uống, cần tuân thủ đúng liều và thời gian. Không tự ý tăng liều khi chưa có chỉ định. Theo dõi triệu chứng: Nếu có dấu hiệu: khát nhiều, tiểu nhiều, mệt mỏi, buồn nôn, nôn, khó thở, lú lẫn, cần đến bệnh viện ngay để được xử trí y tế kịp thời. 2. HỖ TRỢ GIẢM ĐƯỜNG HUYẾT NHANH BẰNG THỰC PHẨM VÀ SẢN PHẨM TỰ NHIÊN A. Thực phẩm hỗ trợ giảm đường huyết nhanh Nước ép mướp đắng tươi: Cách làm: Ép 1 quả mướp đắng bỏ hạt, uống ngay. Tác dụng: Charantin và polypeptide-p giúp giảm hấp thu glucose, tăng nhạy cảm insulin, hạ đường huyết sau 30-60 phút. Lưu ý: Uống lúc đói hoặc sau ăn 30 phút, không lạm dụng quá 2 lần/ngày. Trà quế pha chanh: Cách pha: 1 thìa bột quế + 200ml nước ấm + 1/2 quả chanh tươi. Công dụng: Quế kích thích tế bào beta tụy sản xuất insulin và cải thiện chuyển hóa glucose, chanh giúp cân bằng pH và tăng hấp thu vitamin C chống oxy hóa. Giấm táo pha loãng: Cách dùng: 1 thìa giấm táo + 200ml nước, uống trước bữa ăn. Tác dụng: Giấm táo làm chậm hấp thu carbohydrate, giảm đường huyết sau ăn. #HàngChínhHãng  #SiêuưuđãiDroppii #NhàthuốcNgọcChâu5 #DượcsĩNguyễnThịBíchChâu #Chuyêngiaphattrienchieucao #đotquy #nhânsamcanada #tangduonghuyet ",768,5,cách giảm đường huyết,2025-05-25T18:40:12+07:00,15S
7567728520085064978,https://www.tiktok.com/@hoi.insulin/video/7567728520085064978,hoi.insulin,Hội Insulin,Đường trong máu dư thừa có hại như thế nào #tieuduong #khanginsulin #pcos #nhinangiandoan #hba1c ,3036,76,cách giảm đường huyết,2025-11-01T19:11:46+07:00,1M43S
7607726026663136532,https://www.tiktok.com/@thieutaidinhduong.com/video/7607726026663136532,thieutaidinhduong.com,Thiều Tài,Đừng lo lắng đường huyết tăng cao Hãy làm ngay bài tập giảm đường huyết này#daithaoduong#thieutai#baitapgiamduonghuyetnhanh#suckhoe#,6414,177,cách giảm đường huyết,2026-02-17T14:02:39+07:00,43S
7559238121888550199,https://www.tiktok.com/@sam.m.vn/video/7559238121888550199,sam.m.vn,MY VÂN,"Lá tía tô, rau dền đỏ, kháng sinh xanh giúp hạ đường huyết nhanh chóng #tieuduong #bienchungtieuduong #tieuduongtuyp2 #xuhuong2025 #shop_sam_mỹ_vân ",109400,2861,cách giảm đường huyết,2025-10-09T22:04:54+07:00,1M36S
7504501266584734996,https://www.tiktok.com/@tranthuky51/video/7504501266584734996,tranthuky51,Thư Kỳ Healing Nutrition,5 thói quen gây tụt đường huyết #buasang #FYP #duongruot #probiotics #cuocsong,5954,27,cách giảm đường huyết,2025-05-15T09:57:55+07:00,8S
7557212320905088274,https://www.tiktok.com/@thuyetnguyen72/video/7557212320905088274,thuyetnguyen72,NGUYỄN THUYẾT _ THẢO DƯỢC,#3 MẸO GIẢM ĐƯỜNG HUYẾT SAU ĂN #tiểu_đường ,28200,892,cách giảm đường huyết,2025-10-04T11:03:34+07:00,2M17S
7616341394642308373,https://www.tiktok.com/@thuy74nhaunonifam/video/7616341394642308373,thuy74nhaunonifam,THUỲ (NHÀU NONIFAM),Rất nhiều người bị đường huyết cao mà không biết mẹo đơn giản này… Đây là bí quyết của người Trung Hoa dùng để giảm đường huyết trong máu cực kỳ hiệu quả Chỉ cần hành tây + nước dừa + chanh. 20h tối nay mình bật mí cách làm chi tiết trong video nhé! Anh chi nào hoặc người thân bị đường huyết cao nhớ xem nhé! #Video #viralreelschallenge #trendingreels #fypシ゚#thanhthuy,412,7,cách giảm đường huyết,2026-03-12T19:14:44+07:00,29S
7559822627213249812,https://www.tiktok.com/@nguyenoanh.dongy/video/7559822627213249812,nguyenoanh.dongy,ĐÔNG Y OANH NGUYỄN,Mẹo giảm đường huyết ngay sau ăn 30p  Nhờ cốc nước rẻ tiền dễ làm này nhé .Dành cho anh chị đường cao sau ăn. #dongyoanhnguyen  #benhtieuduong  #benhtieuduongtuyp2  #tracayinsulin ,118000,1553,cách giảm đường huyết,2025-10-11T11:52:54+07:00,1M06S
7481237859895168274,https://www.tiktok.com/@songkhoemoingay_85/video/7481237859895168274,songkhoemoingay_85,Sống khoẻ mỗi ngày,Top 5 Loại rau ăn càng nhiều đường huyết càng giảm #tieuduong #tieuduongtuyp2 #suckhoe #songkhoemoingay #songkhoe,236000,3400,cách giảm đường huyết,2025-03-13T17:24:11+07:00,41S
7499790880237227272,https://www.tiktok.com/@thieutaidinhduong.com/video/7499790880237227272,thieutaidinhduong.com,Thiều Tài,1 loại uống hạ đường huyết nhanh như hầu hết đều không biết uống bao nhiêu để hạ đường huyết và bảo vệ thận#daithaoduong#daithaoduongtuyp2#daithaoduongtuypii#tieuduongtuyp2#tieuduongtuyp1#thieutai#kiemxoatduonghuyet#tieuduonguongnuocgi#uonggidegiamduong#suckhoe#,121000,1641,cách giảm đường huyết,2025-05-02T17:19:01+07:00,1M18S
7619915039369071890,https://www.tiktok.com/@ngalinh_dongy/video/7619915039369071890,ngalinh_dongy,Ngalinhdongy,3 mẹo giúp giảm đường huyết sau ăn #trainsulin #dongyngalinh #tieuduong ,3168,143,cách giảm đường huyết,2026-03-22T10:22:08+07:00,2M15S
7455493114287934727,https://www.tiktok.com/@kien.shop.98/video/7455493114287934727,kien.shop.98,"Phụ Kiên Camera, Ship",Cách Ổn Định Đường Huyết mà không cần dùng th.u.ốc #tieuduong #daithaoduong #hevisure ,11400,51,cách giảm đường huyết,2025-01-03T08:21:13+07:00,7S
7576303967940939028,https://www.tiktok.com/@phamngocyen.2/video/7576303967940939028,phamngocyen.2,Ngọc Yến sống khoẻ đẹp,3 mẹo hạ đường huyết đơn giản tại nhà  #khanginsulin #suckhoe #U40 ,477,28,cách giảm đường huyết,2025-11-24T21:48:57+07:00,2M52S
7462339620966010120,https://www.tiktok.com/@thieutaidinhduong.com/video/7462339620966010120,thieutaidinhduong.com,Thiều Tài,Bài tập hạ đường huyết nhanh chóng đơn giản an toàn không tốn sức phù hợp tất cả mọi người#daithaoduong#daithaoduongthaiky#tieuduongvadaithaoduong#daithaoduongtuyp2#thieutai#sứckhoetieuduong#tieuduongtuyp1#tieuduongtuyp1vatuyp2#tieuduongtuyp2#kiemsoatduonghuyet#dieutritieuduong#haduonghuyet#baitaphaduonghuyet#suckhoe#,199700,3774,cách giảm đường huyết,2025-01-21T19:09:01+07:00,42S
7611462608092269845,https://www.tiktok.com/@bacsibinh.namanduochn59/video/7611462608092269845,bacsibinh.namanduochn59,Bác Sĩ Bình Nam Dược,Một cốc nước đúng cách – đường huyết hạ dần! #tieuduong #dongy,1151,30,cách giảm đường huyết,2026-02-27T15:42:31+07:00,53S
7592454169533877512,https://www.tiktok.com/@nhu_thao_duoc/video/7592454169533877512,nhu_thao_duoc,🌿 Như Thảo Dược,MẸO HẠ ĐƯỜNG HUYẾT NHANH #haduonghuyet #duonghuyetcao #meohay #chualanh #dongy #suckhoe#moinguoi @🌿 Như Thảo Dược @🌿 Như Thảo Dược  #xhtiktok ,21100,466,cách giảm đường huyết,2026-01-07T10:19:55+07:00,15S
7605457758179183890,https://www.tiktok.com/@reviewtraicay268/video/7605457758179183890,reviewtraicay268,Em bé đạo lý,"Mẹo nhỏ từ gian bếp giúp hỗ trợ bình ổn đường huyết cực đơn giản. Sự kết hợp bất ngờ giữa hành tím, nước dừa và chanh tươi. Thử ngay và chia sẻ kết quả cho mọi người cùng biết nhé! 🥥🍋"" ",374,15,cách giảm đường huyết,2026-02-11T11:20:29+07:00,24S
7245590741681016070,https://www.tiktok.com/@yeusuckhoe6868/video/7245590741681016070,yeusuckhoe6868,yeusuckhoe68,Cách giảm lượng đường trong máu tự nhiên  #yeusuckhoe68 #songkhoe247 #xuhuong2023 #songkhoemoingay #luongduong #giamduonghuyet ,1883,14,cách giảm đường huyết,2023-06-17T16:52:39+07:00,10S
7296483577699585281,https://www.tiktok.com/@suckhoe.tieuduong/video/7296483577699585281,suckhoe.tieuduong,Sức khỏe tiểu đường,6 thói quen giúp ổn định đường huyết ##tieuduong##tieuduongvadaiduong##songkhoe247##suckhoetieuduong##bemediajsc##tiktokawardsvn2023##bigonthesmallscreen,40900,4141,cách giảm đường huyết,2023-11-01T20:22:53+07:00,1M35S
7573605978462113031,https://www.tiktok.com/@tranginsulin/video/7573605978462113031,tranginsulin,Trang không ĂN SÁNG,3 mẹo hạ đường huyết mà ai bị kháng insulin tiểu đường nhất định phải biết #insulin #khanginsulin #pcos #giammo #giamcan ,36100,1111,cách giảm đường huyết,2025-11-17T15:19:22+07:00,2M40S
7528026732234853640,https://www.tiktok.com/@tuetamlaphuongdi/video/7528026732234853640,tuetamlaphuongdi,Lương Y Tuệ Tâm - Lã Phương Di,Hạ đường huyết với món canh dễ làm này tuần 2 lần #luongytuetam #tuetamlaphuongdi #haduonghuyet ,2481,48,cách giảm đường huyết,2025-07-17T19:28:33+07:00,55S
7580925593164762389,https://www.tiktok.com/@duocsihoangkhanhly_2025/video/7580925593164762389,duocsihoangkhanhly_2025,Ly bán thuốc,Hạ đường huyết và cách xử trí tại nhà#duocsily #cothebanchuabiet ,4422,74,cách giảm đường huyết,2025-12-07T08:43:26+07:00,27S
7578726005653785874,https://www.tiktok.com/@bandonghanhu50/video/7578726005653785874,bandonghanhu50,Bạn Đồng Hành U50+,Đừng Vội Ăn Cơm Đầu Tiên! Đổi thứ tự ăn: Rau trước - Cơm sau giúp ổn định đường huyết và ngừa tiểu đường hiệu quả. Mẹo nhỏ giúp các bác sống khỏe mỗi ngày!  #suckhoe #tieuduong #duonghuyet #nguoicaotuoi #meovat,937,27,cách giảm đường huyết,2025-12-01T10:27:41+07:00,43S
7579971469355470098,https://www.tiktok.com/@qu.sc.qu8/video/7579971469355470098,qu.sc.qu8,Quế wellness,"#khanginsulin  #haduonghuyet  3 cách giúp hạ đường huyết đơn giản, hiêuk quả",110,7,cách giảm đường huyết,2025-12-04T19:00:40+07:00,1M35S
7605628526729022740,https://www.tiktok.com/@bacsihanginsullin/video/7605628526729022740,bacsihanginsullin,Bác sĩ không kê đơn,Mẹo hạ đường huyết cao ngày Tết do ăn nhiều đồ ngọt #viralvideo #reels__tiktok #viral #phunu #duonghuyet ,1074,27,cách giảm đường huyết,2026-02-11T22:23:14+07:00,19S
7530852418930642194,https://www.tiktok.com/@suckhoeyhoc/video/7530852418930642194,suckhoeyhoc,Tiểu Đường Vui khỏe,mẹo uống nước lọc giúp hạ đường huyết,1120,36,cách giảm đường huyết,2025-07-25T10:13:40+07:00,42S
7578466947134803218,https://www.tiktok.com/@qu.sc.qu8/video/7578466947134803218,qu.sc.qu8,Quế wellness,#khanginsulin  #haduonghuyet  Ăn đúng 1 thứ này trước bữa ăn giúp hạ đường huyết 30%,126,5,cách giảm đường huyết,2025-11-30T17:42:20+07:00,2M03S
7574324394806250772,https://www.tiktok.com/@ly.insulin/video/7574324394806250772,ly.insulin,Ly eo 59,3 Mẹo đơn giản giúp hạ đường huyết ngay tức thì #Lyinsulin #Khanginsulin #giammo #pcos #save10 ,809,15,cách giảm đường huyết,2025-11-19T13:47:10+07:00,2M38S
7572661959930154261,https://www.tiktok.com/@user5659654021859/video/7572661959930154261,user5659654021859,HAYW͙I͙N͙͙ Sáng suốt,Mẹo nhỏ giúp giảm đường huyết tự nhiên#shots#songkhoe #duonghuyet,150,4,cách giảm đường huyết,2025-11-15T02:16:03+07:00,15S
7011082680586472731,https://www.tiktok.com/@dr.phanhongson/video/7011082680586472731,dr.phanhongson,Dr. Phan Hồng Sơn,Phân biệt và xử trí cơn hạ đường huyết với huyết áp thấp. #drphanhongson #dcgr #diligroup,144400,2966,cách giảm đường huyết,2021-09-23T18:01:34+07:00,43S
7591821705308359943,https://www.tiktok.com/@phc.o.sinh/video/7591821705308359943,phc.o.sinh,Dược sĩ Trần Trọng Phúc,"Tiểu đường 1 ly mỗi sáng, ổn định đường bền lâu. Bật mí 5 đồ uống buổi sáng tốt nhất, giúp đường êm cả ngày #duocsiphuc #tieuduong #tieuduongtuyp2 #tangduonghuyet #ondinhduonghuyet",180800,3804,cách giảm đường huyết,2026-01-06T06:00:00+07:00,5M37S
7622237111902670101,https://www.tiktok.com/@bacsibien/video/7622237111902670101,bacsibien,Bác sĩ Biên,Trà lá ổi giúp hạ đường huyết và giảm mỡ m.áu? #bacsibien #tralaoi,354,6,cách giảm đường huyết,2026-03-28T19:10:00+07:00,1M57S
7431904641597721877,https://www.tiktok.com/@thieutaidinhduong.com/video/7431904641597721877,thieutaidinhduong.com,Thiều Tài,3 mẹo giảm đường huyết nhanh chong đơn giản lại cực tốt#daithaoduong#daithaoduongtuyp1#daithaoduongtuyp2#tieuduongtuyp2#tieuduongtuyp1#tieuduongvadaithaoduong#thieutai#kiemsoatduonghuyet#haduonghuyet#duonghuyet101#duonghuyet#dieutritieuduong#suckhoe#,51400,1585,cách giảm đường huyết,2024-10-31T18:45:53+07:00,1M05S
7578804804613393672,https://www.tiktok.com/@h.vu340/video/7578804804613393672,h.vu340,Hà Vũ,4 cách hạ đường huyết hiệu quả bền vững #tieuduongvadaiduong #trendingtiktok ,5344,66,cách giảm đường huyết,2025-12-01T15:33:26+07:00,1M47S
7584099672071998727,https://www.tiktok.com/@hoanganh.insulin/video/7584099672071998727,hoanganh.insulin,Hoàng Anh Insulin,4 cách hạ đường huyết hiệu quả #canbangchuyenhoa #giammonoitang #khanginsulin #tieuduongtuyp2 #giamcan ,1477,84,cách giảm đường huyết,2025-12-15T22:00:13+07:00,1M48S
7586167726972996885,https://www.tiktok.com/@h.vu340/video/7586167726972996885,h.vu340,Hà Vũ,Rào chắn chất xơ giúp hạ đỉnh đường huyết sau ăn . Nhiều người hỏi có cách nào để giảm hấp thụ đương k thì đây chính là giải pháp ạ! #tiktokviral #tieuduongvadaiduong #trendingtiktok ,634,6,cách giảm đường huyết,2025-12-21T11:45:25+07:00,1M07S
7554757260111596801,https://www.tiktok.com/@thaymocduc/video/7554757260111596801,thaymocduc,Lương y Phạm Duy Đức,Bài tập đơn giản cải thiện đường huyết #suckhoe #luongyphamduyduc #lernontiktok #tieuduong ,42800,614,cách giảm đường huyết,2025-09-27T20:16:47+07:00,24S
7616748358534745362,https://www.tiktok.com/@dnval6/video/7616748358534745362,dnval6,Sống Khoẻ Cùng Sam,MẸO GIẢM LƯỢNG ĐƯỜNG HUYẾT 😱 Chuyên gia về đường huyết Jessie tiết lộ rằng động tác nâng gót chân có thể giúp giảm sự tăng đột biến lượng đường trong máu ngay sau khi ăn. #sứckhỏe #glucose,129,1,cách giảm đường huyết,2026-03-14T11:50:00+07:00,2M46S
7517517039112686855,https://www.tiktok.com/@thsbstranthanhhai/video/7517517039112686855,thsbstranthanhhai,Ths Bs Trần Thanh Hải,Làm ĐÚNG điều này sẽ giảm hơn 50% biến chứng nguy hiểm của tiểu đường. #thsbstranthanhhai #tieuduong #tieuduong #bienchungtieuduong #CapCut #learnontiktok #viral ,370600,9955,biến chứng tiểu đường,2025-06-19T11:45:35+07:00,3M07S
7541621263744158983,https://www.tiktok.com/@dhanordicvn/video/7541621263744158983,dhanordicvn,Kiến Thức Y Khoa,Biến chứng tiểu đường gây ra nhiều bệnh#drwynntran #suckhoechomoinguoi #songkhoe #suckhoesắcđẹp,10600,218,biến chứng tiểu đường,2025-08-23T10:42:18+07:00,1M06S
7615592396943887637,https://www.tiktok.com/@mythu.sam/video/7615592396943887637,mythu.sam,Shop mẹ Sam,Đường huyết tăng cao 400/500 thì nấu ngay nước này uống để hạ nhanh chóng.#tieuduong #tieuduongvadaiduong #bienchungtieuduong #xuhuong #ilovetiktok ,227000,6731,biến chứng tiểu đường,2026-03-10T18:48:16+07:00,1M23S
7606646673766436109,https://www.tiktok.com/@sam.m.vn/video/7606646673766436109,sam.m.vn,MY VÂN,5 lón canh giúp ổn định đường huyết cho người tiểu đường #Tieuduong #tieuduongtuyp2 #xuhuong2025 #bienchungtieuduong #shop_sam_my_van ,40100,668,biến chứng tiểu đường,2026-02-14T16:14:19+07:00,1M55S
7620763426687700241,https://www.tiktok.com/@tam.dan046.thaoduoctutam/video/7620763426687700241,tam.dan046.thaoduoctutam,Tâm Đan Thảo Dược,Hạ đường300-400 xuống nhanh chóng nhờ hoạt chất của chanh và hành tím#tieuduong #tieuduongvadaiduong #bienchungtieuduong #xuhuong #ilovetiktok ,2514,24,biến chứng tiểu đường,2026-03-24T17:15:06+07:00,1M25S
7609879835887930638,https://www.tiktok.com/@sam.m.vn/video/7609879835887930638,sam.m.vn,MY VÂN,Rất tiếc cho những ai đang bị tiểu đường mà ko biết đến loại trà này #tieuduong #tieuduongtuyp2 #bienchungtieuduong #xuhuong2025 #shop_sam_my_van ,52800,1027,biến chứng tiểu đường,2026-02-23T09:20:45+07:00,2M42S
7491923831716728071,https://www.tiktok.com/@bacsitranminh/video/7491923831716728071,bacsitranminh,Bác Sĩ Trần Minh,5 biến chứng bệnh tiểu đường mà 80% mọi người không biết | Bác Sĩ Trần Minh #tieuduong #duphongtieuduong #bacsigiadinh #short #bacsitranminh,43800,432,biến chứng tiểu đường,2025-04-12T07:00:00+07:00,1M04S
7611442224496200976,https://www.tiktok.com/@tam.dan046.thaoduoctutam/video/7611442224496200976,tam.dan046.thaoduoctutam,Tâm Đan Thảo Dược,Lá này dành cho người bị tiểu đường và cho người muốn phòng tránh bệnh tiểu đường.#tieuduong #tieuduongvadaiduong #bienchungtieuduong #xuhuong #ilovetiktok ,303300,7203,biến chứng tiểu đường,2026-02-27T14:24:21+07:00,1M44S
7452217366747860231,https://www.tiktok.com/@dshangdinhduong/video/7452217366747860231,dshangdinhduong,Dược sĩ Hằng,Người bệnh tiểu đường ăn bao nhiêu cơm 1 ngày?#duocsihangtieuduong #bienchungtieuduong #suckhoe247 #tieuduong #tieuduongtuyp2 #dinhduongtieuduong #tieuduongangi #dshangtieuduong #dshang,33500,541,biến chứng tiểu đường,2024-12-25T12:29:32+07:00,1M06S
7618450656243830029,https://www.tiktok.com/@sam.m.vn/video/7618450656243830029,sam.m.vn,MY VÂN,5 cách giúp người tiểu đường tăng cường cơ bắp hạn chế teo cơ #tieuduong #tieuduongtuyp2 #bienchungtieuduong #shop_sam_my_van #xuhuong2025 ,6183,189,biến chứng tiểu đường,2026-03-18T11:39:43+07:00,1M49S
7621147377239444756,https://www.tiktok.com/@tho.dc.d.lm/video/7621147377239444756,tho.dc.d.lm,Thảo Dược Dễ Làm,Tiểu Đường có uống được nước mía hay không? #tieuduong #tieuduongvadaiduong #tieuduongtuyp2 #tieuduongthaiki #bienchungtieuduong ,13900,114,biến chứng tiểu đường,2026-03-25T18:04:18+07:00,1M16S
7611697265849208081,https://www.tiktok.com/@tam.dan046.thaoduoctutam/video/7611697265849208081,tam.dan046.thaoduoctutam,Tâm Đan Thảo Dược,Người tiểu đường nấu nước đậu đen uống sẽ thấy bất ngờ.#tieuduong #tieuduongvadaiduong #bienchungtieuduong #xuhuong #ilovetiktok ,47100,1564,biến chứng tiểu đường,2026-02-28T06:54:06+07:00,1M46S
7615034271073438992,https://www.tiktok.com/@tam.dan046.thaoduoctutam/video/7615034271073438992,tam.dan046.thaoduoctutam,Tâm Đan Thảo Dược,Nước dừa! Người tiểu đường nên hay không nên uống.#tieuduong #tieuduongvadaiduong #bienchungtieuduong #xuhuong #ilovetiktok ,132400,2571,biến chứng tiểu đường,2026-03-09T06:43:41+07:00,1M26S
7572911259012713746,https://www.tiktok.com/@hung_tieu_duong/video/7572911259012713746,hung_tieu_duong,TIỂU ĐƯỜNG VIỆT NAM,3 dấu hiệu biến chứng tiểu đường #tieuduong #diabetestipo2 #bienchungtieuduong ,9681,106,biến chứng tiểu đường,2025-11-15T18:23:28+07:00,1M53S
7579257250502413623,https://www.tiktok.com/@sam.m.vn/video/7579257250502413623,sam.m.vn,MY VÂN,Có 1 loại lá giúp tạm biệt bệnh tiểu đường mà ít ai biết #tieuduong #tieuduongtuyp2 #bienchungtieuduong #xuhuong2025 #shop_sam_mỹ_vân ,33600,1343,biến chứng tiểu đường,2025-12-02T20:49:37+07:00,2M32S
7567385809427500301,https://www.tiktok.com/@sam.m.vn/video/7567385809427500301,sam.m.vn,MY VÂN,Tạm biệt tiểu đường chỉ bằng một nồi nước rẻ bèo#tieuduong #tieuduongtuyp2 #bienchungtieuduong #shop_sam_mỹ_vân #xuhuong2025 ,575200,11600,biến chứng tiểu đường,2025-10-31T21:02:36+07:00,1M27S
7610383034440781070,https://www.tiktok.com/@sam.m.vn/video/7610383034440781070,sam.m.vn,MY VÂN,Tin vui cho những bác nào đang bị tiểu đường #tieuduong #tieuduongtuyp2 #bienchungtieuduong #xuhuong2025 #shop_sam_my_van ,203800,3774,biến chứng tiểu đường,2026-02-24T17:55:06+07:00,2M42S
7578147507381800206,https://www.tiktok.com/@sam.m.vn/video/7578147507381800206,sam.m.vn,MY VÂN,Có 2 loại lá giúp ổn định đường máu và cao huyết áp #tieuduong #tieuduongtuyp2 #bienchungtieuduong #xuhuong2025 #shop_sam_mỹ_vân ,6628,100,biến chứng tiểu đường,2025-11-29T21:03:54+07:00,1M40S
7563482896401534221,https://www.tiktok.com/@sam.m.vn/video/7563482896401534221,sam.m.vn,MY VÂN,Muốn hạ đường huyết nhanh hơn hãy uống ngay 3 loại nước ép này#tieuduong #bienchungtieuduong #tieuduongtuyp2 #shop_sam_mỹ_vân #xuhuong2025 ,68500,1813,biến chứng tiểu đường,2025-10-21T08:37:04+07:00,1M31S
7577314889979464980,https://www.tiktok.com/@andungonduong/video/7577314889979464980,andungonduong,Ăn Đúng Cho Ổn Đường Huyết,Tại sao bệnh tiểu đường gây hoại tử #tieuduong #bienchungtieuduong #xuhuong ,1452,40,biến chứng tiểu đường,2025-11-27T15:11:54+07:00,1M09S
7486396010483223826,https://www.tiktok.com/@thieutaidinhduong.com/video/7486396010483223826,thieutaidinhduong.com,Thiều Tài,"4 loại nước cực tốt cho Thận người tiểu đường và tránh biến chứng,loại thứ 4 mọc đầy đường mà không ai biết#daithaoduong#daithaoduongtuyp1#daithaoduongtuyp2#tieuduongtyp2#tieuduongtyp1#thieutai#kiemsoatduonghuyet#daithaoduongthaiky#tieuduongsuythan#suythanuonggi#suckhoe#",40100,799,tiểu đường suy thận,2025-03-27T15:00:07+07:00,1M09S
7510523476789316882,https://www.tiktok.com/@laodong.vn/video/7510523476789316882,laodong.vn,Báo Lao Động,"TPHCM - Đối với những bệnh nhân có bệnh lý nền tiểu đường, việc tự ý bỏ thuốc khiến bệnh dễ tiến triển sang suy thận. #tiktoknews #baolaodong #tieuduong #suythan #tieuduong #tphcm",63500,554,tiểu đường suy thận,2025-06-02T17:00:00+07:00,1M43S
7620733439074962709,https://www.tiktok.com/@thaynguyencongduc/video/7620733439074962709,thaynguyencongduc,Thầy Công Đức,Tiểu đường giai đoạn cuối là gì #tieuduong #daithaoduong #suythan #bepharin #nguyencongduc ,593,25,tiểu đường suy thận,2026-03-24T15:18:03+07:00,1M21S
7567250624002247954,https://www.tiktok.com/@manhthuoc/video/7567250624002247954,manhthuoc,Mạnh Thuốc Nam,Trả lời @Bin Ka625 tiểu đường anh dùng thảo dược về an toàn cho em được nhé #manhthuocnam #tieuduong #suythan #xuhuong #timmach ,57300,913,tiểu đường suy thận,2025-10-31T12:17:19+07:00,1M17S
7220394046261447963,https://www.tiktok.com/@danghung_15/video/7220394046261447963,danghung_15,Chuyên Toán - Đặng Thành Đạt,Điều trị bệnh Tiểu Đường bằng ăn uống khoa học và thực tâp thiền.  #congdongnhungnguoimacbenhtieuduong #tieuduong #benhtieuduong #suythan #benhsuythan #thiendinh #thuctapthien #anuongkhoahoc ,36300,465,tiểu đường suy thận,2023-04-10T19:16:45+07:00,8M25S
7546559069293776129,https://www.tiktok.com/@noitietbenhvientamanh/video/7546559069293776129,noitietbenhvientamanh,Bác sĩ Nội tiết Tâm Anh,Dấu hiệu phát hiện sớm bệnh nhân suy thận do biến chứng tiểu đường #benhvientamanh #TiktokForHealth #tieuduong #daithaoduong #suythan,4325,103,tiểu đường suy thận,2025-09-05T19:55:00+07:00,1M19S
7582889827704507664,https://www.tiktok.com/@bacsibenhvientamanh/video/7582889827704507664,bacsibenhvientamanh,Bác sĩ Bệnh viện Tâm Anh,Bệnh tiểu đường lâu năm âm thầm gây suy thận và nhiều bệnh nguy hiểm mà ít người ngờ tới #benhvientamanh #ytecongnghecao #songkhoe247 #TiktokForHealth #suythan #tieuduong,651,25,tiểu đường suy thận,2025-12-12T15:46:35+07:00,57S
7433751160353312018,https://www.tiktok.com/@tueminhvolamphunggiao/video/7433751160353312018,tueminhvolamphunggiao,Tuệ Minh Võ Lâm Phụng Giao,Nhiều chị em hỏi Tuệ Minh NƯỚC MÍA CÓ TRỊ TIỂU ĐƯỜNG VÀ SUY THẬN?#tieuduong #suythan ,109600,2402,tiểu đường suy thận,2024-11-05T18:11:11+07:00,2M27S
7622152237325880592,https://www.tiktok.com/@ngothanhdieu1978/video/7622152237325880592,ngothanhdieu1978,BS Ngô Thanh Điểu,Hướng dẫn chế độ ăn uống và sinh hoạt khoa học dành cho người mắc tiểu đường #phongkhamdakhoaquoctevietmy #phongkhamquoctevietmy #phongkhamdakhoavietmy #vietmyclinic #vmc #suythan #tieuduong,1219,26,tiểu đường suy thận,2026-03-28T11:04:44+07:00,1M27S
7556875208456441089,https://www.tiktok.com/@bacluongdinhduongthan/video/7556875208456441089,bacluongdinhduongthan,Bác Lượng dinh dưỡng thận,“Check VAR” các thực phẩm cho người tiểu đường và thận yếu #tuvandinhduongthan #suythan #tieuduong #food #tuvandinhduongtieuduong ,114700,3896,tiểu đường suy thận,2025-10-03T13:15:52+07:00,1M08S
7319478451340184839,https://www.tiktok.com/@danghung_15/video/7319478451340184839,danghung_15,Chuyên Toán - Đặng Thành Đạt,Điều trị bệnh Tiểu Đường bằng ăn uống khoa học và thực tâp thiền.  #congdongnhungnguoimacbenhtieuduong #tieuduong #benhtieuduong #suythan #benhsuythan #thiendinh #thuctapthien #anuongkhoahochoply ,612,25,tiểu đường suy thận,2024-01-02T19:34:48+07:00,10M00S
7217336696654908698,https://www.tiktok.com/@danghung_15/video/7217336696654908698,danghung_15,Chuyên Toán - Đặng Thành Đạt,Điều trị bệnh Tiểu Đường bằng ăn uống khoa học và thực tâp thiền.  #congdongnhungnguoimacbenhtieuduong #tieuduong #benhtieuduong #suythan #benhsuythan #thiendinh #thuctapthien #anuongkhoahoc ,6146,43,tiểu đường suy thận,2023-04-02T13:32:43+07:00,1M59S
7605554923123543316,https://www.tiktok.com/@bstramidinhduong/video/7605554923123543316,bstramidinhduong,BS Trà Mi Dinh dưỡng,Trả lời @Dung mập thực đơn người suy thận có tiểu đường #SuyThan #NERCI #BSMidinhduong ,2684,59,tiểu đường suy thận,2026-02-11T17:37:32+07:00,1M12S
7511692154968886536,https://www.tiktok.com/@chualanh.36/video/7511692154968886536,chualanh.36,ĐÔNG Y MINH KHOA,Trả lời @Minh mập TIỂU ĐƯỜNG MÀ THẬN YẾU THÌ PHẢI LÀM SAO? #xuhuongtiktok #tieuduong #suythan #tuchualanh36 ,4385,65,tiểu đường suy thận,2025-06-03T19:02:06+07:00,8M42S
7618769378842119441,https://www.tiktok.com/@bacsibenhvientamanh/video/7618769378842119441,bacsibenhvientamanh,Bác sĩ Bệnh viện Tâm Anh,Người có bệnh nền đái tháo đường có thể phát hiện sớm suy thận không? #benhvientamanh #suythan #tiktokforhealth #tieuduong #daithaoduong,495,12,tiểu đường suy thận,2026-03-19T09:00:00+07:00,1M05S
7217804463606615322,https://www.tiktok.com/@danghung_15/video/7217804463606615322,danghung_15,Chuyên Toán - Đặng Thành Đạt,Điều trị bệnh Tiểu Đường bằng ăn uống khoa học và thực tâp thiền.  #congdongnhungnguoimacbenhtieuduong #tieuduong #benhtieuduong #suythan #benhsuythan #thiendinh #thuctapthien #anuongkhoahoc ,1630,21,tiểu đường suy thận,2023-04-03T19:47:49+07:00,2M02S
7495017545242709255,https://www.tiktok.com/@nhungdinhduong89/video/7495017545242709255,nhungdinhduong89,Nhung dinh dưỡng,Suy thận kèm tiểu đường rất nên ăn các loại thực phẩm này #suythan #dinhduong #thucdon #suckhoe #tieuduong ,1907,16,tiểu đường suy thận,2025-04-19T20:36:02+07:00,8S
7439955982513409298,https://www.tiktok.com/@hung_tieu_duong/video/7439955982513409298,hung_tieu_duong,TIỂU ĐƯỜNG VIỆT NAM,4 Bí quyết bảo vệ THẬN cho người tiểu đường #suythan #tieuduong #khanginsulin #momau #hungtieuduong ,8313,97,tiểu đường suy thận,2024-11-22T11:29:05+07:00,3M00S
7595489625762729237,https://www.tiktok.com/@doadang_90/video/7595489625762729237,doadang_90,doa dang 90,Người bị tiểu đường bữa sáng tốt nhất là không nên ăn 5 loại thực phẩm này #tieuduong #duonghuyet #trainsulinando #xuhuong ,17700,578,tiểu đường suy thận,2026-01-15T14:39:08+07:00,1M31S
7565941317243571464,https://www.tiktok.com/@hoangthuong_khoedep/video/7565941317243571464,hoangthuong_khoedep,Hoang Thuong Khoe Dep,Dấu hiệu nhận biết suy thận ở bệnh nhân tiểu đường... #TIỂU_ĐƯỜNG  #Machmausach  #Thuongthaomoc  #Momau . #xuhuongtiktok ,563,19,tiểu đường suy thận,2025-10-27T23:36:33+07:00,59S
7619119737624071425,https://www.tiktok.com/@tam.dan046.thaoduoctutam/video/7619119737624071425,tam.dan046.thaoduoctutam,Tâm Đan Thảo Dược,Suy thận do tiểu đường gây ra#tieuduongvadaiduong #tieuduong #suythan #xuhuong #bienchungtieuduong ,202,5,tiểu đường suy thận,2026-03-20T06:56:06+07:00,1M12S
7542170053693705480,https://www.tiktok.com/@luongynguyenvanduchp/video/7542170053693705480,luongynguyenvanduchp,Lương Y Đức 1977,"💔 5 năm chống chọi với biến chứng tiểu đường và suy thận… nhưng bệnh vẫn nặng thêm. Chỉ đến khi chuyển sang độ 3, chú mới quyết định tìm đến thầy để níu giữ hy vọng. #suythant#tieuduong#bienchungtieuduong#songkhoe#fyp",2332,26,tiểu đường suy thận,2025-08-24T22:11:52+07:00,1M48S
7619321330885758229,https://www.tiktok.com/@dongthaptv/video/7619321330885758229,dongthaptv,Truyền Hình Đồng Tháp,Bước đột phá mới trong điều trị tiểu đường tuýp 1 #thdt #truyenhinhdongthap #mcv #dongthap,17500,323,tiểu đường suy thận,2026-03-21T12:00:00+07:00,40S
7601055119874018581,https://www.tiktok.com/@duc_xn/video/7601055119874018581,duc_xn,Đức Xờ Nờ,Xét nghiệm đánh giá sớm suy thận ở người tiểu đường. #ducxn #xetnghiem ,39500,908,tiểu đường suy thận,2026-01-30T14:36:04+07:00,1M44S
7302308967231835410,https://www.tiktok.com/@kienthucsuckhoe99/video/7302308967231835410,kienthucsuckhoe99,Kiến Thức Sức Khoẻ,Làm Sao Ngăn Ngừa Suy Thận Ở Người Bệnh Tiểu Đường #suythan #tieuduong #GamingOnTikTok #sức_khỏe_là_vàng #suckhoechomoinguoi ,26700,257,tiểu đường suy thận,2023-11-17T13:08:20+07:00,7M17S
7558329244871445761,https://www.tiktok.com/@kienmyhuong.official/video/7558329244871445761,kienmyhuong.official,Kiến Mỹ Hương,"tiểu đường dễ biến chứng suy thận, 3 bước cần làm ngay #kienmyhuong #dieutritieuduong #tieuduong #daithaoduong #tieuduongtuyp2 ",1411,16,tiểu đường suy thận,2025-10-07T11:17:50+07:00,1M29S
7580219098081070337,https://www.tiktok.com/@tam.dan046.thaoduoctutam/video/7580219098081070337,tam.dan046.thaoduoctutam,Tâm Đan Thảo Dược,Nước đậu đen giúp người tiểu đường ổn định đường huyết cải thiện suy thận.#tieuduong #tieuduongvadaiduong #bienchungtieuduong #xuhuong #ilovetiktok ,19700,435,tiểu đường suy thận,2025-12-05T11:03:02+07:00,1M49S
7619309969984212231,https://www.tiktok.com/@drduy90/video/7619309969984212231,drduy90,drduy90,Hiểu đúng về Đái tháo đường type 1 và type 2 💊🧋🍚 #bsvuduy#tieuduong#suckhoe ,3118,231,tiểu đường suy thận,2026-03-20T19:14:09+07:00,3M32S
7559514305742277906,https://www.tiktok.com/@thienphuc_office/video/7559514305742277906,thienphuc_office,Thiên Phúc Office live,"Cô bị suy thận do tiểu đường nhiều năm , cùng lắng nghe chia sẽ của cô cùng Thuên Phúc nhé#than #suythan #xuhuong #suckhoe #viral ",2961,55,tiểu đường suy thận,2025-10-10T15:56:28+07:00,4M57S
7554939832720461074,https://www.tiktok.com/@mc.ng.an/video/7554939832720461074,mc.ng.an,Mộc Đường An,loại Vitamin  hỗ trợ điều trị suy thận do tiểu đường #mocduongan #suckhoe #suythan#thânjduong #xuhuong ,1426,11,tiểu đường suy thận,2025-09-28T08:05:09+07:00,30S
7460534325629570311,https://www.tiktok.com/@thieutaidinhduong.com/video/7460534325629570311,thieutaidinhduong.com,Thiều Tài,"4 cách ngăn ngừa suy thận tránh lọc m.á.u ở người tiểu đường, ai cũng nên biết#daithaoduong#daithaoduongthaiky#tieuduongvadaithaoduong#daithaoduongtuyp2#thieutai#sứckhoetieuduong#tieuduongtuyp1#tieuduongtuyp1vatuyp2#tieuduongtuyp2#hạduonghuyet#duonghuyet#kiemsoatduonghuyet#kiemsoatduonghuyet#dieutritieuduong#suỵthantieuduong#suckhoe#",52700,1286,tiểu đường suy thận,2025-01-16T22:23:33+07:00,1M08S
7479718495937252609,https://www.tiktok.com/@bacsibinhdaily3/video/7479718495937252609,bacsibinhdaily3,bacsibinhdaily,Khám lại cho bác bệnh nhân bị suy tuyến thượng thận trên nền tiểu đường #bacsibinhdaily #xuhuong #suythan ,1032,16,tiểu đường suy thận,2025-03-09T15:08:39+07:00,1M11S
7587056517434903828,https://www.tiktok.com/@quynhmot6886/video/7587056517434903828,quynhmot6886,Quỳnh MÓT6886,Bạn bị tiểu đường mà càng ngày càng yếu đi và ăn thì không lên cân? #quynhmot6886 #gầy #tieuduong #mo #roiloanchuyenhoa   ,150100,5196,tiểu đường suy thận,2025-12-23T21:14:17+07:00,1M14S
7511918047406394632,https://www.tiktok.com/@linhthietthaoduoc/video/7511918047406394632,linhthietthaoduoc,Thuốc Nam Gia Truyền 1984,4 loại nước này giúp người Tiểu Đường ngừa được biến chứng Suy Thận ! #linhthiet84 #benhtieuduong #ondinhduonghuyet #tieuduong #thaidocthan ,3294,53,tiểu đường suy thận,2025-06-04T09:38:40+07:00,1M32S
7125825461250297114,https://www.tiktok.com/@giangnutriaz/video/7125825461250297114,giangnutriaz,Thanh Giang,Biến chứng tiểu đường cực kì nguy hiểm đặc biệt là suy thận. #bienchung #tieuduong #suythan #gianglulola,699,22,tiểu đường suy thận,2022-07-29T23:02:14+07:00,45S
7445848856895425810,https://www.tiktok.com/@hung_tieu_duong/video/7445848856895425810,hung_tieu_duong,TIỂU ĐƯỜNG VIỆT NAM,5 dấu hiệu suy thận ở người tiểu đường #tieuduong #khanginsulin #suythan #hungtieuduong ,23100,231,tiểu đường suy thận,2024-12-08T08:36:27+07:00,2M14S
7445853642541813000,https://www.tiktok.com/@hung_tieu_duong/video/7445853642541813000,hung_tieu_duong,TIỂU ĐƯỜNG VIỆT NAM,Những món ăn sáng tốt cho người tiểu đường #tieuduong #khanginsulin #suythan #tieuduongangi #hungtieuduong ,18500,388,tiểu đường suy thận,2024-12-08T08:55:02+07:00,4M38S
7496377909847051527,https://www.tiktok.com/@bsminhhieu/video/7496377909847051527,bsminhhieu,Minh Hiếu,Tiểu đường- Sát thủ thầm lặng với 2 quả thận. #bacsiminhhieu #suckhoechomoinguoi #suckhoenamgioi #suythan #tieuduong ,7211,103,tiểu đường suy thận,2025-04-23T12:34:58+07:00,1M19S
7502690997902527752,https://www.tiktok.com/@quynhmot6886/video/7502690997902527752,quynhmot6886,Quỳnh MÓT6886,Bị tiểu đường hay tỉnh giữa đêm và mất ngủ thì video này dành cho bạn #truongsinhquyet #suckhoe247 #kienthuc #fyp #learnontiktok    #tieuduong ,80800,1828,tiểu đường suy thận,2025-05-10T12:52:59+07:00,2M41S
7546995538550426881,https://www.tiktok.com/@kienmyhuong.official/video/7546995538550426881,kienmyhuong.official,Kiến Mỹ Hương,"đường huyết không cao, sao vẫn suy thận mạn, lý do ít ai ngờ tới #tieuduongtuyp2 #daithaoduong #tieuduong #dieutritieuduong #kienmyhuong ",2303,35,tiểu đường suy thận,2025-09-06T22:17:15+07:00,1M07S
7384047680953126145,https://www.tiktok.com/@bacsiquynhnoitiet/video/7384047680953126145,bacsiquynhnoitiet,user90716962220,UỐNG TRÀ SỮA GÂY SUY THẬN VÀ TIỂU ĐƯỜNG #bacsiquynh #tieuduong #suythan #trasua,793,24,tiểu đường suy thận,2024-06-24T19:36:24+07:00,1M23S
7564733387198450962,https://www.tiktok.com/@dsquang.than/video/7564733387198450962,dsquang.than,DsQuang - Sức Khỏe Thận,"Suy thận giai đoạn 3 kèm tiểu đường ăn gì vào buổi sáng? tham khảo ngay 3 món ăn sáng NHANH - GỌN - LẸ nhưng vẫn đầy đủ dinh dưỡng cho anh chị, tham khảo nhé! #buasang #suythan #suythanman #tieuduong #dstranvanquang",4603,78,tiểu đường suy thận,2025-10-24T17:29:07+07:00,2M13S
7325242861174181121,https://www.tiktok.com/@tranxuanson.com/video/7325242861174181121,tranxuanson.com,Trần Sơn.,06 triệu chứng sớm của bệnh tiểu đường cần nhận biết để phòng tránh | Trần Sơn #transon #tieuduong #tieuduongvadaiduong #chamsocsuckhoechudong,149000,2292,tiểu đường suy thận,2024-01-18T08:23:48+07:00,4M40S
7405368067171142919,https://www.tiktok.com/@suckhoegiadinh66/video/7405368067171142919,suckhoegiadinh66,Sức Khoẻ Gia Đình,Nhịn ăn sáng dễ bị tiểu đường #tieuduong #tieuduongvadaiduong #thaoduocmoccan ,1300000,12100,tiểu đường suy thận,2024-08-21T06:30:28+07:00,2M41S
7475573954774699282,https://www.tiktok.com/@suckhoequygia88/video/7475573954774699282,suckhoequygia88,Nguyễn Hiệp Sức Khoẻ,Tiểu đường Sỏi than cũng hết nhờ bài thuốc này##Suckhoecongdong❤️❤️❤️❤️❤️##vanhoasuckhoecongdong##suckhoemoinha☘️☘️☘️☘️☘️☘️☘️☘️☘️🌳🌳❤️💕💕💕💕💕##suckhoemienphi🌿🌿🌿☘️☘️,289,8,tiểu đường suy thận,2025-02-26T11:05:03+07:00,25S
7621168745989360917,https://www.tiktok.com/@me.gau192/video/7621168745989360917,me.gau192,Mẹ Gấu,Cải thiện biến chứng suy thận cho người bị tiểu đường#suythan #thanyeu #xuhuong #xuhuongtiktok #ilovetiktok ,234,3,tiểu đường suy thận,2026-03-25T19:27:14+07:00,1M02S
7622213175894740244,https://www.tiktok.com/@doadang_90/video/7622213175894740244,doadang_90,doa dang 90,Nếu mà không muốn bị tiểu đường đường thì ăn cái này nhiều nhé  #doadang1990 #tieuduong #tieuduongvadaiduong #trachonguoitieuduong #duonghuyet ,298,14,tiểu đường suy thận,2026-03-28T15:00:22+07:00,1M57S
7335691359455628562,https://www.tiktok.com/@dr_phuongtran/video/7335691359455628562,dr_phuongtran,Dr. Phương Trân (Nội tiết),"Bệnh nhân tiểu đường, suy thận mạn giai đoạn cuối, chạy thận nhân tạo cần chú ý gì? #bsphuongtran #daithaoduong #suythan ",24200,477,tiểu đường suy thận,2024-02-15T12:09:07+07:00,2M27S
7618203584253021461,https://www.tiktok.com/@mythu.sam/video/7618203584253021461,mythu.sam,Shop mẹ Sam,Suy thận ở người bị tiểu đường#tieuduong #tieuduongvadaiduong #bienchungtieuduong #xuhuong #xuhuongtiktok ,453,4,tiểu đường suy thận,2026-03-17T19:40:55+07:00,1M12S
7562416496048098561,https://www.tiktok.com/@bacsitranminh/video/7562416496048098561,bacsitranminh,Bác Sĩ Trần Minh,5 dấu hiệu cảnh báo biến chứng thận do tiểu đường | Bác Sĩ Trần Minh  #bacsigiadinh #short #bacsitranminh #tieuduong # bienchungthan,5790,140,tiểu đường suy thận,2025-10-20T07:00:00+07:00,1M10S
7529382748751006984,https://www.tiktok.com/@phuongdinhduong87/video/7529382748751006984,phuongdinhduong87,PHƯƠNG DINH DƯỠNG,Người tiểu đường kèm s uy th .ận lên ăn #suythan #viemcauthan #suythanmantinh #dinhduongbenhthan #tieuduong #xuhuong ,1478,50,tiểu đường suy thận,2025-07-21T11:10:38+07:00,1M23S
7539470911083203858,https://www.tiktok.com/@drbienyhocgiadinh/video/7539470911083203858,drbienyhocgiadinh,Dr Biên,Tiểu đường đừng bỏ qua suy thậ #suythan #tieuduong #bacsibien,1209,38,tiểu đường suy thận,2025-08-17T18:55:00+07:00,2M22S
7402569704298007816,https://www.tiktok.com/@thieutaidinhduong.com/video/7402569704298007816,thieutaidinhduong.com,Thiều Tài,Suy thận do tiểu đường nỗi lo sợ từng ngày#tieuduongtuyp1#tieuduongtuyp2#tieuduongtuyp1vatuyp2#duonghuyet101#thieutai#suckhoe#,1577,32,tiểu đường suy thận,2024-08-13T17:31:11+07:00,41S
7410471112057949456,https://www.tiktok.com/@thincanbangchuyenhoa/video/7410471112057949456,thincanbangchuyenhoa,Nguyễn Viết Thìn,Sưng phù chân ở người tiểu đường type 2 cảnh báo biến chứng nguy hiểm #nguyenvietthin #hoanglong #yarian #suckhoe247 #kienthuc #tieuduong ,5858,62,tiểu đường suy thận,2024-09-04T00:32:54+07:00,1M47S
7543820100739026194,https://www.tiktok.com/@bsck2ngoctram/video/7543820100739026194,bsck2ngoctram,Bs.Ngọc Trâm,Tiểu đường thai kì nguy hiểm nếu không kiểm soát tốt #hoanglongmedical #bacsingoctram,112000,1597,tiểu đường suy thận,2025-08-29T12:00:00+07:00,3M12S
7511350284543790343,https://www.tiktok.com/@_nguyenthu87/video/7511350284543790343,_nguyenthu87,nguyen thu 87,điều gì sẽ xảy ra nếu người tiểu đường ăn quá 3bát cơm mỗi ngày #tieuduong #soithan #soimat #thanyeu #nguyenthu87 ,19100,362,tiểu đường suy thận,2025-06-02T20:55:25+07:00,2M02S
7366239933633252624,https://www.tiktok.com/@seriestieuduong/video/7366239933633252624,seriestieuduong,Series Tiểu Đường,Suy thận tiểu đường uống sữa được không? #tieuduongvadaiduong #tieuduong #songkhoe247 #seriestieuduong #bemediajsc ,4279,40,tiểu đường suy thận,2024-05-07T19:53:11+07:00,47S
7621402868230147349,https://www.tiktok.com/@mythu.sam/video/7621402868230147349,mythu.sam,Shop mẹ Sam,4 cách ngăn chặn suy thận cho người người bị tiểu đường #tieuduong #tieuduongvadaiduong #xuhuong #xuhuongtiktok #ilovetiktok ,149,3,tiểu đường suy thận,2026-03-26T10:35:48+07:00,1M24S
7603394480493907220,https://www.tiktok.com/@bacsithiendr/video/7603394480493907220,bacsithiendr,Bác sĩ Thiên,Người TIỂU ĐƯỜNG nên ăn thế nào cho đúng #xuhuong #suythan #dinhduongbenhthan #tieuduongvadaiduong #bacsithien ,7802,140,tiểu đường suy thận,2026-02-05T21:53:57+07:00,2M20S
7210232615935266049,https://www.tiktok.com/@phantieuduong/video/7210232615935266049,phantieuduong,Phan Tiểu Đường,"Tiểu đường là khắc tinh của sức khỏe, những ai đang gặp rắc rối với tiểu đường thì hãy nghe MC Quyền Linh chia sẻ bí quyết #tieuduong #diasure",13400,66,tiểu đường suy thận,2023-03-14T10:07:45+07:00,1M12S
7597790295270362389,https://www.tiktok.com/@moingaymotniemtin333/video/7597790295270362389,moingaymotniemtin333,Mỗi Ngày Một Niềm Tin,"Vì sao tiểu đường gây suy thận? Đường huyết cao kéo dài làm hỏng các mạch máu nhỏ trong thận Thận bị tổn thương dần → lọc máu kém → tích tụ chất độc Lâu ngày dẫn đến suy thận mạn, nặng có thể phải chạy thận#chamsocsuckhoe #songkhoe #suythan #songlanhmanh #songkhoe ",176,3,tiểu đường suy thận,2026-01-21T19:26:52+07:00,19S
7503909128125926664,https://www.tiktok.com/@ds.maibinh/video/7503909128125926664,ds.maibinh,Dược sĩ Mai Bình,Đường huyết cao đừng chủ quan | Dược sĩ Mai Bình #dsmaibinh #kienthuc #learnontiktok #suckhoe #duonghuyet #duonghyuyetcao,59400,1608,đường huyết cao,2025-05-13T19:39:55+07:00,2M24S
7613697239038299410,https://www.tiktok.com/@motahuhouse/video/7613697239038299410,motahuhouse,MoTaHu House,"5 dấu hiệu đường huyết cao ⚠️ nhiều người bỏ qua | kiểm tra ngay trước khi quá muộn Bạn có đang: • Khát nước liên tục • Đi tiểu nhiều • Mệt mỏi kéo dài • Sụt cân bất thường • Vết thương lâu lành Đây có thể là 5 dấu hiệu cảnh báo đường huyết cao mà nhiều người bỏ qua. Nếu xuất hiện từ 2 dấu hiệu trở lên, hãy đi kiểm tra đường huyết càng sớm càng tốt. Phát hiện sớm có thể giúp phòng tránh biến chứng nguy hiểm của tiểu đường. #duonghuyetcao #tieuduong #suckhoe #canhbaosuckhoe #healthtips #healthtok #dieutriduonghuyet",9983,558,đường huyết cao,2026-03-05T16:13:58+07:00,48S
7277875154800119041,https://www.tiktok.com/@bacsyngoc.official/video/7277875154800119041,bacsyngoc.official,Dr Ngọc Clinic,Đường huyết bao nhiêu thì là nguy hiểm? | Dr Ngọc #duonghuyet #duonghuyetcao #duonghuyetbaonhieu #chisoduonghuyet #chisoduonghuyetonguoibitieuduong #suckhoe  #caithiensuckhoe  #songkhoe  #songkhoemoingay  #short  #shorts  #bacsigiadinh  #drngoc,274500,2873,đường huyết cao,2023-09-12T16:52:53+07:00,2M58S
7123066111167368449,https://www.tiktok.com/@drthuydung1/video/7123066111167368449,drthuydung1,Dr Thuỳ Dung,5 Dấu Hiệu Cảnh Báo Đường Huyết Tăng #learnontiktok #drthuydung #duonghuyet #canhbao #duonghuyetcao,178600,3053,đường huyết cao,2022-07-22T12:34:38+07:00,2M20S
7486422458531122439,https://www.tiktok.com/@nhontranthaomoc/video/7486422458531122439,nhontranthaomoc,Nhơn Trần Thảo Mộc,#3 Test đường huyết với người lạ - Bất ngờ với đường huyết cao kỷ lục - Trà khổ qua rừng bất lực #testduonghuyet #nhontranthaomoc #testduonghuyetnguoila#thunghiemduonghuyet,71900,943,đường huyết cao,2025-03-27T18:00:00+07:00,7M32S
7614036840001129735,https://www.tiktok.com/@song.khoe.moi.ngay.11/video/7614036840001129735,song.khoe.moi.ngay.11,Sống Khỏe Mỗi Ngày,10 Loại Đồ Uống Giúp Hạ Đường Huyết Tự Nhiên! #tieuduongvadaiduong #suckhoe #songkhoe #duonghuyet #tieuduong #fyp #viral #xuhuong,21400,212,đường huyết cao,2026-03-06T18:30:00+07:00,1M08S
7538419521837714696,https://www.tiktok.com/@bsquangvinh3/video/7538419521837714696,bsquangvinh3,Bs.QUANG VINH - KHOÁNG ĐVL,💚 “Đường huyết cao ban đêm — kẻ cắp thầm lặng của giấc ngủ!”☘️ #fyp #duonghuyetcao #tieuduongtuyp2  @Bs.QUANG VINH ,213700,3927,đường huyết cao,2025-08-14T19:37:52+07:00,41S
7617847014591630599,https://www.tiktok.com/@songkhoecungthat/video/7617847014591630599,songkhoecungthat,Sống Khỏe Cùng Thật,Đường huyết cao bao nhiêu sẽ có biến chứng #duonghuyet #tieuduong #hba1c #xuhuongtiktok #khanginsulin ,3627,44,đường huyết cao,2026-03-16T20:37:09+07:00,1M33S
7599577795500461333,https://www.tiktok.com/@dakhoaphuongchaust/video/7599577795500461333,dakhoaphuongchaust,Đa Khoa Phương Châu Sóc Trăng,"Nhầm tưởng là bị bệnh xoang, thực chất là nhức đầu do đường huyết cao #pcst #phuongchausoctrang #noitiet #daithaoduong #duonghuyetcao ",10600,97,đường huyết cao,2026-01-26T15:03:21+07:00,43S
7527495505807527175,https://www.tiktok.com/@duocsithao6/video/7527495505807527175,duocsithao6,Dược sĩ Thảo,"Đường huyết cao mức này, bệnh đã sang giai đoạn nguy kịch ! #duonghuyet #tieuduongvadaiduong #tieuduongthaiki #tieuduongtuyp2 #tieuduong #duocsithao",94400,1251,đường huyết cao,2025-07-18T19:00:00+07:00,2M09S
7505371085957811474,https://www.tiktok.com/@trancongtrinh286/video/7505371085957811474,trancongtrinh286,Trần Công Trình 286,Tiểu đường 10 năm – giờ không cần kiêng ăn nữa. #tieuduong #suckhoe #xuhuong  #meohay #cachtritieuduong #duonghuyetcao #trancongtrinh,57000,1050,đường huyết cao,2025-05-17T18:13:04+07:00,1M38S
7586629116330265870,https://www.tiktok.com/@sam.m.vn/video/7586629116330265870,sam.m.vn,MY VÂN,Đường huyết cao tận 300-400 phải làm sao cho mau hạ #tieuduong #bienchungtieuduong #tieuduongtuyp2 #xuhuong2025 #shop_sam_mỹ_vân ,4999,62,đường huyết cao,2025-12-22T17:35:55+07:00,3M10S
7322652250608880897,https://www.tiktok.com/@tranxuanson.com/video/7322652250608880897,tranxuanson.com,Trần Sơn.,Chỉ số đường huyết cao bao nhiêu là nguy hiểm? | Trần Sơn #transon #tieuduong #tieuduongvadaiduong #chamsocsuckhoechudong,179900,1400,đường huyết cao,2024-01-11T08:51:21+07:00,3M09S
7363281963521789185,https://www.tiktok.com/@bstuan.ivf.bvphusantw/video/7363281963521789185,bstuan.ivf.bvphusantw,Bs Tuấn - Khoa sản 2 -BVPSTW,Vấn nạn Đái tháo đường thai kỳ,192200,2384,đường huyết cao,2024-04-29T20:34:49+07:00,58S
7605387676464008468,https://www.tiktok.com/@bacsihanginsullin/video/7605387676464008468,bacsihanginsullin,Bác sĩ không kê đơn,Mẹo uống nước đẩy lùi đường huyết cao ngày Tết #viralvideo #reels__tiktok #reel #viral #duonghuyet ,839,35,đường huyết cao,2026-02-11T06:48:36+07:00,21S
7616953700061367573,https://www.tiktok.com/@meoxuaongbaday/video/7616953700061367573,meoxuaongbaday,Mẹo xưa ông bà dạy,"Đường huyết cao đến mấy cũng phải ""chào thua"" bộ ba này. Xem hết video để biết cách làm chuẩn nhất! Đừng quên follow mình để sống khỏe mỗi ngày. #meoxuaongbaday #haduonghuyet #meohayongbaday #creatorsearchinsights ",954,34,đường huyết cao,2026-03-14T10:50:48+07:00,22S
7572180918920645905,https://www.tiktok.com/@uave513684/video/7572180918920645905,uave513684,uave513684,"Giảm đường huyết dễ dàng không tốn sức, huyết đường cao dần được cải thiện.KUGUA",63900,462,đường huyết cao,2025-11-13T19:09:34+07:00,3M10S
7594655144357252370,https://www.tiktok.com/@thiacanhmoccan/video/7594655144357252370,thiacanhmoccan,Tiểu Đường Sống Khoẻ,"Tiểu đường để lâu, cơ thể trả giá rất đắt. #suckhoe #nguoitieuduong #tieudem #tieuduongvadaiduong #duonghuyetcao ",11000,46,đường huyết cao,2026-01-13T08:40:52+07:00,43S
7572605182320676116,https://www.tiktok.com/@songkhoehappy369/video/7572605182320676116,songkhoehappy369,Healthier,"Xơ vữa động mạch là do mỡ bám vào thành mạch, làm mạch hẹp lại và dễ gây nhồi máu tim, đột quỵ. Nguyên nhân chính: huyết áp cao, hút thuốc, cholesterol cao, đường huyết cao. Muốn giảm rủi ro: ăn lành mạnh, hạn chế đồ béo, tập thể dục, kiểm soát huyết áp – đường – mỡ máu, và bỏ thuốc. #suckhoe #xovuadongmach #timach ",1700000,27100,đường huyết cao,2025-11-14T22:35:43+07:00,12S
7585169779606981909,https://www.tiktok.com/@duocsithanhhai2023/video/7585169779606981909,duocsithanhhai2023,DS THANH HẢI,Đây Là Thứ Quyết Định 80% Kết Quả Kiểm Soát Đường Huyết #dsthanhhai #duonghuyetcao #tieuduong #chedoantieuduong #xuhuong ,3148,69,đường huyết cao,2025-12-18T19:12:47+07:00,46S
7523080085335854354,https://www.tiktok.com/@sapilachealthy/video/7523080085335854354,sapilachealthy,Sapilac Healthy,lượng đường huyết của người bình thường là bao nhiêu #suckhoemoingay #suckhoe #luongduonghuyet #duonghuyet,7595,49,đường huyết cao,2025-07-06T18:00:00+07:00,44S
7516884540543995143,https://www.tiktok.com/@luongynguyenthihien/video/7516884540543995143,luongynguyenthihien,Lương y Nguyễn Thị Hiền,Ăn sai đường huyết tăng không kiểm soát#khambenhchuabenh #suckhoechomoinguoi #luongynguyenthihien #learnontiktok #tiktok #tieuduong #chedoan #xuhuong,1700000,24900,đường huyết cao,2025-06-17T18:51:09+07:00,4M15S
6974610217338260738,https://www.tiktok.com/@alobacsi.com/video/6974610217338260738,alobacsi.com,Alobacsi.com,Tăng đường huyết nguy hiểm đến mức nào? #LearnOnTikTok #SongKhoe247 #alobacsivideo,200300,2511,đường huyết cao,2021-06-17T11:09:50+07:00,3M00S
7400625787319160065,https://www.tiktok.com/@tu_van_benh_tieu_duong/video/7400625787319160065,tu_van_benh_tieu_duong,Tư vấn bệnh tiểu đường,Đường huyết cao gây hại gì đến người bệnh tiểu đường #tieuduong #glutex #duonghuyetcao,11700,30,đường huyết cao,2024-08-08T11:48:14+07:00,1M50S
7491593541802544402,https://www.tiktok.com/@shop.annami.tb/video/7491593541802544402,shop.annami.tb,dpannami,An đường huyết dành cho những bác có chỉ số tiểu đường cao giao động thì thất thường##tieuduong##daythiacanh##tieuduongvadaiduong##anduonghuyet##tra,5536,27,đường huyết cao,2025-04-10T15:09:10+07:00,56S
7561022008545381650,https://www.tiktok.com/@tuyenhettieuduong/video/7561022008545381650,tuyenhettieuduong,TUYỂN HẾT TIỂU ĐƯỜNG,3 Mẹo hạ đường huyết Ngay lập tức ‼️#tuyenduonghuyet #glucose #diabetes #tieuduong #duonghuyet ,13100,373,đường huyết cao,2025-10-14T17:27:05+07:00,1M52S
7618569052734098709,https://www.tiktok.com/@dsmonghuynh/video/7618569052734098709,dsmonghuynh,DƯỢC TỪ TÂM HUYNH,đường huyết cao có nguy hiểm hay không#tieuduong #tieuduongtype1 #tieuduongtype2 #biengchungtieuduong #dsmonghuynh ,1873,29,đường huyết cao,2026-03-18T19:19:02+07:00,25S
7617497166965263624,https://www.tiktok.com/@hotuyenriviu/video/7617497166965263624,hotuyenriviu,HỒ TUYỀN Riviu,"Đường xylytol. hỗ trợ kiểm soát calo cho người có chỉ số đường huyết cao, người béo phì, người lớn tuổi.... #hotuyenriviu #duongankieng #kiemsoatduonghuyet ",3529,33,đường huyết cao,2026-03-15T21:59:36+07:00,19S
7604878640056175890,https://www.tiktok.com/@ainguyen160790/video/7604878640056175890,ainguyen160790,Khỏe Đẹp Rạng Rỡ,5 dấu hiệu bạn đang dư thừa quá nhiều đường #sứckhoẻ247 #khanginsulin #giảmmỡbụng #xuhuong #learnontiktok ,1100000,19600,đường huyết cao,2026-02-09T21:53:12+07:00,1M35S
7609698549424540944,https://www.tiktok.com/@duocsithoa96/video/7609698549424540944,duocsithoa96,duocsithoa96,"Đường huyết cao mức này, bệ.nh đã trở nặng #duonghuyet #tieuduong #tieuduongtuyp2 #tieuduongthaiky #duocsithoa #reels",3124,31,đường huyết cao,2026-02-26T18:15:00+07:00,2M05S
7586658971491061013,https://www.tiktok.com/@uthacute/video/7586658971491061013,uthacute,Út Hà zui- khoẻ,Tiểu đường và đường huyết cao nó khác hay giống nhau ạ. #khanginsulin #haduonghuyet #giamcan,34300,575,đường huyết cao,2025-12-22T19:31:36+07:00,25S
7594112104030801172,https://www.tiktok.com/@dongyhongloan/video/7594112104030801172,dongyhongloan,dongyhongloan,nếu lượng đường trong m.á.u cao làm ngay nhé quý cô bác anh chị!! #duonghuyet #suckhoe #truongthihongloan #trilieutainha #chamsocsuckhoetainha ,29300,641,đường huyết cao,2026-01-11T21:33:38+07:00,23S
7265281313073073409,https://www.tiktok.com/@duonghuyetthethao/video/7265281313073073409,duonghuyetthethao,Đường huyết thể thao,REDBULL ảnh hưởng thế nào tới đường huyết #duonghuyetthethao #duonghuyetcao #duonghuyetgymer #duonghuyetfitness #dinhduong #anuong #songkhoe247 #learnontiktok #longvideos ,4629,31,đường huyết cao,2023-08-09T18:22:11+07:00,1M10S
7386272618975857936,https://www.tiktok.com/@hai_danghocduongnhan/video/7386272618975857936,hai_danghocduongnhan,Mộc Nhan-vẻ đẹp tự nhiên,Phân biệt Hạ đường huyết và tụt huyết áp#huyetapcao #huyetapthap#tieuduong #suckhoe #songkhoemoingay #chamsocsuckhoegiadinh #suckhoechomoinguoi #xuhuong #xuhuongtiktok ,226000,2006,đường huyết cao,2024-06-30T19:30:15+07:00,7S
7575397817854725377,https://www.tiktok.com/@tradaythiacanh/video/7575397817854725377,tradaythiacanh,Trà Dây Thìa Canh,đường huyết cao đáng sợ không phải ai cũng biết#tieuduong #suckhoechomoinguoi #duonghuyetcao #suckhoe,691,6,đường huyết cao,2025-11-22T11:13:28+07:00,41S
7569856892609039623,https://www.tiktok.com/@thieutaidinhduong.com/video/7569856892609039623,thieutaidinhduong.com,Thiều Tài,đường huyết tăng cao hãy uống thứ nước này#thieutai#ondinhduonghuyet#daithaoduong#tieuduonguonggi#suckhoe,46800,821,đường huyết cao,2025-11-07T12:50:59+07:00,1M04S
7615578035521211649,https://www.tiktok.com/@bshiep.gene/video/7615578035521211649,bshiep.gene,Bs.Hiệp - Giải mã Gene,Ngày 23: 3 việc bạn cần làm khi đường huyết cao  #dotquy #dotquynao #100ngayphongdotquy #tieuduong #BacSiHiep #duonghuyetcao,423,13,đường huyết cao,2026-03-10T20:00:00+07:00,1M22S
7312760517855087874,https://www.tiktok.com/@nghiachaga/video/7312760517855087874,nghiachaga,Crecare,Tại sao không ăn gì đường huyết vẫn cao #caoduonghuyet #tieuduong #daithaoduong #dinhduong #suckhoe #kienthucbenhtieuduong #dovannghia #crecare ,14100,147,đường huyết cao,2023-12-15T17:05:43+07:00,2M28S
7487831477930003719,https://www.tiktok.com/@yte30s/video/7487831477930003719,yte30s,Y Tế 30S,đường huyết bao nhiêu là cao #duonghuyetcao #doduonghuyet #maytesttieuduong,3947,14,đường huyết cao,2025-03-31T16:10:00+07:00,1M02S
7616696794176670996,https://www.tiktok.com/@taphoagiasi2/video/7616696794176670996,taphoagiasi2,TẠP HOÁ GIÁ SỈ 2,Giành cho ai bị tiểu đường #tieuduong #duonghuyetcao ,44,5,đường huyết cao,2026-03-13T20:00:00+07:00,1M06S
7589992555954113812,https://www.tiktok.com/@duoclieutruongsinh/video/7589992555954113812,duoclieutruongsinh,Dược Liệu TRUÒNG SINH,Dược liệu tiểu đường #xuhuong  ##tieuduong  #duoclieu  #truongsinh ,53300,542,tieuduong,2025-12-31T19:07:38+07:00,33S
7613263410393926932,https://www.tiktok.com/@duocsi.them/video/7613263410393926932,duocsi.them,Dược Sĩ Thềm,Người tiểu đường hoàn toàn có thể sống thọ nếu như tránh được 6 sai lầm sau. #duonghuyet #tieuduong #daithaoduong #duocsithem #xuhuongtiktok ,38400,623,daithaoduong,2026-03-04T12:10:29+07:00,4M08S
7599234774443609351,https://www.tiktok.com/@bs.tranhoanghai/video/7599234774443609351,bs.tranhoanghai,TS.BS Trần Hoàng Hải,Đường huyết ổn định nhờ biết công thức này! #duonghuyet #tieuduong #suckhoe #trathaoduoc #tranhoanghai,39400,717,duonghuyet,2026-01-25T21:00:00+07:00,1M17S
7612121078407679253,https://www.tiktok.com/@khoinguyensuckhoechudong/video/7612121078407679253,khoinguyensuckhoechudong,Kênh Của Nguyên,1 CỦ HÀNH TÂY + 1 TRÁI DỪA NHIỀU NGƯỜI ĐANG LÀM MỖI NGÀY Mẹo dân gian hỗ trợ kiểm soát đường huyết 🌿  #duonghuyet #kiemsoatduonghuyet #kenhcuanguyen #videoviral #videoreelsシ ,27700,489,duonghuyet,2026-03-01T10:17:43+07:00,35S
7612601719842753800,https://www.tiktok.com/@duocsithao6/video/7612601719842753800,duocsithao6,Dược sĩ Thảo,đánh bại tiểu đường chỉ với  7 thói quen 0 đồng vào buổi sáng #duocsithao #tieuduong #tieuduongvadaiduong #tieuduongtuyp2  #duonghuyet #duonghuyetcao #duonghuyetondinh #suahattinhbotcham,50300,1557,duonghuyet,2026-03-03T06:00:00+07:00,5M57S
7557885482047261959,https://www.tiktok.com/@mevaboi0111/video/7557885482047261959,mevaboi0111,mevaboi0111,Sinocare Máy Đo Đường Huyết Safe Accu. #maydoduonghuyet #maydoduonghuyettieuduong #maydoduonghuyettainha #maydoduonghuyetsinocare #maydoduonghuyetlientuc ,71200,152,duonghuyet,2025-10-06T06:35:53+07:00,41S
7585508943565262101,https://www.tiktok.com/@thieutaidinhduong.com/video/7585508943565262101,thieutaidinhduong.com,Thiều Tài,3 bài tập giảm đường huyết nhanh không tốn sức nhiều#daithaoduong#thieutai#baitapgiamduonghuyetnhanh#giamduonghuyet#suckhoe,223000,6063,duonghuyet,2025-12-19T17:08:59+07:00,1M00S
7604097391968472321,https://www.tiktok.com/@duocsithao6/video/7604097391968472321,duocsithao6,Dược sĩ Thảo,Đường huyết tăng chóng mặt nếu ăn sai 4 loại rau củ sau #duocsithao #suahattinhbotcham #tieuduong #duonghuyet #tieuduongangi #duonghuyetondinh,212200,3538,duonghuyet,2026-02-10T06:00:00+07:00,4M48S
7544304799588601096,https://www.tiktok.com/@thieutaidinhduong.com/video/7544304799588601096,thieutaidinhduong.com,Thiều Tài,3 bài tập giảm đường huyết nhanh không tốn nhiều sức#daithaoduong#thieutai#baitapgiamduonghuyetnhanh#suckhoe#baitaphaduonghuyet,649400,30200,duonghuyet,2025-08-30T16:15:47+07:00,1M03S
7532728233238809863,https://www.tiktok.com/@ngocthaoag1989/video/7532728233238809863,ngocthaoag1989,Ngọc Thảo AG1989,Mọi người tranh thủ nhe máy đo đường huyết tại nhà đang được trợ giá và trợ ship ạ#ngocthaoag1989 #vatdunggiadinh #thietbiyte #maydoduonghuyet  @Ngọc Thảo AG1989  @Ngọc Thảo AG1989  @Ngọc Thảo AG1989 ,65600,304,duonghuyet,2025-07-30T11:32:48+07:00,30S
7594796018345037077,https://www.tiktok.com/@phc.o.sinh/video/7594796018345037077,phc.o.sinh,Dược sĩ Trần Trọng Phúc,"Người tiểu đường chỉ số dưới mức này, xin chúc mừng cô bác! #duocsiphuc #tieuduong #tieuduongtuyp2 #tangduonghuyet #ondinhduonghuyet",418400,6775,duonghuyet,2026-01-13T19:00:00+07:00,5M50S
7576573203838012680,https://www.tiktok.com/@kinhnghiemsuckhoe/video/7576573203838012680,kinhnghiemsuckhoe,Kinh Nghiệm Sức Khoẻ,Cách Đo Và Đọc Chỉ Số Đường Huyết Tại Nhà #duonghuyet #tieuduong #suckhoe #magnesium #glutathione ,23500,183,duonghuyet,2025-11-25T15:13:42+07:00,57S
7618784398783024405,https://www.tiktok.com/@nguyenandongy1/video/7618784398783024405,nguyenandongy1,TRÀ THẢO DƯỢC  NGUYỄN AN,Người T.iểu Đ.ường nên dùng ngay 3 loại nước này vào buổi sáng nhé Sẽ giúp kiểm soát đường huyết và cải thiện sk rất tốt #nguyenandongy2  #ondinhduonghuyet  #trainsulinando  #tieuduongtuyp2p  #videoxuhươngtiktok @TRÀ THẢO DƯỢC  NGUYỄN AN @Nguyễn Hải40019 @🇻🇳🐊 CÁ ĐẸP 🐊🇻🇳 @THIỆN DUYÊN 71 @Anh Dương @Phan Hồng @꧁🧚‍♂️𝔸𝕟𝕙 💗 𝕃𝕒𝕟 𝟚𝟞🧚꧂ @Anh Đặng ,7044,340,duonghuyet,2026-03-19T09:14:48+07:00,1M31S
7595067905793035541,https://www.tiktok.com/@thnh.trung.nam.dc/video/7595067905793035541,thnh.trung.nam.dc,Trung An Nam Dược,"Công thức cho người bị tiểu đường, đường huyết thất thường #Trungannamduoc #tieuduong #duonghuyet",36200,744,duonghuyet,2026-01-14T11:22:40+07:00,39S
