id,url,author,display_name,desc,views,comment_count,likes,keyword,PublishTime,Duration
7535806278703025416,https://www.tiktok.com/@coitamtranai/video/7535806278703025416,coitamtranai,CÕI TẠM 🙏TRẦN AI,cây thài lài nhật rau trai lá tròn ổn định đường huyết#mientayquetoi #tieuduong #tiktok #suckhoe #thuocnam #baithuocdangian #xuhuong #baithuochay #tieuduong #daithaoduong #tieuduongthaiki #63tiengiang #mientay ,57200,581,765,tiểu đường,2025-08-07T18:37:09+07:00,45S
7594796583473007893,https://www.tiktok.com/@phc.o.sinh/video/7594796583473007893,phc.o.sinh,Dược sĩ Trần Trọng Phúc,"Tiểu đường ăn cơm sai đường huyết tăng vọt. 5 mẹo ăn cơm, đường ổn định #duocsiphuc #tieuduong #tieuduongtuyp2 #tangduonghuyet #ondinhduonghuyet",822000,717,19200,tiểu đường,2026-01-14T06:00:00+07:00,8M23S
7378716149095189767,https://www.tiktok.com/@bsnamnoitiet/video/7378716149095189767,bsnamnoitiet,Bác sĩ Nam nội tiết,Tiểu đường số.ng được bao lâu?    #bsnamnoitiet #bsgiangnam #longervideos #LearnOnTikTok #education #tieuduong ,124600,342,2609,tiểu đường,2024-06-10T10:47:19+07:00,2M04S
7530513460719979783,https://www.tiktok.com/@thsbstranthanhhai/video/7530513460719979783,thsbstranthanhhai,Ths Bs Trần Thanh Hải,Điều trị tiểu đường không khó như mọi người nghĩ. #thsbstranthanhhai #daithaoduong #tieuduong #viraltiktok #kientaosuckhoetoandien #CapCut ,460800,626,10900,tiểu đường,2025-07-24T12:18:22+07:00,3M09S
7552494216023198984,https://www.tiktok.com/@suckhoegiadinh66/video/7552494216023198984,suckhoegiadinh66,Sức Khoẻ Gia Đình,Bệnh tiểu đường là gì mà sao nhiều người lo lắng #benhtieuduong #tieuduong #thaoduocmoccan ,1200000,159,14800,tiểu đường,2025-09-21T17:54:53+07:00,2M25S
7625257257713798421,https://www.tiktok.com/@thsbstranthanhhai/video/7625257257713798421,thsbstranthanhhai,Ths Bs Trần Thanh Hải,Cách chữa khỏi bệnh tiểu đường type 2 #thsbstranthanhhai  #kientaosuckhoetoandien  #tieuduong  #daithaoduong  #CapCut ,63600,113,1587,tiểu đường,2026-04-05T19:52:43+07:00,2M05S
7616926855714688276,https://www.tiktok.com/@ths.ds.buithienkhanh/video/7616926855714688276,ths.ds.buithienkhanh,ThS-Ds.Bùi Thiện Khánh,Trả lời @sh360 Tiểu đường lây từ vợ sang chồng? #tieuduong #daithaoduong #dskhanhbui ,390000,66,3917,tiểu đường,2026-03-19T05:30:00+07:00,58S
7617368126354640142,https://www.tiktok.com/@sam.m.vn/video/7617368126354640142,sam.m.vn,MY VÂN,Vì sao người tiểu đường lại bị teo cơ #tieuduong #tieuduongtuyp2 #bienchungtieuduong #shop_sam_my_van #xuhuong2025 ,142000,186,1744,tiểu đường,2026-03-15T13:39:24+07:00,2M39S
7549889798341790997,https://www.tiktok.com/@dsphinguyen/video/7549889798341790997,dsphinguyen,DS Phi Nguyễn,Nhận biết sớm tiểu đường type2!#dsphinguyen #hottrend #xaykenhtiktoklenxuhuong #tieuduong #tieuduongtuyp2 ,3909,0,13,tiểu đường,2025-09-14T17:28:27+07:00,20S
7495636043048258824,https://www.tiktok.com/@mshonggiasi/video/7495636043048258824,mshonggiasi,Ms.Hồng giá sỉ,Trả lời @kimquangtrieu  Sữa Tiểu đường Glusure lựa chọn cho người tiểu đường ăn uống kém#mshonggiasi #suachonguoigia #suatieuduong #tieuduongvadaiduong #tieuduong #suachonguoitieuduong #glusure #suachinhhang #suabot #suckhoe ,97000,34,495,tiểu đường,2025-04-21T12:36:11+07:00,32S
7265522253347998977,https://www.tiktok.com/@tranxuanson.com/video/7265522253347998977,tranxuanson.com,Trần Sơn.,09 dấu hiệu nhận biết tiểu đường ở trẻ em bố mẹ cần biết #tieuduong #transon #tieuduongvadaiduong #chamsocsuckhoechudong #LearnOnTikTok  ,59600,60,713,tiểu đường,2023-08-10T09:57:11+07:00,2M11S
7561396648539180306,https://www.tiktok.com/@cothelentiengthanphoigan/video/7561396648539180306,cothelentiengthanphoigan,Cơ Thể Lên Tiếng,Chào bạn tôi là bệnh tiểu đường... chẳng ai mong đợi #tieuduong #suckhoe #healthy #xuhuong #cothebanchuabiet ,1182,5,39,tiểu đường,2025-10-15T17:40:54+07:00,1M19S
7501316179391171847,https://www.tiktok.com/@sng.kho.2478/video/7501316179391171847,sng.kho.2478,user65139803063,Tiểu đường nên ăn gì và kiêng gì? #songkhoe247 #xuhuong #viral #tieuduong ,138600,28,517,tiểu đường,2025-05-06T19:57:57+07:00,13S
7592454317353782549,https://www.tiktok.com/@changluoihoc/video/7592454317353782549,changluoihoc,DS Chang Lười Học ✌️,"Biến chứng bàn chân ở người bị tiểu đường thường do tổn thương thần kinh và mạch máu, làm giảm cảm giác và lưu thông máu ở bàn chân. Hậu quả có thể là loét chân, nhiễm trùng nặng, chậm lành vết thương và tăng nguy cơ phải cắt cụt chi nếu không được điều trị kịp thời. #changluoihoc #diabetes #bienchungtieuduong",1100000,258,31600,tiểu đường,2026-01-07T10:20:37+07:00,55S
7502823865559731474,https://www.tiktok.com/@sng.kho.2478/video/7502823865559731474,sng.kho.2478,user65139803063,Dấu hiệu nhận biết bệnh tiểu đường #songkhoe247 #xuhuong #viral #tieuduong ,64700,9,200,tiểu đường,2025-05-10T21:28:33+07:00,13S
7494848293403364626,https://www.tiktok.com/@tranthanhson.020401/video/7494848293403364626,tranthanhson.020401,TRẦN THANH SƠN,ba dấu hiệu tiểu đường sau khi ngủ dậy   ##suckhoe##suckhoe247##songkhoe247##tranthanhson##daophat##vansonsuckhoe##vansondongy,22300,14,559,tiểu đường,2025-04-19T09:39:17+07:00,1M23S
7552023302001216786,https://www.tiktok.com/@kiemsoat.tieuduong/video/7552023302001216786,kiemsoat.tieuduong,Kiểm soát Tiểu đường,"🍊TOP 9 TRÁI CÂY — Đái tháo đường CÀNG ĂN CÀNG KHỎE  🔔 Lưu ý: Nội dung trên chỉ mang tính tham khảo, không thay thế cho tư vấn y khoa. Hãy trao đổi trực tiếp với Bác sĩ để có hướng dẫn phù hợp với tình trạng sức khỏe của mỗi người! #kiemsoattieuduong #tieuduong #daithaoduong #traicay #anuong ",133900,102,1985,tiểu đường,2025-09-20T11:27:31+07:00,1M39S
7532104153951145223,https://www.tiktok.com/@v.zui.thui/video/7532104153951145223,v.zui.thui,P.U không ngọt ❌ 🍭,Tiếp tục series “ Một ngầy của người bị tiểu đường type 1 sẽ như thế nào “ nha !!!!#tiểuduongtyp1 #dailyvlogs #xuhuong ,2061,16,54,tiểu đường,2025-07-28T19:11:00+07:00,1M23S
7579486818115128596,https://www.tiktok.com/@ths.ds.buithienkhanh/video/7579486818115128596,ths.ds.buithienkhanh,ThS-Ds.Bùi Thiện Khánh,Tiểu đường có mấy loại? #tieuduong #daithaoduong #xuhuong #viral #dskhanhbui ,103700,61,1363,tiểu đường,2025-12-03T11:40:02+07:00,1M12S
7619596621914934549,https://www.tiktok.com/@vtv24news/video/7619596621914934549,vtv24news,VTV24,"Các nhà nghiên cứu Trung Quốc vừa đạt bước đột phá y học trong điều trị bệnh đái tháo đường tuýp 1, mở ra hy vọng cho hàng triệu bệnh nhân trên thế giới. #vtv24 #vtvdigital #tiktoknews #songkhoe247 #daithaoduong",116700,5,2149,đái tháo đường,2026-03-21T17:00:00+07:00,49S
7544771155446500616,https://www.tiktok.com/@caominhtruongofficial/video/7544771155446500616,caominhtruongofficial,Cao Minh Trường,3 Loại Đậu Tốt Nhất Chặn Đứng Tiểu Đường #CaoMinhTruong #tieuduong #suckhoe #longervideos #leanontiktok #daithaoduong,128500,88,2771,đái tháo đường,2025-09-01T19:00:00+07:00,12M44S
7544983191032024340,https://www.tiktok.com/@dskhanhbui/video/7544983191032024340,dskhanhbui,ThS-Ds Khánh Bùi,"Vì sao BN Đái tháo đường (tiểu đường) dễ tê tay, tê chân #daithaoduong #tieuduong #xuhuong #viral #dskhanh ",206600,68,2124,đái tháo đường,2025-09-01T12:08:26+07:00,54S
7619690664783170837,https://www.tiktok.com/@bsnamnoitiet/video/7619690664783170837,bsnamnoitiet,Bác sĩ Nam nội tiết,"Đường máu 5,3 các bạn vẫn không nên chủ quan.  #xuhuong #bsnamnoitiet #tieuduong #momau #daithaoduong ",9817,10,209,đái tháo đường,2026-03-21T19:51:30+07:00,55S
7625987551676943637,https://www.tiktok.com/@bsthuemsuckhoegiadinh/video/7625987551676943637,bsthuemsuckhoegiadinh,BÁC SĨ THU EM,Người tiểu đường có uống sữa đậu nành được hay không??#bacsithuem #suckhoechomoinguoi #daithaoduong #xuhuongtiktok #xuhuong @BÁC SĨ THU EM ,639,0,11,đái tháo đường,2026-04-07T19:06:35+07:00,57S
7623747374527089940,https://www.tiktok.com/@dskhanhbui/video/7623747374527089940,dskhanhbui,ThS-Ds Khánh Bùi,Tiểu đường uống lá vối có tốt không? #tieuduong #daithaoduong #dskhanhbui ,167500,67,1993,đái tháo đường,2026-04-01T18:13:35+07:00,1M12S
7617765246274489621,https://www.tiktok.com/@dskhanhbui/video/7617765246274489621,dskhanhbui,ThS-Ds Khánh Bùi,Trả lời @Kiều Diễm Tại sao tiểu đường lại sụt cân? #tieuduong #daithaoduong #dskhanhbui ,63100,41,1132,đái tháo đường,2026-03-17T05:30:00+07:00,1M20S
7617768056084892948,https://www.tiktok.com/@dskhanhbui/video/7617768056084892948,dskhanhbui,ThS-Ds Khánh Bùi,Đông tây y trong điều trị đái tháo đường #tieuduong #daithaoduong #daithaoduong ,3514,4,116,đái tháo đường,2026-03-23T05:30:00+07:00,1M16S
7582125197365447956,https://www.tiktok.com/@ths.ds.buithienkhanh/video/7582125197365447956,ths.ds.buithienkhanh,ThS-Ds.Bùi Thiện Khánh,Trả lời @ဣ Nhã ❦ tìm lại chính mình ☺️ Tiểu đường không phụ thuộc insulin là gì? #tieuduong #daithaoduong #xuhuong #viral ,242000,133,2159,đái tháo đường,2025-12-10T14:18:20+07:00,1M16S
7552522674090560789,https://www.tiktok.com/@dskhanhbui/video/7552522674090560789,dskhanhbui,ThS-Ds Khánh Bùi,Đường huyết sau ăn 2 giờ bao nhiêu là hợp lý? #daithaoduong #tieuduong #xuhuong #viral #dskhanh ,75300,106,796,đái tháo đường,2025-09-21T19:45:21+07:00,49S
7536576157555100949,https://www.tiktok.com/@dskhanhbui/video/7536576157555100949,dskhanhbui,ThS-Ds Khánh Bùi,Tác dụng phụ của Met trong điều trị Đái tháo đường (tiểu đường) #daithaoduong #tieuduong #dskhanh #xuhuong #viral ,55900,74,790,đái tháo đường,2025-08-09T20:24:47+07:00,1M03S
7622652662118485269,https://www.tiktok.com/@xetnghiembentre/video/7622652662118485269,xetnghiembentre,Xét nghiệm MEPHALAB BẾN TRE,Chúng ta được chẩn đoán tiểu đường khi có 1 trong 4 điểm sau: #xetnghiemtieuduong #daithaoduong #mephalab #viraltiktok ,372,0,5,đái tháo đường,2026-03-29T19:25:37+07:00,48S
7255512316429503749,https://www.tiktok.com/@bacsigiadinhhoanglong/video/7255512316429503749,bacsigiadinhhoanglong,Bác sĩ gia đình Hoàng Long,Đái tháo đường điều trị có dứt điểm được không? #tieuduong  #đaithaoduong  #suckhoechomoinguoi  #bacsigiadinhhoanglong ,109000,186,1844,đái tháo đường,2023-07-14T10:33:26+07:00,1M55S
7617767655897959701,https://www.tiktok.com/@dskhanhbui/video/7617767655897959701,dskhanhbui,ThS-Ds Khánh Bùi,Tại sao tiểu đường hay bị kèm huyết áp #tieuduong #daithaoduong #dskhanhbui ,7163,5,169,đái tháo đường,2026-03-22T05:30:00+07:00,1M07S
7620372738976386324,https://www.tiktok.com/@tiu.ng.sc.kho.thi/video/7620372738976386324,tiu.ng.sc.kho.thi,THIỀU TÀI - TIỂU ĐƯỜNG,"Trả lời @trangvu552 tiểu đường có nên ăn cam không,sự thật#daithaoduong#daithaoduongtuyp2#tieuduongtuyp1#tieuduongvadaithaoduong#tieuduongvadaithaoduong#",5034,1,68,đái tháo đường,2026-03-23T16:28:06+07:00,1M06S
7569940481342246164,https://www.tiktok.com/@dskhanhbui/video/7569940481342246164,dskhanhbui,ThS-Ds Khánh Bùi,Trả lời @Nguyễn Hằng Ny Phương pháp kiểm tra đường huyết không cần lấy máu #tieuduong #daithaoduong #xuhuong #viral #dskhanh ,458200,150,1824,đái tháo đường,2025-11-07T18:15:20+07:00,1M12S
7515084463232027911,https://www.tiktok.com/@thsbstranthanhhai/video/7515084463232027911,thsbstranthanhhai,Ths Bs Trần Thanh Hải,Bệnh tiểu đường ngày càng nặng vì 3 tư duy sai lầm này. #thsbstranthanhhai #tieuduong #daithaoduong #learnontiktok #viral #CapCut ,213700,696,7285,đái tháo đường,2025-06-12T22:25:56+07:00,5M41S
7617032272029519122,https://www.tiktok.com/@duocsilephuong/video/7617032272029519122,duocsilephuong,Dược sĩ Lê Phương,Người tiểu đường nên dùng thuốc như thế nào? #daithaoduong #tieuduong #tientieuduong #khanginsulin #duocsilephuong #benhmantinh,14000,58,249,đái tháo đường,2026-03-14T15:55:38+07:00,5M39S
7613263410393926932,https://www.tiktok.com/@duocsi.them/video/7613263410393926932,duocsi.them,Dược Sĩ Thềm,Người tiểu đường hoàn toàn có thể sống thọ nếu như tránh được 6 sai lầm sau. #duonghuyet #tieuduong #daithaoduong #duocsithem #xuhuongtiktok ,38400,18,624,đái tháo đường,2026-03-04T12:10:29+07:00,4M08S
7622956660587269397,https://www.tiktok.com/@ths.ds.buithienkhanh/video/7622956660587269397,ths.ds.buithienkhanh,ThS-Ds.Bùi Thiện Khánh,Trả lời @Lan chảnh ❤️❤️ Đường huyết 6.5 có sử dụng dây thìa canh? #tieuduong #daithaoduong #dskhanhbui ,10600,12,136,đái tháo đường,2026-03-30T15:05:16+07:00,1M15S
7469310402581646600,https://www.tiktok.com/@thieutaidinhduong.com/video/7469310402581646600,thieutaidinhduong.com,Thiều Tài,1 loại lá hạ đường huyết nhanh và được định danh như ít ai biết để dùng#daithaoduong#daithaoduongthaiky#tieuduongvadaithaoduong#daithaoduongtuyp2#thieutai#sứckhoetieuduong#tieuduongtuyp1#tieuduongtuyp1vatuyp2#tieuduongtuyp2#duonghuyet#câyinsulin#tieuduonguonggidegiamduonghuyet#suckhoe#,1100000,1686,14700,đái tháo đường,2025-02-09T13:59:15+07:00,1M09S
7493849428839779591,https://www.tiktok.com/@ddondinhduonghuyet/video/7493849428839779591,ddondinhduonghuyet,Dinh Dưỡng Ổn Định Đường Huyết,Đái tháo đường “Không chữa được” không có nghĩa là “bó tay”! Hãy cùng Glucerna ổn định đường huyết nhé!  #daithaoduong  #Glucerna #Dinhduongondinhduonghuyet #daithaoduongthaiky ,421700,46,213,đái tháo đường,2025-04-16T17:03:12+07:00,1M14S
7613364686276349205,https://www.tiktok.com/@ths.ds.buithienkhanh/video/7613364686276349205,ths.ds.buithienkhanh,ThS-Ds.Bùi Thiện Khánh,Trả lời @thu Lê Đường huyết 6.2 #tieuduong #daithaoduong #dskhanhbui ,66800,22,556,đái tháo đường,2026-03-04T18:43:26+07:00,55S
7546248267265314068,https://www.tiktok.com/@dskhanhbui/video/7546248267265314068,dskhanhbui,ThS-Ds Khánh Bùi,Trả lời @Thảo Lê Cách điều trị tê tay tê chân ở BN Đái tháo đường (Tiểu đường) #daithaoduong #tieuduong #xuhuong #viral #dskhanh ,59700,32,1033,đái tháo đường,2025-09-04T21:57:28+07:00,1M18S
7207419331032993051,https://www.tiktok.com/@bacsitranminh/video/7207419331032993051,bacsitranminh,Bác Sĩ Trần Minh,Triệu Chứng Báo Hiệu Khả Năng Bạn Đang Mắc Bệnh Tiểu Đường - Dr Trần Nhựt Minh #bacsitranminh #drtrannhutminh #trieuchung #daithaoduong #tieuduong #tieuduongvadaiduong #xuhuong #viral #trending ,70000,35,817,triệu chứng tiểu đường,2023-03-06T20:08:08+07:00,1M22S
7606532435035049223,https://www.tiktok.com/@ds.maibinh/video/7606532435035049223,ds.maibinh,Dược sĩ Mai Bình,"Tin vui: Người bị tiểu đường nếu không có 10 triệu chứng này, chúc mừng cô bác #dsmaibinh #tieuduong #tieuduongtuyp2 #tangduonghuyet #ondinhduonghuyet",178000,71,3712,triệu chứng tiểu đường,2026-02-23T06:00:00+07:00,6M54S
7572045010242243841,https://www.tiktok.com/@phc.o.sinh/video/7572045010242243841,phc.o.sinh,Dược sĩ Trần Trọng Phúc,Bí quyết 10 cách nhìn da phát hiện tiểu bệnh tiểu đường không phải ai cũng biết. #tieu#tieuduongtuyp2 #dauhieunhanbiettieuduong #bienchungtieuduong #trieuchungtieuduong ##phongtranhtieuduong #xuhuong #duocsiphuc,1688,2,29,triệu chứng tiểu đường,2025-11-13T10:23:04+07:00,7M00S
7563891336991100176,https://www.tiktok.com/@phc.o.sinh/video/7563891336991100176,phc.o.sinh,Dược sĩ Trần Trọng Phúc,4 dấu hiệu cảnh báo tiểu đường nhất định không thể bỏ qua #tieuduong #dauhieucanhbaotieuduong #trieuchungtieuduong #bienchungtieudung #fyp #duocsiphuc,164,0,0,triệu chứng tiểu đường,2025-10-22T11:01:47+07:00,1M21S
7290842696158088449,https://www.tiktok.com/@ngocquang160684/video/7290842696158088449,ngocquang160684,Ngọc Quang Beone,9 Triệu chứng của bệnh tiểu đường ở giai đoạn đầu #CapCut #longervideos #tiêuduong #trieuchung ,14400,2,45,triệu chứng tiểu đường,2023-10-17T15:33:22+07:00,3M03S
7355110294714060048,https://www.tiktok.com/@moctranh0102/video/7355110294714060048,moctranh0102,Mộc Tranh,"Triệu chứng bệnh tiểu đường, lưu lại nhé #xuhuongtiktok #moctranh0102 #vtvcab #suckhoe #benhtieuduong ",408800,59,1773,triệu chứng tiểu đường,2024-04-07T20:04:33+07:00,11S
7212488073836317978,https://www.tiktok.com/@nguyenha.ladieng/video/7212488073836317978,nguyenha.ladieng,Nguyễn Hà (Ladie Ng),Nếu xung quanh bạn thấy có ai bị những triệu chứng tiền tiểu đường này thì đây là video họ cần. Cảm ơn bạn! #learnontiktok #health #xuhuong2023 #weightloss #fatloss #giamcan #giammo ,122100,155,5074,triệu chứng tiểu đường,2023-03-20T11:57:32+07:00,2M31S
7621134468232776968,https://www.tiktok.com/@khoenhanhdenho/video/7621134468232776968,khoenhanhdenho,KhoeNhanhDeNho,Các triệu chứng ban đầu của bệnh tiểu đường#tieuduong#dauhieubenh#duonghuyet#suckhoe#fypvn,16800,1,97,triệu chứng tiểu đường,2026-03-25T17:14:08+07:00,1M00S
7624428758296153365,https://www.tiktok.com/@bshuandongy/video/7624428758296153365,bshuandongy,Bác sĩ Huấn Đông Y,Bài trà cực tốt cho người tiểu đường. #bshuan #dongy #kienthuc #LearnOnTikTok #tieuduong ,88900,11,612,triệu chứng tiểu đường,2026-04-03T14:17:48+07:00,52S
7038235367471877378,https://www.tiktok.com/@bsthieuthilan.khoasan/video/7038235367471877378,bsthieuthilan.khoasan,bsthieuthilan,5 Triệu chứng sớm của bệnh Tiểu Đường typ I phổ biến ở Thanh Thiếu niên .#thieulan #suckhoe #suckhoevang #suckhoe247 #LearnOnTikTok #Dalali,14300,20,235,triệu chứng tiểu đường,2021-12-05T22:07:51+07:00,25S
7291156121958583553,https://www.tiktok.com/@namduocvidieu93/video/7291156121958583553,namduocvidieu93,Nam Dược Vi Diệu,"Trị Tiểu Đường Hiệu Quả, Bà Con Hãy Áp Dụng #caythuocnam #caythuocvuonnha #suckhoe #suckhoechomoinguoi #hoanvegan #yhocphuongdong ",697100,346,11100,triệu chứng tiểu đường,2023-10-18T11:49:38+07:00,47S
7621375573889223943,https://www.tiktok.com/@ds.monghuynh/video/7621375573889223943,ds.monghuynh,DƯỢC TỪ TÂM DS MỘNG HUỲNH,những triê.u chứng khi tiểu đường #tieuduong #tieuduongtpye1 #tieuduongtpye2 #biengchungtieuduong #dsmonghuynh ,2564,0,33,triệu chứng tiểu đường,2026-03-26T08:50:01+07:00,1M15S
7621513255810256149,https://www.tiktok.com/@oanhthaoduoc/video/7621513255810256149,oanhthaoduoc,Oanh Đông Y,bệnh tiểu đường hiện nay rất là nhiều rồi cô chú hạn chế ăn món này . dễ dẫn đến lúc nào cũng không hay #oanhdongy  #tieuduong  #tieuduongtuyp2  #bienchungtieuduong ,58600,11,2368,triệu chứng tiểu đường,2026-03-26T17:44:04+07:00,1M36S
7591052425147043086,https://www.tiktok.com/@sam.m.vn/video/7591052425147043086,sam.m.vn,MY VÂN,Người tiểu đường sẽ bỏ thuốc tây dài dài nếu như biết đến loại lá này#tieuduong #bienchungtieuduong #tieuduongtuyp2 #xuhuong2025 #shop_sam_my_van ,377200,347,6396,triệu chứng tiểu đường,2026-01-03T15:41:50+07:00,2M01S
7566106785350716688,https://www.tiktok.com/@tam.dan046.thaoduoctutam/video/7566106785350716688,tam.dan046.thaoduoctutam,Tâm Đan Thảo Dược,Đường huyết lên 300 uống thử loại nước này giúp giảm đường nhanh chóng.#tieuduong #tieuduongvadaiduong #bienchungtieuduong #xuhuong #xuhuongtiktok ,201100,110,6468,triệu chứng tiểu đường,2025-10-28T10:19:07+07:00,1M27S
7225799042817608965,https://www.tiktok.com/@chuabenhtainhaf/video/7225799042817608965,chuabenhtainhaf,Chữa Bệnh Tại Nhà,Khỏi mỡ máu tiểu đường sau 20 ngày,3200000,2367,89000,triệu chứng tiểu đường,2023-04-25T08:50:45+07:00,43S
7256030568918437126,https://www.tiktok.com/@trungtamthuocdantoc/video/7256030568918437126,trungtamthuocdantoc,Trung tâm Thuốc Dân Tộc,Loại lá ngay trong vườn chữa tiểu đường! #thuocdantoc #chuabenhtainha #meodangian #tieuduongvadaiduong #bienchungtieuduong #chuatieuduong #suckhoechomoinguoi ,559100,188,8499,triệu chứng tiểu đường,2023-07-15T20:04:30+07:00,1M23S
7451437203864997138,https://www.tiktok.com/@bsgiangnam/video/7451437203864997138,bsgiangnam,BsGiangNam,Trả lời @songlee9x Hiểu lầm về bệnh tiểu đường khiến ai cũng hay bị biến chứng #xuhuong #bsnam #tieuduong #daithaoduong #uric #gout #momau #roiloanchuyenhoa ,56400,147,1282,triệu chứng tiểu đường,2024-12-23T10:02:08+07:00,1M57S
7315773061423287554,https://www.tiktok.com/@bs.tranhoanghai/video/7315773061423287554,bs.tranhoanghai,TS.BS Trần Hoàng Hải,"Ổn định đường huyết, giảm tiểu đường bằng 1 loại thảo dược vô cùng đơn giản, gần gũi với người Việt Nam! #tranhoanghai #suckhoe #tieuduong #duonghuyet #chuabenhtainha",142000,71,2129,triệu chứng tiểu đường,2023-12-23T19:56:04+07:00,40S
7578092487030361360,https://www.tiktok.com/@phc.o.sinh/video/7578092487030361360,phc.o.sinh,Dược sĩ Trần Trọng Phúc,Mẹo hạ đường huyết nhờ chăm ăn 6 loại rau này #duocsiphuc #tieuduong #tieuduongtuyp2 #tangduonghuyet #ondinhduonghuyet,401700,162,8737,triệu chứng tiểu đường,2025-11-29T18:00:00+07:00,11M17S
7536493213855534354,https://www.tiktok.com/@lehaphuong1992/video/7536493213855534354,lehaphuong1992,Hà Phương - TIENS,Bị tiểu đườngphair kiêng ngay những thực phẩm này #learnontiktok #haphuongtiens #phatphapnhiemmau #suckhoe ,287800,57,6397,triệu chứng tiểu đường,2025-08-09T15:02:51+07:00,1M28S
7619137524320963861,https://www.tiktok.com/@songkhoemoingay_85/video/7619137524320963861,songkhoemoingay_85,Sống khoẻ mỗi ngày,5 Loại Rau Giúp Hạ Đường Huyết Nhanh Như Thuốc - Ai bị tiểu đường nên lưu ngay! #tieuduong #tieuduongtuyp2 #songkhoe #songkhoemoingay #suckhoe ,45300,6,506,triệu chứng tiểu đường,2026-03-20T08:05:06+07:00,1M34S
7495939853054528775,https://www.tiktok.com/@duocsihoangnhung/video/7495939853054528775,duocsihoangnhung,Dược Sỹ Hoàng Nhung,"10 điều NÊN và KHÔNG NÊN khi bị TIỂU ĐƯỜNG – ai cũng nên biết! NÊN: 	1.	Ăn đúng giờ, chia nhỏ bữa → Giúp ổn định đường huyết, tránh tăng cao sau bữa ăn lớn. 	2.	Chọn tinh bột tốt (gạo lứt, khoai lang, yến mạch…) → Những loại này tiêu hóa chậm, không làm đường huyết tăng đột ngột. 	3.	Ăn rau trước, cơm sau → Giúp làm chậm quá trình hấp thu đường, hỗ trợ kiểm soát đường máu. 	4.	Tăng cường vận động nhẹ (đi bộ, đạp xe…) → Mỗi ngày 20-30 phút là đủ giúp tăng độ nhạy insulin. 	5.	Uống đủ nước, hạn chế nước ngọt → Nước lọc giúp đào thải độc tố, còn nước ngọt thì ngược lại. 	6.	Ngủ đủ giấc, giữ tâm lý ổn định → Stress kéo dài có thể làm rối loạn đường huyết. 	7.	Kiểm tra đường huyết định kỳ → Giúp theo dõi và điều chỉnh kịp thời, tránh biến chứng. 	8.	Chọn thực phẩm ít chỉ số GI → GI thấp = ít làm tăng đường huyết (ví dụ: đậu, rau xanh). 	9.	Nếu ăn tại nhà để kiểm soát nguyên liệu → Bạn biết chính xác mình đang ăn gì, tránh “đường ẩn” trong đồ ăn chế biến sẵn. 	10.	Đọc kỹ nhãn sản phẩm → Có những thứ ghi “ít đường” nhưng vẫn nguy hiểm nếu không đọc kỹ thành phần! ⸻ KHÔNG NÊN: 	1.	Bỏ bữa, ăn dồn vào tối → Dễ gây tụt – tăng đường huyết bất thường, đặc biệt nguy hiểm ban đêm. 	2.	Ăn nhiều cơm trắng, bún, phở → Những loại tinh bột nhanh này làm đường huyết tăng nhanh chóng. 	3.	Dùng nước ngọt, trà sữa, sữa có đường → Rất nhiều đường ẩn, cực kỳ có hại cho người tiểu đường. 	4.	Ăn trái cây quá ngọt như sầu riêng, xoài chín → Trái cây cũng chứa đường, nên chọn loại ít ngọt hơn. 	5.	Lạm dụng thuốc mà không theo dõi đường huyết → Có thể gây tụt đường huyết nghiêm trọng, thậm chí nguy hiểm tính mạng. 	6.	Ngồi quá lâu, lười vận động → Giảm khả năng chuyển hóa đường trong cơ thể. 	7.	Ăn đồ chiên rán, chế biến sẵn → Nhiều chất béo xấu và đường tiềm ẩn. 	8.	Ngủ không đủ giấc, thức khuya → Ảnh hưởng đến chuyển hóa và nội tiết, dễ mất kiểm soát đường huyết. 	9.	Căng thẳng kéo dài → Stress khiến cơ thể tiết nhiều hormone làm tăng đường máu. ⸻ #tieuduong #suckhoe #andoitot #dieutri",105500,13,509,triệu chứng tiểu đường,2025-04-22T08:15:11+07:00,8S
7320511158992030994,https://www.tiktok.com/@69.channel1/video/7320511158992030994,69.channel1,69 channel,8 Dấu hiệu nhận biết sớm bệnh tiểu đường #69channel1 #news #xuhuong #tiktoknews #sinhvien #congai #LearnOnTikTok #HelloVietnam ,241500,104,3047,triệu chứng tiểu đường,2024-01-05T14:22:14+07:00,49S
7526515988381060359,https://www.tiktok.com/@nguyenoanh.dongy/video/7526515988381060359,nguyenoanh.dongy,ĐÔNG Y OANH NGUYỄN,Người tiểu đường có thể ăn cơm thoả mái mà không lo đường huyết tăng cao. #dongyoanhnguyen  #xuhuong2025  #benhtieuduong  #baithuocdangian ,524400,260,23800,triệu chứng tiểu đường,2025-07-13T17:46:06+07:00,1M22S
7526749963653614856,https://www.tiktok.com/@bacsinguyenskin/video/7526749963653614856,bacsinguyenskin,Bác sĩ Nguyên,Tiểu đường không phải bản án chung thân nếu bạn biết điều đơn giản này! #bacsinguyen #bsnguyen,97200,247,2455,triệu chứng tiểu đường,2025-07-17T15:00:00+07:00,3M01S
7428811841830243602,https://www.tiktok.com/@bi.quyet.song.khoe/video/7428811841830243602,bi.quyet.song.khoe,Bí Quyết Sống Khoẻ,Người Bệnh Tiểu Đường Nên Kiêng Gì? #suckhoe #biquyetsongkhoe #tieuduong #suckhoechomoinguoi #viral,158200,66,1142,triệu chứng tiểu đường,2024-10-23T12:00:00+07:00,37S
7193273866532244738,https://www.tiktok.com/@luongy.nguyenthi.nghe/video/7193273866532244738,luongy.nguyenthi.nghe,Lương y Nguyễn Thị Nghê,Bệnh tiểu đường nếu không chữa trị kịp thời thì có nguy hiểm không? #luongynguyenthinghe #benhtieuduong #haduonghuyet #suckhoechomoinguoi #xuhuong,14000,10,113,triệu chứng tiểu đường,2023-01-27T18:30:00+07:00,45S
7594796018345037077,https://www.tiktok.com/@phc.o.sinh/video/7594796018345037077,phc.o.sinh,Dược sĩ Trần Trọng Phúc,"Người tiểu đường chỉ số dưới mức này, xin chúc mừng cô bác! #duocsiphuc #tieuduong #tieuduongtuyp2 #tangduonghuyet #ondinhduonghuyet",431000,359,7049,triệu chứng tiểu đường,2026-01-13T19:00:00+07:00,5M50S
7577020468822117652,https://www.tiktok.com/@thsbstranthanhhai/video/7577020468822117652,thsbstranthanhhai,Ths Bs Trần Thanh Hải,14 năm điều trị tiểu đường sai cách không bằng 40 ngày đồng hành cùng bs Hải. #thsbstranthanhhai #tieuduong #daithaoduong #kientaosuckhoetoandien #CapCut ,305500,389,5126,triệu chứng tiểu đường,2025-11-26T20:09:17+07:00,59S
7529758382241189138,https://www.tiktok.com/@nguyenoanh.dongy/video/7529758382241189138,nguyenoanh.dongy,ĐÔNG Y OANH NGUYỄN,Cô chú bị tiểu đường thì phải biết loại trái cây này nhé  Hổ trợ làm ổn định đường huyết sau khi ăn. #dongyoanhnguyen  #xuhuong2025  #benhtieuduong  #tieuduongtuyp2 ,148000,48,6574,triệu chứng tiểu đường,2025-07-22T11:28:15+07:00,1M20S
7265493675273227522,https://www.tiktok.com/@tranxuanson.com/video/7265493675273227522,tranxuanson.com,Trần Sơn.,04 thực phẩm quan trọng với người tiểu đường #tieuduong #transon #tieuduongvadaiduong #chamsocsuckhoechudong #LearnOnTikTok  ,97600,86,6380,triệu chứng tiểu đường,2023-08-10T08:06:18+07:00,4M19S
7599209883308657921,https://www.tiktok.com/@dstranng/video/7599209883308657921,dstranng,Dược sĩ Trang,6  loại nước cấm người tiểu đường uống sáng sớm!#duocsitrang #daithaoduong #tieuduong #insulin #meohay,154600,38,2777,triệu chứng tiểu đường,2026-01-28T19:00:00+07:00,4M14S
7268511063744761094,https://www.tiktok.com/@tranxuanson.com/video/7268511063744761094,tranxuanson.com,Trần Sơn.,05 mẹo giúp giảm cơn đói ở người tiểu đường #tieuduong #transon #tieuduongvadaiduong #chamsocsuckhoechudong #LearnOnTikTok ,33700,38,1442,triệu chứng tiểu đường,2023-08-18T11:15:11+07:00,4M17S
7479378966936079633,https://www.tiktok.com/@bacsigiadinh.saigon/video/7479378966936079633,bacsigiadinh.saigon,Bác Sĩ Gia Đình Sài Gòn,Bệnh tiểu đường tuýp 2 có thể hồi phục hay không ? ##khambenhtainha##tieuduongtype2##daithaoduong,98000,97,1566,triệu chứng tiểu đường,2025-03-08T17:10:59+07:00,6M12S
7415436387907816711,https://www.tiktok.com/@dhanordicvn/video/7415436387907816711,dhanordicvn,Shop Thực Phẩm Bổ Sung,Cách ngăn ngừa tiểu đường#drwynntran #xuhuongtiktok #xuhuong #suckhoechomoinguoi #suckhoe #songkhoe247 #bacsi #suckhoesắcđẹp ,100900,58,2732,triệu chứng tiểu đường,2024-09-17T09:40:33+07:00,1M06S
7553595205375544583,https://www.tiktok.com/@thieutaidinhduong.com/video/7553595205375544583,thieutaidinhduong.com,Thiều Tài,5 dấu hiệu tiểu đường trợ nặng hơn dễ biến chứng nhiều người bỏ qua#tieuduongtuyp2#daithaoduong#thieutai#tieuduongbienchung#suckhoe,62500,42,629,triệu chứng tiểu đường,2025-09-24T17:07:17+07:00,1M29S
7485285638418353415,https://www.tiktok.com/@giaiphapbenhly/video/7485285638418353415,giaiphapbenhly,Giải pháp sức khỏe DLC,"Tiểu đường tuýp 2 – âm thầm nhưng tàn phá khủng khiếp!” Nguyên nhân, biến chứng, phòng ngừa, dinh dưỡng, hỗ trợ điều trị bệnh tiểu đường. #tieuduongtuyp2 #benhtieuduong #duongmau #suckhoechudong #dlccare #anlanh #songkhoe #tuvan_suckhoe #dinhduong ",4604,5,55,triệu chứng tiểu đường,2025-03-24T15:11:20+07:00,2M11S
7344266582874426631,https://www.tiktok.com/@tranxuanson.com/video/7344266582874426631,tranxuanson.com,Trần Sơn.,Tiểu đường ổn định đường huyết có phải dùng thuốc nữa không | Trần Sơn #transon #tieuduong #tieuduongvadaiduong #chamsocsuckhoechudong ,22800,32,417,triệu chứng tiểu đường,2024-03-09T14:45:20+07:00,2M35S
7356235067661896977,https://www.tiktok.com/@nhathuoc.truonganh/video/7356235067661896977,nhathuoc.truonganh,Trường Anh Pharm,Các mẹ bị tiểu đường thai kì cần lưu ý nha #nhathuoctruonganh #quaythuocorg #mebau #mangthai #baubi #mebimsua #mangthailandau #thaikykhoemanh #tieuduongthaiki #embe #mom #baby #momlife #trending #trend #xuhuong #learnontiktok #fyp ,329100,159,2102,triệu chứng tiểu đường,2024-04-10T20:49:14+07:00,11S
7620321284278340871,https://www.tiktok.com/@tamanhhospital.vn/video/7620321284278340871,tamanhhospital.vn,Bệnh viện Đa khoa Tâm Anh,"Bệnh tiểu đường (đái tháo đường) nếu không kiểm soát tốt đường huyết sẽ gây nhiều biến chứng tiểu đường nguy hiểm như: suy thận, suy tim, tổn thương võng mạc, nhiễm toan ceton, cắt bỏ bàn chân,… Để sống hòa bình với bệnh tiểu đường, người bệnh cần tuân thủ chỉ định của bác sĩ, không tự ý thay đổi hay ngưng thuốc điều trị, ăn uống không kiêng cữ #benhvientamanh #tieuduong #ytecongnghecao #TiktokForHealth #songkhoe247 ",45200,50,474,triệu chứng tiểu đường,2026-03-23T12:38:43+07:00,1M46S
7581345260446518549,https://www.tiktok.com/@ths.ds.buithienkhanh/video/7581345260446518549,ths.ds.buithienkhanh,ThS-Ds.Bùi Thiện Khánh,Trả lời @mua xuan 2000 Hỗ trợ hạ và ổn định đường #tieuduong #daithaoduong #xuhuong #viral ,44000,35,402,triệu chứng tiểu đường,2025-12-08T11:51:58+07:00,42S
7612806604743789825,https://www.tiktok.com/@tam.dan046.thaoduoctutam/video/7612806604743789825,tam.dan046.thaoduoctutam,Tâm Đan Thảo Dược,Đường máu cao 300/400 thì nấu liền 2 thứ này uống.#tieuduong #tieuduongvadaiduong #bienchungtieuduong #xuhuong #ilovetiktok ,194200,57,3599,triệu chứng tiểu đường,2026-03-03T06:39:02+07:00,1M27S
7579642553717345543,https://www.tiktok.com/@lekimhung2610/video/7579642553717345543,lekimhung2610,Hưng Hiểu Mỡ,Biểu hiện tiểu đường #khanginsulin #lekimhung #suckhoe #creatorsearchinsights ,17800,13,333,triệu chứng tiểu đường,2025-12-03T21:44:18+07:00,1M38S
7613697239038299410,https://www.tiktok.com/@motahuhouse/video/7613697239038299410,motahuhouse,MoTaHu House,"5 dấu hiệu đường huyết cao ⚠️ nhiều người bỏ qua | kiểm tra ngay trước khi quá muộn Bạn có đang: • Khát nước liên tục • Đi tiểu nhiều • Mệt mỏi kéo dài • Sụt cân bất thường • Vết thương lâu lành Đây có thể là 5 dấu hiệu cảnh báo đường huyết cao mà nhiều người bỏ qua. Nếu xuất hiện từ 2 dấu hiệu trở lên, hãy đi kiểm tra đường huyết càng sớm càng tốt. Phát hiện sớm có thể giúp phòng tránh biến chứng nguy hiểm của tiểu đường. #duonghuyetcao #tieuduong #suckhoe #canhbaosuckhoe #healthtips #healthtok #dieutriduonghuyet",10100,11,560,triệu chứng tiểu đường,2026-03-05T16:13:58+07:00,48S
7593664407037644053,https://www.tiktok.com/@phc.o.sinh/video/7593664407037644053,phc.o.sinh,Dược sĩ Trần Trọng Phúc,"Giữ 3 chỉ số đường huyết ổn định, không tốn tiền đi viện. Bật mí 3 cách phát hiện bệnh tiểu đường  #tieuduong #tieuduongtuyp2 #tangduonghuyet #ondinhduonghuyet",152100,109,1347,triệu chứng tiểu đường,2026-01-10T17:00:00+07:00,6M05S
7166523808881380609,https://www.tiktok.com/@htvc.tintuc/video/7166523808881380609,htvc.tintuc,HTVC - Tin Tức,Ghép Tiểu đảo tụy chữa Tiểu đường tuýp 1  #HTV #HTVC #truyenhinhHTVC #HTVCnews #HTVCtintuc #tiktoknews #tinnong,27300,3,132,triệu chứng tiểu đường,2022-11-20T08:00:00+07:00,1M02S
7560302634922511623,https://www.tiktok.com/@phc.o.sinh/video/7560302634922511623,phc.o.sinh,Dược sĩ Trần Trọng Phúc,"Đường huyết 6,5mmol/L Bình thường hay đã mắc bệnh xem ngày để hiểu 4 mốc chỉ số vàng.  #Tieuduong #chandoantieuduong #chisoduonghuyet #DsPhuc #xuhuong ",298700,244,7140,triệu chứng tiểu đường,2025-10-12T18:55:34+07:00,1M54S
7569461826765802773,https://www.tiktok.com/@nguyenoanh.dongy/video/7569461826765802773,nguyenoanh.dongy,ĐÔNG Y OANH NGUYỄN,Người bị tiểu đường  ngũ dậy có 5 dấu hiệu như vậy là bệnh của mình nặng rồi cô chú để ý nha. #dongyoanhnguyen  #benhtieuduong  #benhtieuduongtuyp2  #tracayinsulin ,94800,17,586,triệu chứng tiểu đường,2025-11-06T11:17:57+07:00,1M21S
7587720009271594260,https://www.tiktok.com/@dsmonghuynh/video/7587720009271594260,dsmonghuynh,DƯỢC TỪ TÂM HUYNH,tiểu đường tết ăn thả ga không lo đường tăng#tieuduong #biengchungtieuduong #suckhoe #duocsimonghuynh ,10700,27,134,triệu chứng tiểu đường,2025-12-25T16:09:03+07:00,1M33S
7590713935758658823,https://www.tiktok.com/@ds.maibinh/video/7590713935758658823,ds.maibinh,Dược sĩ Mai Bình,4 triệu chứng cảnh báo bệnh tiểu đường #dsmaibinh #tieuduong #tieuduongtuyp2 #tangduonghuyet #ondinhduonghuyet,425,1,4,triệu chứng tiểu đường,2026-01-02T19:00:00+07:00,7M37S
7619160696223223056,https://www.tiktok.com/@tam.dan046.thaoduoctutam/video/7619160696223223056,tam.dan046.thaoduoctutam,Tâm Đan Thảo Dược,Người bị tiểu đường người muốn phòng tránh bệnh tiểu đường cũng nên ăn loại lá cây nay#tieuduong #tieuduongvadaiduong #bienchungtieuduong #xuhuong #xuhuongtiktok ,130000,79,3341,triệu chứng tiểu đường,2026-03-20T09:35:05+07:00,1M30S
7495191951159889159,https://www.tiktok.com/@duchasuckhoe/video/7495191951159889159,duchasuckhoe,ĐỨC HÀ ĐÔNG Y 🧠,Phần 102 | Ngủ dậy mà có 3 dấu hiệu này nguy cơ bạn mắc bệnh tiểu đường🍀🍀#songkhoe247♥️ #songkhoe247 #songkhoemoingay #songkhoe ,362000,76,7055,triệu chứng tiểu đường,2025-04-20T07:52:52+07:00,50S
7566668232828947733,https://www.tiktok.com/@nongvietcuong/video/7566668232828947733,nongvietcuong,Cườngnv,9 DẤU HIỆU SỚM CỦA TIỂU ĐƯỜNG TUÝP 2 - ĐỪNG BỎ QUA #suckhoechomoinguoi #suckhoe247 #timmach #tieuduong #huyetap ,53500,9,195,triệu chứng tiểu đường,2025-10-29T22:37:20+07:00,1M00S
7270450058548481288,https://www.tiktok.com/@suckhoe.tieuduong/video/7270450058548481288,suckhoe.tieuduong,Sức khỏe tiểu đường,4 nguyên tắc đơn giản ngăn chặn TIỂU ĐƯỜNG! #suckhoetieuduong #tieuduong #LearnOnTikTok #SongKhoe247 #tieuduongvadaithaoduong #Bemediajsc #longervideos,170000,89,5779,triệu chứng tiểu đường,2023-08-24T22:00:00+07:00,1M57S
7242630380015095058,https://www.tiktok.com/@bacsyngoc.official/video/7242630380015095058,bacsyngoc.official,Dr Ngọc Clinic,5 cách phòng tránh bệnh tiểu đường hàng đầu dành cho mọi người | Dr Ngọc #tieuduong #tieuduongvadaiduong #benhtieuduong #duphongtieuduong #phongtieuduong #daithaoduong #suckhoe #songkhoe #bacsigiadinh #short #shorts #drngoc,47800,39,1031,triệu chứng tiểu đường,2023-06-09T17:25:10+07:00,59S
7517147811914321170,https://www.tiktok.com/@linhthietthaoduoc/video/7517147811914321170,linhthietthaoduoc,Thuốc Nam Gia Truyền 1984,Nước tiểu có dấu hiệu này coi chừng bị Tiểu Đường rồi nhé ! #linhthiet84 #benhtieuduong #tieuduong #thaidocthan ,13100,3,102,triệu chứng tiểu đường,2025-06-18T11:52:49+07:00,1M12S
7334323539517967617,https://www.tiktok.com/@seriestieuduong/video/7334323539517967617,seriestieuduong,Series Tiểu Đường,Biểu hiện rõ rệt nhất của bệnh tiểu đường #ThanhThoiLuotTet #tieuduongvadaiduong #tieuduong #seriestieuduong #songkhoe247 #bemediajsc ,465400,50,4574,triệu chứng tiểu đường,2024-02-11T19:41:18+07:00,37S
7579835253976485140,https://www.tiktok.com/@duocsithao6/video/7579835253976485140,duocsithao6,Dược sĩ Thảo,14 triệu chứng sớm cảnh báo bệnh tiểu đường #duocsithao #tieuduong #tieuduongtuyp2 #tangduonghuyet #ondinhduonghuyet,1699,2,46,triệu chứng tiểu đường,2025-12-05T19:00:00+07:00,3M59S
7575787651186412820,https://www.tiktok.com/@namduocquydangian/video/7575787651186412820,namduocquydangian,NAM DƯỢC QUÝ DÂN GIAN,Chia sẻ của cụ về tiểu đường  quan tâm áp dụng thử qua nhé ❤#chiase #songkhoe #tieuduongvadaiduong #dangian #songkhoemoingay ,3915,4,49,triệu chứng tiểu đường,2025-11-23T12:25:22+07:00,2M14S
7378089753767365896,https://www.tiktok.com/@drngo/video/7378089753767365896,drngo,BS LỘC - NỘI TIẾT,Tiểu đường mới phát hiện rất dễ trị #bsloc #bslocnoitiet #learnontiktok #medicine #daithaoduong #tieuduong #tieuduongvadaiduong #diabetes ,302000,349,6063,triệu chứng tiểu đường,2024-06-08T18:16:30+07:00,2M18S
7434867571951684882,https://www.tiktok.com/@bsnamnoitiet/video/7434867571951684882,bsnamnoitiet,Bác sĩ Nam nội tiết,Dấu hiệu sớm phát hiện tiểu đường #bsnamnoitiet #education #bsgiangnam #longervideos #LearnOnTikTok #tieuduong ,87300,46,1193,triệu chứng tiểu đường,2024-11-08T18:23:26+07:00,1M02S
7496030045597666567,https://www.tiktok.com/@tung.wellness/video/7496030045597666567,tung.wellness,Tùng Wellness,"Tiểu đường tuýp 2. Nguyên nhân gốc rễ và giải pháp cụ thể, thực tế #tieuduong #nguyennhantieuduong #suckhoe #nghesuckhoe ",11100,38,171,triệu chứng tiểu đường,2025-04-22T14:05:06+07:00,7M46S
7292399466118663426,https://www.tiktok.com/@suckhoe.tieuduong/video/7292399466118663426,suckhoe.tieuduong,Sức khỏe tiểu đường,@mai trình  chỉ số xác định tiểu đường tuýp 2 đây ạ ##tieuduong##tieuduongvadaiduong##suckhoetieuduong##songkhoe247##bemediajsc,105100,24,4420,triệu chứng tiểu đường,2023-10-21T20:14:25+07:00,40S
7290937166669122834,https://www.tiktok.com/@nguyenha.ladieng/video/7290937166669122834,nguyenha.ladieng,Nguyễn Hà (Ladie Ng),Dấu hiệu nhận biết cơ thể bạn đang dần bị tiểu đường tuýp 2. #learnontikok #fatloss #weightloss #khanginsullin #tieuduongvadaiduong #beophi #gaiden #munthit #suckhoe24 ,910100,245,13100,triệu chứng tiểu đường,2023-10-17T21:39:56+07:00,2M44S
7497937059915599122,https://www.tiktok.com/@trancongtrinh286/video/7497937059915599122,trancongtrinh286,Trần Công Trình 286,"Hết Tiểu Đường, Chào Đón Cuộc Sống Mới Với Thảo Dược #cachtritieuduong #thaoduoctieuduong #suckhoe #meohay #xuhuong  #tieuduong #benhtieuduong #trancongtrinh",34800,49,535,triệu chứng tiểu đường,2025-04-27T17:25:17+07:00,1M35S
7597343971848752405,https://www.tiktok.com/@bacsyngoc.official/video/7597343971848752405,bacsyngoc.official,Dr Ngọc Clinic,Triệu chứng cảnh báo sớm bệnh tiểu đường | Dr Ngọc #tieuduong #dauhieutieuduong #bacsigiadinh #short #drngoc,3126,1,50,triệu chứng tiểu đường,2026-01-27T07:00:00+07:00,49S
7615592396943887637,https://www.tiktok.com/@mythu.sam/video/7615592396943887637,mythu.sam,Shop mẹ Sam,Đường huyết tăng cao 400/500 thì nấu ngay nước này uống để hạ nhanh chóng.#tieuduong #tieuduongvadaiduong #bienchungtieuduong #xuhuong #ilovetiktok ,280100,94,8491,triệu chứng tiểu đường,2026-03-10T18:48:16+07:00,1M23S
7457150038620327176,https://www.tiktok.com/@dshangdinhduong/video/7457150038620327176,dshangdinhduong,Dược sĩ Hằng,Tiểu đường loại 2 hoàn toàn có thể điều trị lành thông qua thay đổi lối sống và có kế hoạch ăn uống đúng đủ   #dshangtieuduong88 #dshang #duocsihangtieuduong #tieuduong #tieuduongtuyp2 #dinhduongtieuduong #tieuduongangi #bienchungtieuduong #suckhoe247,36400,47,865,triệu chứng tiểu đường,2025-01-07T19:30:48+07:00,1M19S
7488714624934743351,https://www.tiktok.com/@bstamhuyet/video/7488714624934743351,bstamhuyet,Bác sĩ Tâm huyết,Triệu chứng của bệnh tiểu đường gồm những gì? Cùng nghe chia sẻ đến từ TS.BS Lê Quang Toàn.  #bacsitamhuyet ,15700,12,838,triệu chứng tiểu đường,2025-04-02T20:57:31+07:00,1M31S
7594995133498674453,https://www.tiktok.com/@drdiepdung/video/7594995133498674453,drdiepdung,Dr Diệp Dung Store,Cách Phát Hiện Và Xử Lý Tụt Đường Huyết Tại Nhà! |#BsDiệpDung #suckhoe #chamsocsuckhoe #tieuduong,952,0,1,triệu chứng tiểu đường,2026-01-15T07:00:00+07:00,11S
7519376686039731464,https://www.tiktok.com/@thsbstranthanhhai/video/7519376686039731464,thsbstranthanhhai,Ths Bs Trần Thanh Hải,3 SAI LẦM NGUY HIỂM khi ăn hoa quả - làm cho tiểu đường BIẾN CHỨNG SỚM  #thsbstranthanhhai #tieuduong #daithaoduong #learnontiktok #viral #CapCut ,136200,117,3658,triệu chứng tiểu đường,2025-06-24T12:02:01+07:00,3M11S
7579190191097662736,https://www.tiktok.com/@phc.o.sinh/video/7579190191097662736,phc.o.sinh,Dược sĩ Trần Trọng Phúc,Người bị tiểu đường khi ngủ không có 4 triệu chứng này - xin chúc mừng cô bác! #duocsiphuc #tieuduong #tieuduongtuyp2 #tangduonghuyet #ondinhduonghuyet,236500,68,3469,triệu chứng tiểu đường,2025-12-02T17:00:00+07:00,6M32S
7370356310816214290,https://www.tiktok.com/@univyphuongvo/video/7370356310816214290,univyphuongvo,Võ Vỹ Phương,trước khi bị tiểu đường #longervideos #roiloanchuyenhoa #suckhoe #tieuduong #tuyentuy #tieuduong #longervideos #hoccungtiktok #tieuduongthaiki #tieuduongvadaiduong #learnontiktok #insulin #suckhoe247 #univyphuongvo #momau ,153900,88,1910,triệu chứng tiểu đường,2024-05-18T22:06:49+07:00,1M25S
7426308676035546375,https://www.tiktok.com/@duocbinhdinh.bidiphar/video/7426308676035546375,duocbinhdinh.bidiphar,BIDIPHAR,Bệnh tiểu đường có lây không #bidiphar #tieuduong #Songkhoe247 #Learnontiktok,11300,5,330,triệu chứng tiểu đường,2024-10-16T16:50:33+07:00,1M46S
7536120903273368849,https://www.tiktok.com/@thaoduocritado/video/7536120903273368849,thaoduocritado,Lương Y Nguyễn Công Đức,Bệnh tiểu đường #tieuduong #daithaoduong #insulin #bepharin #yeusinhly #nguyencongduc #baithuocdangian #baithuochay #xuhuong #learnontiktok #viral,10400,6,239,triệu chứng tiểu đường,2025-08-08T18:00:00+07:00,1M27S
7509857762994654465,https://www.tiktok.com/@sadhguru_longtieng/video/7509857762994654465,sadhguru_longtieng,Nhân Sinh Quán 69,4 phương pháp điều trị bệnh tiểu đường ##sadhgurulongtieng #benhtieuduong #suckhoe #tieuduongtuyp2 #bacsi #yhoccotruyen,14500,10,614,triệu chứng tiểu đường,2025-05-29T21:00:00+07:00,59S
7568088652081859858,https://www.tiktok.com/@bs.v.phng/video/7568088652081859858,bs.v.phng,BS VÕ PHƯƠNG ĐỀ,"Cảm giác bất lực là gì.... Là lúc điều trị tiểu đường từ bất thường về bình thường.  Rồi bệnh nhân nói không lấy thuốc nữa, về nhà uống thuốc nam. :( . Anh đau từ lúc em đi",726500,1324,7223,triệu chứng tiểu đường,2025-11-02T18:29:16+07:00,20S
7590935383358147861,https://www.tiktok.com/@_caidau/video/7590935383358147861,_caidau,Cái Đầu,Cách đọc chỉ số glucose nhận biết tiểu đường. #dotquy #momau #caidau #tieuduong ,8466,14,65,triệu chứng tiểu đường,2026-01-03T08:06:22+07:00,1M20S
7339189375202249992,https://www.tiktok.com/@duocsihang88/video/7339189375202249992,duocsihang88,Dược sĩ Hằng,"Cháu năm nay 15 tuổi,bị chuẩn đoán bị Tiểu Đường tuyp 1 thì suy sụp tinh thần trầm trọng #tieuduong #suckhoe #tiêuduongthaiky #learnontiktok ",20500,33,267,triệu chứng tiểu đường,2024-02-24T22:23:11+07:00,3M07S
7474956551678233863,https://www.tiktok.com/@dshangdinhduong/video/7474956551678233863,dshangdinhduong,Dược sĩ Hằng,4 cách kiểm soát đường huyết hiệu quả cho người tiểu đường. Và cách cuối cùng vô cùng đơn giản hiệu quả mà 90% người tiểu đường chưa biết! #dshangtieuduong88 #dshang #duocsihangtieuduong #tieuduong #tieuduongtuyp2 #dinhduongtieuduong #tieuduongangi #bienchungtieuduong #suckhoe247,101700,114,1479,triệu chứng tiểu đường,2025-02-24T19:09:09+07:00,2M11S
7452217366747860231,https://www.tiktok.com/@dshangdinhduong/video/7452217366747860231,dshangdinhduong,Dược sĩ Hằng,Người bệnh tiểu đường ăn bao nhiêu cơm 1 ngày?#duocsihangtieuduong #bienchungtieuduong #suckhoe247 #tieuduong #tieuduongtuyp2 #dinhduongtieuduong #tieuduongangi #dshangtieuduong #dshang,33500,44,541,triệu chứng tiểu đường,2024-12-25T12:29:32+07:00,1M06S
7622085870551633172,https://www.tiktok.com/@thanhngadn3/video/7622085870551633172,thanhngadn3,Bs Thanh Nga,Chế độ ăn của người tiểu đường #creatorsearchinsights #thanhngadongnai #hanhtrinhxaykenh #suckhoe #tieuduong ,27000,2,185,triệu chứng tiểu đường,2026-03-28T06:46:09+07:00,38S
7449364420129524999,https://www.tiktok.com/@dshangdinhduong/video/7449364420129524999,dshangdinhduong,Dược sĩ Hằng,Người bệnh Tiểu Đường nên ăn gì buổi sáng để ít tăng đường huyết #dshangtieuduong  #suckhoe#bienchungtieuduong#tieuduongangi#daithaoduong#chamsocsuckhoechudong ,364500,280,6448,triệu chứng tiểu đường,2024-12-17T19:58:38+07:00,49S
7586634175466327316,https://www.tiktok.com/@phc.o.sinh/video/7586634175466327316,phc.o.sinh,Dược sĩ Trần Trọng Phúc,"Đường đói sáng tăng vọt, HbA1C mãi không giảm. 90% người tiểu đường không biết 6 sai lầm này #duocsiphuc #tieuduong #tieuduongtuyp2 #tangduonghuyet #ondinhduonghuyet",150900,197,2510,triệu chứng tiểu đường,2025-12-22T18:30:00+07:00,7M40S
7595010712510991637,https://www.tiktok.com/@songkhoecungbacsii/video/7595010712510991637,songkhoecungbacsii,Sức khoẻ cùng bác sĩ,Những dấu hiệu bạn đang bị tiểu đường mà bạn chưa biết #drwynntran  thảo luận về #tieuduong #suckhoechomoinguoi #songkhoemoingay #songkhoe247 #sức_khỏe_là_vàng #suckhoe #bacsi ,158900,107,2640,triệu chứng tiểu đường,2026-01-14T07:40:56+07:00,3M35S
7532353119393533191,https://www.tiktok.com/@itsme_xiaoyu03/video/7532353119393533191,itsme_xiaoyu03,小玉,"Không hổ là lão công Triệu Tiểu Đường, ga lăng với người đẹp ghê hen🤭Hôm nay Triệu Tình xinh quá chời với hai chị em dễ thương😘 #trieutieuduong #trieutinh  #zhaoxiaotang #zhaoqing #phamnhantutien ",29700,5,687,triệu chứng tiểu đường,2025-07-29T11:17:10+07:00,23S
7530918537821490440,https://www.tiktok.com/@songkhoemoingay_88/video/7530918537821490440,songkhoemoingay_88,Sống Khoẻ Mỗi Ngày,5 món canh người tiểu đường càng ăn càng khoẻ #suckhoe #suckhoechomoinguoi #tieuduong #ondinhduonghuyet #xuhuong #tiktokviral ,1000000,124,14000,triệu chứng tiểu đường,2025-07-25T14:30:14+07:00,1M05S
7598145042611571984,https://www.tiktok.com/@dstranng/video/7598145042611571984,dstranng,Dược sĩ Trang,4 loại rau người tiểu đường không nên ăn thường xuyên! #duocsitrang #tieuduong #daithaoduong #meohay #rau,232400,190,3184,triệu chứng tiểu đường,2026-01-23T06:00:00+07:00,4M31S
6960293484460772609,https://www.tiktok.com/@thsbsphananhtuan/video/6960293484460772609,thsbsphananhtuan,Ths Bs Phan Anh Tuấn,Trả lời @hoangnhut_1996 BẠN CÓ BIẾT CHỈ SỐ HUYẾT ÁP DÀNH CHO NGƯỜI BỆNH TIỂU ĐƯỜNG? #learnontiktok #thsbsphananhtuan #bacsichinhminh #tieuduong #1mgr,2751,6,110,triệu chứng tiểu đường,2021-05-09T21:13:34+07:00,25S
7185726318514801946,https://www.tiktok.com/@050197_/video/7185726318514801946,050197_,_capricorn,"Co.n bạn thục nữ tí mà cũng khịa cho bằng được =))) Tiểu Đường có đứa bạn thân đáng ăn úynh 🥲 Nếu làm bạn thoải mái như thế , thì mình cứ làm bạn thân thôi ~ 💙🍬 #tần_tiêu_hiền #triệu_tiểu_đường #秦霄贤 #赵小棠 #muốitiêu #tần_khải_toàn #tầntiêuhiền #múi_tiu #德云社 #老秦 #muốitiêu #棠贤 ",513200,66,36500,triệu chứng tiểu đường,2023-01-07T09:08:18+07:00,41S
7224489929169046789,https://www.tiktok.com/@linhtinh.cbiz/video/7224489929169046789,linhtinh.cbiz,Linhtinh_cbiz,Triệu Tiểu Đường bị ngã trên thảm đỏ liên hoan phim Bắc Kinh hôm nay. #viral #weibo #hot #cbiz #fyp ,103200,10,1019,triệu chứng tiểu đường,2023-04-21T20:10:44+07:00,19S
7430371708168588552,https://www.tiktok.com/@zhaoxiaotang42/video/7430371708168588552,zhaoxiaotang42,Mẹ của Đường bảo ~,"Anh Hà ảnh quăng miếng với bé Đường làm bé nó hết hồn xịt keo đơ người 🤣🤣🤣🤣  Trong phim Lạc Mai làm mình khóc, ngoài đời Triệu Tiểu Đường làm mình cười ❤️🫶🏻 #Triệutiểuđường #赵小棠 #zhaoxiaotang #lacmai #xuanhoayem #xuanhoadiem #transoha #modunghuyenliet ",189100,57,5765,triệu chứng tiểu đường,2024-10-27T15:37:12+07:00,26S
7008560133814881538,https://www.tiktok.com/@_targaryenn/video/7008560133814881538,_targaryenn,Minatozaki,Triệu Tiểu Đường tiến cung #youthwithyou #thanhxuancoban2 #zhaoxiaotang,24000,12,589,triệu chứng tiểu đường,2021-09-16T22:52:48+07:00,1M37S
7261852646980504834,https://www.tiktok.com/@ly.oo/video/7261852646980504834,ly.oo,❶  ❷  ⓿  ❷,Lão Tần nhanh chân hay Triệu Tiểu Đường chậm #tantieuhien #capnikhactu #trieutieuduong #hoangminhhao #秦霄贤 #哈妮克孜 #fypシ #xuhuong ,391600,27,12100,triệu chứng tiểu đường,2023-07-31T12:37:13+07:00,13S
7250505258634382598,https://www.tiktok.com/@tt_euyt2003/video/7250505258634382598,tt_euyt2003,Gwalla🍀❤️,"Em bé của Tiểu Đường, vệ sĩ của Hân Hân🤭🤭 #NguThưHân🐟 #TriệuTiểuĐường🍬 #YuShuXin #ZhaoXiaoTang #EstherYu #虞书欣 #赵小堂 #大虞海棠 #大明欣 #The9 #NgôiSaoĐầuCá #鱼头星星 #TiểuThạchLựu🐟 #Gwalla❤️ #fypシ #Love❤️ ",52200,17,3378,triệu chứng tiểu đường,2023-06-30T22:43:29+07:00,21S
7479243374852066567,https://www.tiktok.com/@kienmyhuong.official/video/7479243374852066567,kienmyhuong.official,Kiến Mỹ Hương,tại sao người bệnh tiểu đường lại bị yếu sinh lý - bất lực #kienmyhuong #suckhoe247 #sứckhoẻ #suckhoe #tieuduongtuyp2 #tieuduong #benhtieuduong #daithaoduong #tieuduongvadaiduong #dinhduongtieuduong #dieutritieuduong #suckhoetieuduong #roiloanchuyenhoa #khanginsulin #LearnOnTikTok #longervideos #momau #beophi ,38700,21,310,triệu chứng tiểu đường,2025-03-08T08:24:15+07:00,1M18S
7625503668397296912,https://www.tiktok.com/@cobui537/video/7625503668397296912,cobui537,Sống Khỏe Chủ Động,Top 5 dấu hiệu cảnh báo tiểu đường nhiều người bỏ qua!! #tieuduong #tieuduong #canhbaotieuduong #dauhieutieuduong #suckhoe #kienthucsuckhoe #meosuckhoe #songkhoe #phongbenhhonchuabenh #dauhieucothe #duonghuyet #chamsocsuckhoe #luuyte #benhlythuonggap #khamphasukhoe #thongtinsuckhoe #songlanhmanh #tiktokkienthuc #tiktoksuckhoe #xuhuong #viral,144,0,12,dấu hiệu tiểu đường,2026-04-06T11:49:38+07:00,40S
7626234553257954567,https://www.tiktok.com/@ngalinh_dongy/video/7626234553257954567,ngalinh_dongy,Ngalinhdongy,không cần đến bệnh viện hãy nhìn ngay 2 dấu hiệu này #trainsulin #tieuduong #dongyngalinh ,481,1,17,dấu hiệu tiểu đường,2026-04-08T11:05:05+07:00,2M41S
7616271204923575573,https://www.tiktok.com/@song.khoe.moi.ngay.11/video/7616271204923575573,song.khoe.moi.ngay.11,Sống Khỏe Mỗi Ngày,6 Dấu Hiệu Đường Huyết Đang Tăng Cao #songkhoe #suckhoe #tieuduongvadaiduong #duonghuyet #tieuduong #tieuduongtuyp2 #xuhuong #viral #fyp,8939,2,92,dấu hiệu tiểu đường,2026-03-12T18:30:00+07:00,46S
7546878987193093383,https://www.tiktok.com/@bacsyngoc.official/video/7546878987193093383,bacsyngoc.official,Dr Ngọc Clinic,Những dấu hiệu thường gặp của bệnh tiểu đường | Dr Ngọc #bacsigiadinh #drngoc #shorts #tieuduong #dauhieutieuduong #beophi,1926,7,57,dấu hiệu tiểu đường,2025-09-08T07:00:00+07:00,49S
7365064093914451216,https://www.tiktok.com/@bacsyngoc.official/video/7365064093914451216,bacsyngoc.official,Dr Ngọc Clinic,Dấu hiệu tiểu đường ở giai đoạn sớm | Dr Ngọc #dauhieutieuduong  #tieuduong  #bacsigiadinh  #short #shorts  #drngoc  #bacsingoc,29500,50,237,dấu hiệu tiểu đường,2024-05-05T10:00:00+07:00,33S
7623277780112837889,https://www.tiktok.com/@coxangchuatri/video/7623277780112837889,coxangchuatri,Bách khoa Sống khoẻ,"""🆘 Đừng đợi đến khi hoại tử chân, mờ mắt mới hối hận! Tiểu đường không chừa một ai đâu các bác ơi! Kiểm tra ngay 5 dấu hiệu lén lút trong video xem bạn có đang dính cái nào không nhé! 🌿 Giải pháp sống khỏe cực đơn giản: Cắt đường kính, chuyển sang Đường ăn kiêng, và kết hợp uống Trà Dây Thìa Canh mỗi ngày để ổn định đường huyết tự nhiên. #BachKhoaSongKhoe #TieuDuong #BenhTieuDuong #HealthTips #KienThucSuckhoe #ChămSócSứcKhỏe""",32300,13,243,dấu hiệu tiểu đường,2026-03-31T11:52:08+07:00,33S
7209268243624627482,https://www.tiktok.com/@bacsitranminh/video/7209268243624627482,bacsitranminh,Bác Sĩ Trần Minh,Ngủ Dậy Thấy 3 Dấu Hiệu Này Cảnh Báo Bạn Đang Có Nguy Cơ Bị Đái Tháo Đường - Dr Trần Nhựt Minh #bacsitranminh #drtrannhutminh #tieuduongvadaiduong #tieuduong #daithaoduong #learnontiktok #xuhuong #viral #trending ,1200000,462,25300,dấu hiệu tiểu đường,2023-03-11T19:42:51+07:00,1M08S
7607789711419018517,https://www.tiktok.com/@nguyenoanh.dongy/video/7607789711419018517,nguyenoanh.dongy,ĐÔNG Y OANH NGUYỄN,Những dấu hiệu người tiểu đường sụt ki teo cơ tóp mông bụng to #dongyoanhnguyen  #tieuduongtuyet2  #trainsulinando  #baithaoduoc ,251400,41,9522,dấu hiệu tiểu đường,2026-02-17T18:09:43+07:00,1M30S
7523435442595695890,https://www.tiktok.com/@nguyenoanh.dongy/video/7523435442595695890,nguyenoanh.dongy,ĐÔNG Y OANH NGUYỄN,Cô chú nào bị tiểu đường xem video em chia nhé. Hiện nay bệnh tiểu đường càng ngày cành nhiều người mắt phải. #dongyoanhnguyen  #xuhuong2025  #benhtieuduong  #baithuocdangian ,153700,35,4647,dấu hiệu tiểu đường,2025-07-05T10:32:02+07:00,1M31S
7383938753242352903,https://www.tiktok.com/@songkhoemoingay_85/video/7383938753242352903,songkhoemoingay_85,Sống khoẻ mỗi ngày,Dấu hiệu nhận biết Bệnh tiểu đường #suckhoe #songkhoe #songkhoemoingay #addp #duocphamaddp #addpvienanduong #tieuduong #tieuduongtuyp2 ,333700,47,823,dấu hiệu tiểu đường,2024-06-24T12:33:37+07:00,15S
7617825419898686738,https://www.tiktok.com/@ngoc.bich9690/video/7617825419898686738,ngoc.bich9690,Ngoc Bich,3 dấu hiệu vào buổi sáng cảnh báo biến chứng tiểu đường #khanginsulin #suckhoe #tieuduong #giammo #giamcan ,12900,2,128,dấu hiệu tiểu đường,2026-03-16T19:13:21+07:00,2M28S
7617401815646162184,https://www.tiktok.com/@thankhoetaman0911/video/7617401815646162184,thankhoetaman0911,Hậu Tập Sống Khỏe 💚,"#6 Hành Trình Sống Khỏe Mình làm video này để chia sẻ những dấu hiệu mà trước đây chính mình đã từng gặp phải khi chưa biết mình bị tiểu đường.  Như thừa cân, hay đói bụng, khát nước nhiều, đi tiểu nhiều, hoặc sụt cân bất thường… Nếu anh chị nghe những triệu chứng đó và thấy mình cũng có vài dấu hiệu giống vậy, thì đừng chủ quan. Hãy dành thời gian đi kiểm tra sức khỏe và đo đường huyết để biết rõ tình trạng của mình. Mình chia sẻ câu chuyện này không phải để làm mọi người lo lắng, mà chỉ mong thông qua trải nghiệm của bản thân, mỗi người sẽ quan tâm đến sức khỏe của mình sớm hơn một chút. Vì phát hiện sớm thì mình sẽ có cơ hội điều chỉnh và sống khỏe hơn. 💚#hautapsongkhoe #suckhoe #tieuduong #thinhhanh #tothonmoingay",47200,77,562,dấu hiệu tiểu đường,2026-03-15T15:49:41+07:00,2M04S
7564094239634771208,https://www.tiktok.com/@m.b.eo.t/video/7564094239634771208,m.b.eo.t,Mẹ Bơ Hết Nghiện Đường,5 Dấu hiệu cơ thể bạn đang thừa đường . Một trong những nguyên nhân đến tiểu đường type2 mà bạn không ngờ tới. #yenhip #khanginsulin #health #type2diabetes #khanginsulin #sugar ,453300,81,7614,dấu hiệu tiểu đường,2025-10-23T00:08:57+07:00,1M32S
6907214843674135809,https://www.tiktok.com/@nguyenhuyen9026/video/6907214843674135809,nguyenhuyen9026,MBA Nguyễn Huyền,4 dấu hiệu trên da cảnh báo bệnh tiểu đường #tieuduong #tieuduongvadaiduong    #tieuduongdaiduong  #suckhoe #benhly #dauhieutieuduong #tuvansuckhoe,67000,90,1426,dấu hiệu tiểu đường,2020-12-17T20:21:20+07:00,1M00S
7492217738291612946,https://www.tiktok.com/@thuhuyensuckhoe1/video/7492217738291612946,thuhuyensuckhoe1,THU HUYỀN SỨC KHOẺ,Ngủ dậy có 3 dấu hiệu này nguy cơ tiểu đường #songkhoe247 #suckhoe #lamdep #learontiktok #thuhuyendongy ,35000,21,2154,dấu hiệu tiểu đường,2025-04-12T07:31:28+07:00,1M01S
7404675641808784658,https://www.tiktok.com/@drtrannhutminh/video/7404675641808784658,drtrannhutminh,Dr Trần Nhựt Minh,Ngủ dậy nếu có 3 dấu hiệu này cảnh báo bạn bị tiểu đường | Dr Trần Nhựt Minh #tieuduong #dauhieutieuduong #bacsigiadinh #short #drtrannhutminh,416000,71,2233,dấu hiệu tiểu đường,2024-08-19T13:00:00+07:00,1M08S
7351034753346260242,https://www.tiktok.com/@haichiemnhalacup/video/7351034753346260242,haichiemnhalacup,Chị Em Chúng Mình,Dấu hiệu mắc bệnh tiểu đường #LearnOnTikTok #chiemnhalacup #tieuduong ,185200,88,2879,dấu hiệu tiểu đường,2024-03-27T20:29:17+07:00,36S
7600328035362934032,https://www.tiktok.com/@quangthoritado/video/7600328035362934032,quangthoritado,Thầy Nguyễn Công Đức,Dấu hiệu của bệnh tiểu đường #tieuduong #daithaoduong #insulin #bepharin #nguyencongduc #baithuocdangian #baithuochay #xuhuong #learnontiktok #viral,10300,3,136,dấu hiệu tiểu đường,2026-01-28T16:20:00+07:00,2M13S
7536373640955186440,https://www.tiktok.com/@linhthietthaoduoc/video/7536373640955186440,linhthietthaoduoc,Thuốc Nam Gia Truyền 1984,Có dấu hiệu này báo hiệu Tiểu Đường trở nặng rồi nhé ! #linhthiet84 #benhtieuduong #thaidocthan #cayinsulin #tieuduong #ondinhduonghuyet #cayinsulin ,220200,80,1543,dấu hiệu tiểu đường,2025-08-09T07:18:52+07:00,1M06S
7283517619234196737,https://www.tiktok.com/@bikipsongkhoe2/video/7283517619234196737,bikipsongkhoe2,Bí Kíp Sống Khoẻ,Dấu Hiệu Nhận Biết Bệnh Tiểu Đường.   #benhtieuduong #dauhieunhanbiet #suckhoe #meohay #xuhuong ,44600,6,172,dấu hiệu tiểu đường,2023-09-27T21:48:19+07:00,1M42S
7618161187724741908,https://www.tiktok.com/@oanhthaoduoc/video/7618161187724741908,oanhthaoduoc,Oanh Đông Y,những dấu hiệu như vậy là cô chú có dấu hiệu bệnh tiểu đường trở nên nặng rồi nhé. #oanhdongy  #xuhuongtiktok2026 #thaoduocthiennhien ,14600,5,543,dấu hiệu tiểu đường,2026-03-17T16:56:28+07:00,1M23S
7424485167538113800,https://www.tiktok.com/@duccuong1980/video/7424485167538113800,duccuong1980,Phạm đức Cường,12. Biểu hiện của nệnh tiểu đường anh Chị em lưu ý nhé#learnontiktok #songkhoe247 #xuhuong2023 #xuhuong2022 #xuhuong #nghechuchot #LEARNONTIKTOK #xuhuongtiktok ,137400,59,575,dấu hiệu tiểu đường,2024-10-11T18:54:25+07:00,8S
7382122678829780232,https://www.tiktok.com/@cu.nhan.xet.nghiem/video/7382122678829780232,cu.nhan.xet.nghiem,Bác Định - XÉT NGHIỆM ĐA KHOA,3 Nỗi Đau của Người bị Bệnh Tiểu Đường #tieuduong #suckhoe #learnontiktok ,12200,4,71,dấu hiệu tiểu đường,2024-06-19T15:06:20+07:00,29S
7516549703614352656,https://www.tiktok.com/@haianmoc/video/7516549703614352656,haianmoc,HẢI AN MỘC,Ngứa và dấu hiệu tiểu đường#nhanbiettieuduong #dieutritieuduong #tieuduongangi #xuhuong,13100,28,97,dấu hiệu tiểu đường,2025-06-17T05:30:00+07:00,31S
7571840591605140754,https://www.tiktok.com/@bsduc.bvvietduc/video/7571840591605140754,bsduc.bvvietduc,TS.BS Hoàng Minh Đức,"8 dấu hiệu sớm của bệnh tiểu đường, bạn nhớ để ý kỹ nhé! 🥰 #khoadieutritheoyeucau1c #bsduc #tieuduong #namkhoa #tietnieu ",2048,2,62,dấu hiệu tiểu đường,2025-11-12T21:08:42+07:00,10S
7551805048167157010,https://www.tiktok.com/@hingenmui1001/video/7551805048167157010,hingenmui1001,Hing en Múi,Trả lời @Chơn tuệ nhi  người ốm hay cân đối cũng bị tiểu đường như thường á bạn. Đây là các dấu hiệu cơ thể lên tiếng của chồng tui nè #hingenmui #tieuduong #healthylifestyle #cuocsong #thucdonchonguoitieuduong ,26700,82,266,dấu hiệu tiểu đường,2025-09-19T21:20:33+07:00,1M01S
7519661453494865159,https://www.tiktok.com/@haianmoc/video/7519661453494865159,haianmoc,HẢI AN MỘC,Người bị tiểu đường ăn uống như thế nào#nhanbiettieuduong #dieutritieuduong #tieuduongangi #xuhuong,479,12,23,tiểu đường ăn gì,2025-06-25T06:27:08+07:00,41S
7517423500747984144,https://www.tiktok.com/@haianmoc/video/7517423500747984144,haianmoc,HẢI AN MỘC,cách ăn ngoài cho bệnh nhân tiểu đường#thucantieuduong #dieutritieuduong #tieuduongangi #xuhuong,4455,22,69,tiểu đường ăn gì,2025-06-19T19:30:00+07:00,22S
7546591862572731656,https://www.tiktok.com/@duoclieu_binhan/video/7546591862572731656,duoclieu_binhan,Dược Liệu Bình An,"Tác dụng phụ của Thuốc điều trị Đái Tháo Đường, người bệnh nên xem hết video. #tieuduongvadaiduong #daithaoduongtuyp2 #benhtieuduong #duoclieubinhan #benhtieuduongangi ",4858,9,137,tiểu đường ăn gì,2025-09-05T20:10:44+07:00,7M01S
7562061887362305298,https://www.tiktok.com/@duoclieu_binhan/video/7562061887362305298,duoclieu_binhan,Dược Liệu Bình An,Tiếp Tục Xông Hơi Hạ Đường Huyết An Toàn Dành Cho Người Bị DTD Gặp Vấn Đề Đau Xương Khớp Hạn Chế Vận Động #tieuduongvadaiduong #daithaoduongtuyp2 #benhtieuduongangi #tieuduong #daithaoduong ,2063,8,86,tiểu đường ăn gì,2025-10-17T12:42:20+07:00,3M28S
7517852507071155463,https://www.tiktok.com/@haianmoc/video/7517852507071155463,haianmoc,HẢI AN MỘC,Người bị tiểu đường có ăn được bữa phụ không? #thucantieuduong #dieutritieuduong #tieuduongangi #xuhuong,2970,16,43,tiểu đường ăn gì,2025-06-20T19:30:00+07:00,31S
7516177796700310801,https://www.tiktok.com/@haianmoc/video/7516177796700310801,haianmoc,HẢI AN MỘC,Phòng tránh Tiểu đường mọi lứa tuổi#nhanbiettieuduong #dieutritieuduong #tieuduongangi #xuhuong,780,24,36,tiểu đường ăn gì,2025-06-16T22:00:00+07:00,26S
7421197625929616660,https://www.tiktok.com/@thaovianle_suckhoe/video/7421197625929616660,thaovianle_suckhoe,Thao Happy Share,Tiểu đường thèm ăn vặt thì nên ăn thực phẩm nào ? #tieuduongvadaiduong #tieuduong #benhtieuduong #thaovianlecbch #tieuduongangi ,439,0,4,tiểu đường ăn gì,2024-10-02T22:17:09+07:00,2M16S
7219150393652170011,https://www.tiktok.com/@khanhhoangwellness/video/7219150393652170011,khanhhoangwellness,Khánh Hoàng Wellness Corner,03 Tác động Chăm sóc Người thân Bị Tiểu Đường | Khánh Hoàng #tieuduong #benhtieuduong #tieuduongangi #benhtieuduongangi #short #shorts #khanhhoang #xuhuong ,766,0,15,tiểu đường ăn gì,2023-04-07T10:50:54+07:00,1M31S
7418175480345447700,https://www.tiktok.com/@thaohealthyu40/video/7418175480345447700,thaohealthyu40,Thảo Healthy U40,"Người tiểu đường ko nên chia nhỏ bữa, hãy bỏ dần thói quen này bằng cách huấn luyện cơ thể! #tieuduong #benhtieuduong #daiduong #khanginsulin #canbangchuyenhoa #songkhoe247 #thaohealthyu40 #tieuduongangi #tieuduongannhuthenao #chedoanchonguoitieuduong",6025,8,167,tiểu đường ăn gì,2024-09-24T18:49:37+07:00,1M50S
7527586483146870034,https://www.tiktok.com/@bacsinguyenskin/video/7527586483146870034,bacsinguyenskin,Bác sĩ Nguyên,"Người tiểu đường nên ăn gì giúp phục hồi sức khỏe, ổn định đường máu! #bacsinguyen #bsnguyen",380000,299,7812,tiểu đường ăn gì,2025-07-18T15:00:00+07:00,4M03S
7580950288358477077,https://www.tiktok.com/@nguyenoanh.dongy/video/7580950288358477077,nguyenoanh.dongy,ĐÔNG Y OANH NGUYỄN,Người tiểu đường nhất định phải biết đến loại quả này là quả gì nhé . Kẻo không hối tiết #dongyoanhnguyen  #tieuduong  #tieuduongtuyp2  #trainsulinando  #baithaoduoc,141500,145,5408,tiểu đường ăn gì,2025-12-07T10:19:10+07:00,1M08S
7527525871356235015,https://www.tiktok.com/@nguyenoanh.dongy/video/7527525871356235015,nguyenoanh.dongy,ĐÔNG Y OANH NGUYỄN,Bệnh tiểu đường mà không biết đến loại rau này thì phí vô cùng luôn  Cô chú xem video em chia sẻ nha #dongyoanhnguyen  #xuhuong2025  #benhtieuduong  #tieuduong #cayinsulin,194000,55,9125,tiểu đường ăn gì,2025-07-16T11:04:58+07:00,1M29S
7476454925321473287,https://www.tiktok.com/@me5conyeusuckhoe/video/7476454925321473287,me5conyeusuckhoe,user83121395599,Bữa sáng cho người tiểu đường #nguyenbichphuong #chamocsuckhoechudong #khanginsullin #tieuduongtuyp2 #roiloanchuyenhoa ##roiloanchuyenhoa #caithuoctieuduong ,541200,359,8432,tiểu đường ăn gì,2025-02-28T20:03:37+07:00,2M27S
7499051125551664391,https://www.tiktok.com/@luongynguyenthihien/video/7499051125551664391,luongynguyenthihien,Lương y Nguyễn Thị Hiền,Chế độ ăn tốt nhất cho người tiểu đường#khambenhchuabenh #luongynguyenthihien #suckhoechomoinguoi #suckhoe247 #learnontiktok #videoviral #tieuduong #chedoan #xuhuong,216300,117,4157,tiểu đường ăn gì,2025-04-30T17:28:24+07:00,2M06S
7601515355248282898,https://www.tiktok.com/@alobothuiday/video/7601515355248282898,alobothuiday,Alo Bơ Thúi Đây,"Thực đơn bữa sáng 7 ngày cho mẹ bầu tiểu đường thai kỳ, các mẹ có thể tham khảo nhé, mẹ Bơ trv ăn rau trước, đạm, tinh bột ít đường, ưu tiên các món nhanh dễ chế biến #alobothuiday #kinhnghiemmangbau #tieuduongthaiky #mebauangi ",86500,64,1141,tiểu đường ăn gì,2026-01-31T20:21:57+07:00,1M46S
7550700919835479314,https://www.tiktok.com/@hingenmui1001/video/7550700919835479314,hingenmui1001,Hing en Múi,[Món hấp cho người tiểu đường] - Chén thịt hấp tôm trứng #hingenmui #tieuduong #thucdonchonguoitieuduong #healthylifestyle #ancungtiktok ,301600,99,4397,tiểu đường ăn gì,2025-09-16T21:56:00+07:00,48S
7219489445618240794,https://www.tiktok.com/@khanhhoangwellness/video/7219489445618240794,khanhhoangwellness,Khánh Hoàng Wellness Corner,02 Cơ Chế Kiểm Soát Bệnh Tiểu Đường Ai Cũng Phải Biết | Khánh Hoàng #tieuduong #benhtieuduong #tieuduongangi #benhtieuduongangi #khanhhoang #bacsichinhminh #suckhoe #learnontiktok ,276,0,6,tiểu đường ăn gì,2023-04-08T08:46:26+07:00,53S
7542429007053065493,https://www.tiktok.com/@doang148/video/7542429007053065493,doang148,Vượt tiểu đường thai kỳ,Tiểu đường thai kỳ có ảnh hưởng như thế nào tới em bé? #tđtk #tđtkangi #tieuduongthaiki #tieuduongthaiky #kiemsoatduonghuyet #chiasekinhnghiem ,2838,5,27,tiểu đường ăn gì,2025-08-25T14:56:46+07:00,1M38S
7367215159732964616,https://www.tiktok.com/@luongy.nguyenthi.nghe/video/7367215159732964616,luongy.nguyenthi.nghe,Lương y Nguyễn Thị Nghê,Chế độ ăn ngược cho người bệnh tiểu đường#tieuduong#chedoannguoitieuduong #,131500,99,1855,tiểu đường ăn gì,2024-05-16T11:20:00+07:00,2M59S
7606125013858651412,https://www.tiktok.com/@tuyethuong548/video/7606125013858651412,tuyethuong548,🍒Tuyết Hương 🍒,"Isomalt – ngọt thanh, thân thiện cho người tiểu đường #duongankieng #tieuduong #suckhoetieuduong #baovesuckhoe #xh ",814,1,3,tiểu đường ăn gì,2026-02-13T06:29:56+07:00,18S
7589496942535773460,https://www.tiktok.com/@aai_pharma__/video/7589496942535773460,aai_pharma__,Aai Pharma,Người tiểu đường không cần khiêng nhiều chỉ cần ăn đúng #xh #suckhoe #viral #aaipharma #tieuduong,197,0,7,tiểu đường ăn gì,2025-12-31T21:30:00+07:00,52S
7242160869608541446,https://www.tiktok.com/@bsphamnhat/video/7242160869608541446,bsphamnhat,Bs Phạm Nhật,"Mẹ Bầu tiểu đường thai kỳ ""kiêng đường"" NÊN hay KHÔNG NÊN?!! #trend #xh #bsphamquangnhat #bsphamnhat #thainhi #tieuduongthaiki #thaikykhoemanh ",333700,519,4243,tiểu đường ăn gì,2023-06-08T11:03:00+07:00,29S
7625800953844845842,https://www.tiktok.com/@caitiemtaphoa2011/video/7625800953844845842,caitiemtaphoa2011,Cái Tiệm Tạp Hoá,"Đường ăn kiêng Splenda, dùng cho người ăn kiêng, người tiểu đường hoặc các mẹ tiểu đường thai kỳ nhé #duongankieng #duongankiengsplenda #review #splenda #xuhuong ",205,1,2,tiểu đường ăn gì,2026-04-07T07:02:32+07:00,24S
7601017271619800327,https://www.tiktok.com/@trnhlm33/video/7601017271619800327,trnhlm33,Tường Vi 1676,Bị tiểu đường nên ăn Ngô ngọt hay Ngô nếp  #tieuduong  #tieuduongvadaiduong  #songhieudesongkhoe  #videoviralitiktok ,407,2,10,tiểu đường ăn gì,2026-01-30T12:09:08+07:00,2M05S
7623984930913062152,https://www.tiktok.com/@thuthuydang799/video/7623984930913062152,thuthuydang799,Thuthuydang,⚠️ Bữa ăn chuẩn cho người tiểu đường mọi người cùng chia sẻ nhé #tieuduong #dauhieutieuduong #benhtieuduong #kienthucsuckhoe  #phongbenh,378,0,7,tiểu đường ăn gì,2026-04-02T09:35:28+07:00,10S
7591102793507917076,https://www.tiktok.com/@thy.nguyn5746/video/7591102793507917076,thy.nguyn5746,Thảo dược thiên nhiên,Tiểu đường đường cao khó ổn định lưu lại ngay bài em chia sẻ#baithuocdangian #tieuduongvadaiduong #xuhuong2025 #tieuduong #xuhuong ,701,1,4,tiểu đường ăn gì,2026-01-03T18:55:56+07:00,46S
7625089009278110996,https://www.tiktok.com/@yensaothuytung2208/video/7625089009278110996,yensaothuytung2208,Yến Sào Thuỷ Tùng,“Còn thắc mắc gì về cách dùng Yến cho người tiểu đường 👉 comment hoặc ib mình giải đáp liền tay nha ✨”,374,1,3,tiểu đường ăn gì,2026-04-05T08:59:50+07:00,43S
7569896119946333458,https://www.tiktok.com/@huong_lalihiu/video/7569896119946333458,huong_lalihiu,Quỳnh Hương ❤️,"#đường ăn kiêng lọ 1200 viên dành cho người tiểu đường, ăn kiêng #duongchonguoitieuduong #mivolis ",69,0,2,tiểu đường ăn gì,2025-11-09T06:00:00+07:00,29S
7624025269640301845,https://www.tiktok.com/@tuyetnhii2407/video/7624025269640301845,tuyetnhii2407,Tuyết Nhi ở Cần Giờ nè✅,"Đường ăn kiêng không kcal thích hợp cho người đang giảm cân, tiểu đường, chế độ ăn đặc biệt #tuyetnhiocangione #viral #review ",132,1,7,tiểu đường ăn gì,2026-04-02T12:12:00+07:00,48S
7607317920644861192,https://www.tiktok.com/@songkhoe50/video/7607317920644861192,songkhoe50,Sống khoẻ 5.0,10 món ăn sáng tốt cho người tiểu đường #suckhoe #kienthucsuckhoe #suckhoeds #suckhoedoisong #chamsocsuckhoe ,43800,10,437,tiểu đường ăn gì,2026-02-16T11:38:54+07:00,50S
7625680941180046609,https://www.tiktok.com/@hoi.phng591/video/7625680941180046609,hoi.phng591,Hoài phương,Người tiểu đường nhất định xem hết video này 👇#trendingreels #video #fypシ゚ #viralreelschallenge #hoaiphuong,1567,1,23,tiểu đường ăn gì,2026-04-06T23:17:23+07:00,18S
7538599936682691860,https://www.tiktok.com/@ngocdiep9.0/video/7538599936682691860,ngocdiep9.0,Ngọc Diệp 9.0,Viên uống An đường huyết hỗ trợ cải thiện ổn định chỉ số đường giảm tê bì chân tay tiểu đêm khát nước ăn toàn lành tính ko phụ thuộc sản phẩm #tieuduong #anduonghuyet #duonghuyetcao #ondinhduonghuyet #tieuduongtuyp2 ,402,0,3,tiểu đường ăn gì,2025-08-15T07:18:18+07:00,1M03S
7484953572677897479,https://www.tiktok.com/@luongynguyenthihien/video/7484953572677897479,luongynguyenthihien,Lương y Nguyễn Thị Hiền,Chế độ ăn ngược cho người tiểu đường#luongynguyenthihien #khambenhchuabenh #suckhoe247 #suckhoechomoinguoi #learnontiktok #videoviral #tieuduong #chedoan#xuhuong,7528,6,94,tiểu đường ăn gì,2025-03-23T17:42:44+07:00,1M44S
7547958036514589970,https://www.tiktok.com/@khuyennuocgiat80/video/7547958036514589970,khuyennuocgiat80,nuocgiat,đường ăn kiêng dành những anh chị tiểu đường#tieuduong #duongankieng #duongbap #review #ankieng ,1045,1,4,tiểu đường ăn gì,2025-09-09T12:32:13+07:00,34S
7561661883787365650,https://www.tiktok.com/@duongthuyduong232/video/7561661883787365650,duongthuyduong232,Dương Thuỳ Dương 232,Bánh bông lan dinh dưỡng dành cho người ăn kiêng - tiểu đường #banhbonglan #ankieng #tieuduong #banhngon #healthy ,1113,0,2,tiểu đường ăn gì,2025-10-16T10:50:10+07:00,55S
7594801656961731848,https://www.tiktok.com/@mebegau_1/video/7594801656961731848,mebegau_1,Mẹ bé Gấu🧸,Mẹ bầu tiểu đường thai kì 1 ngày ăn gì? #mebegau #tieuduongthaiki #dailylife #mangthai ,48500,78,705,tiểu đường ăn gì,2026-01-13T18:09:20+07:00,56S
7564779929787796757,https://www.tiktok.com/@thaomockhanhhoa/video/7564779929787796757,thaomockhanhhoa,Thảo mộc Khánh Hoà🌱,"Đường ăn kiêng cho người tiểu đường, người ăn chế độ #duongankieng ",540,0,2,tiểu đường ăn gì,2025-10-24T20:29:44+07:00,42S
7562053091676163335,https://www.tiktok.com/@.trainsulin.ando/video/7562053091676163335,.trainsulin.ando,Thiều Tài,tiểu đường uốn cà-phê được không #trainsulin #ấnđộ  #trị#tiểuđường #tiểuđườngtiep,142,0,3,tiểu đường ăn gì,2025-10-17T12:08:12+07:00,1M20S
7538402866462002439,https://www.tiktok.com/@nguyenoanh.dongy/video/7538402866462002439,nguyenoanh.dongy,ĐÔNG Y OANH NGUYỄN,Bệnh tiền đường tuýp 2 mà bỏ quá loại lá này phí vô cùng luôn cô chú ạ Loại lá này trong vườn cô chú rất nhiều. #dongyoanhnguyen  #xuhuong2025  #benhtieuduong  #tieuduongtuyp2  #tracayinsulin ,99800,31,3180,tiểu đường ăn gì,2025-08-14T18:33:16+07:00,1M23S
7341043382027865362,https://www.tiktok.com/@dr.phanhongson/video/7341043382027865362,dr.phanhongson,Dr. Phan Hồng Sơn,Người bị tiểu đường nên ăn như thế nào? #songkhoe247 #drphanhongson #tieuduong #learnontiktok #diligroup ,113900,60,1564,tiểu đường ăn gì,2024-02-29T22:17:41+07:00,1M02S
7546658086111431943,https://www.tiktok.com/@dinhduongtoancau/video/7546658086111431943,dinhduongtoancau,Dinh Dưỡng Quốc Tế D&P,cùng nghe chuyên gia dinh dưỡng quốc tế. Hồ Chí Dũng chia sẻ về bệnh tiểu đường tuýp 2 có thể bỏ được thuốc nhờ giải pháp ăn uống khoa học. #tieuduongtuyp2 #lophocdinhduong #dinhduongquocte ,189,2,4,tiểu đường ăn gì,2025-09-07T06:00:58+07:00,3M21S
7576539641646517525,https://www.tiktok.com/@thaomockhanhhoa2/video/7576539641646517525,thaomockhanhhoa2,Thảo Khánh Hoà,"Ai mà đang ăn kiêng, ăn chế độ, ăn healthy, người bị tiểu đường thì nên dùng đường ăn kiêng la hán quả này #duongankieng #duonglahanqua ",1103,0,2,tiểu đường ăn gì,2025-11-25T13:03:33+07:00,47S
7518957144490642706,https://www.tiktok.com/@songkhoemoingay_85/video/7518957144490642706,songkhoemoingay_85,Sống khoẻ mỗi ngày,Tiểu Đường + Gan Nhiễm Mỡ! 5 Loại rau nên ăn Hàng ngày #gan #gannhiemmo #tieuduong #tieuduongtuyp2 #songkhoemoingay #suckhoe #songkhoe ,182000,24,2556,tiểu đường ăn gì,2025-06-23T08:53:59+07:00,1M02S
7453419880856046855,https://www.tiktok.com/@thaovianle_suckhoe/video/7453419880856046855,thaovianle_suckhoe,Thao Happy Share,Người bị tiểu đường có nên nhjn ăn sáng không ? #thaovianlecbch #tieuduong #canbangchuyenhoa ,667,0,6,tiểu đường ăn gì,2024-12-28T18:15:53+07:00,1M51S
7569620729994562823,https://www.tiktok.com/@mecubotuoimeo/video/7569620729994562823,mecubotuoimeo,Mẹ Cubo Tuổi Mèo,"Ai mà đang bị tiểu đường hoặc ăn uống nhiều dầu mỡ, tiêu hoá kém, ngủ không ngon có thể tham khảo trà thảo mộc tự nhiên này nha #trathaomoc #tongrentang #tieuduong #mecubotuoimeo ",16500,64,121,tiểu đường ăn gì,2025-11-06T21:34:32+07:00,39S
7359590654260841745,https://www.tiktok.com/@nongsananquocthai/video/7359590654260841745,nongsananquocthai,Thảo Dược Quốc Thái,Tiểu đường nên ăn và kiêng ăn gì? #tieuduong #tieuduongkienggi #benhtieuduong #meohay #meohay🇻🇳🇧🇷 #meohaysuckhoe #monanbaithuoc #luongynguyencongduc #kenhthuocnamanquocthai #thaoduocanquocthai #kenhthuocnam #xuhuong #baithuoc ,4653,1,83,tiểu đường kiêng gì,2024-04-19T21:50:37+07:00,1M25S
7398210416578514184,https://www.tiktok.com/@tracayinsulinando7/video/7398210416578514184,tracayinsulinando7,Lê Thị Diễm Hương,Tiểu đường nên ăn sang bột ngủ cốc không#benhtieuduong #benhtieuduongkienggi #BenhTieuDuong ,2781,2,25,tiểu đường kiêng gì,2024-08-01T23:34:57+07:00,1M38S
7246036009438301445,https://www.tiktok.com/@luongtuyetthanh.me4con/video/7246036009438301445,luongtuyetthanh.me4con,Lương Tuyết Thanh.Tiens,Tại sao không thích ngọt vẫn bị tiểu đường..!!??#luongtuyetthanh #suckhoechomoinguoi #tieuduong #benhtieuduong #tieuduong #tieuduongkienggi ,18500,1,196,tiểu đường kiêng gì,2023-06-18T21:40:31+07:00,1M32S
7616567865696685319,https://www.tiktok.com/@ngalinh_dongy/video/7616567865696685319,ngalinh_dongy,Ngalinhdongy,người tiểu đường có nên kiêng ngọt tuyệt đối hay không  #trainsulin #dongyngalinh #tieuduong ,17200,3,829,tiểu đường kiêng gì,2026-03-13T09:53:26+07:00,3M22S
7398524383255350546,https://www.tiktok.com/@tracayinsulinando7/video/7398524383255350546,tracayinsulinando7,Lê Thị Diễm Hương,Một loại lá quật ngã bệnh tiểu đường#benhtieuduongkienggi #BenhTieuDuong #cachkiemsoattieuduong #DieuTriTieuDuong ,4637,1,102,tiểu đường kiêng gì,2024-08-02T19:53:16+07:00,19S
7499478538341420296,https://www.tiktok.com/@naturallifeacademy/video/7499478538341420296,naturallifeacademy,NaturalLife Academy,Bệnh tiểu đường nên kiêng ăn gì? #tieuduong #benhtieuduong #tieuduongkienggi ,168100,15,317,tiểu đường kiêng gì,2025-05-01T21:07:01+07:00,8S
7552729312844205320,https://www.tiktok.com/@doadang_90/video/7552729312844205320,doadang_90,doa dang 90,Bác nào bị tiểu đường thì kiêng ngay những thực phẩm này nhé #doadang1990 #tieuduong #tieuduongtuyp1 #tieuduongtuyp2 #xuhuong2025🥰 ,44200,14,1007,tiểu đường kiêng gì,2025-09-22T09:07:15+07:00,1M49S
7484120563833736456,https://www.tiktok.com/@ngalinh_dongy/video/7484120563833736456,ngalinh_dongy,Ngalinhdongy,tiểu đường kiêng ăn gì #tieuduong  #xuhuong  #duocsyngalinh ,8127,2,72,tiểu đường kiêng gì,2025-03-21T11:50:15+07:00,2M08S
7293377265906306312,https://www.tiktok.com/@drduyenvn/video/7293377265906306312,drduyenvn,Dr Duyên,Tiểu đường thì nhất định phải kiêng ăn gì?    #drduyen #xuhuong #fyp #suckhoe ,22300,4,163,tiểu đường kiêng gì,2023-10-24T11:28:47+07:00,1M22S
7189102940546731265,https://www.tiktok.com/@drppars/video/7189102940546731265,drppars,Dr PPARs,Người bệnh tiểu đường nên kiêng gì? #kienthuc #suckhoe #tieuduong #daithaoduong #learnontiktok #fyp #drppars #tieuduongnenkienggi,3955,0,854,tiểu đường kiêng gì,2023-01-22T21:00:00+07:00,20S
7568696953165384981,https://www.tiktok.com/@dsnguyendailam/video/7568696953165384981,dsnguyendailam,Ds Nguyễn Đại Lâm,Lý do người bị tiểu đường chỉ nên dùng đường ăn kiêng #dsdailam #songkhoe247 #tieuduong #duong0calo #monkfruitCT ,415200,7,1176,tiểu đường kiêng gì,2025-11-04T09:49:50+07:00,1M12S
7449889366777859346,https://www.tiktok.com/@hung_tieu_duong/video/7449889366777859346,hung_tieu_duong,TIỂU ĐƯỜNG VIỆT NAM,Bữa ăn tốt cho người tiểu đường #tieuduong #khanginsulin #slim #omega #hungtieuduong ,159500,253,2239,tiểu đường kiêng gì,2024-12-19T05:56:01+07:00,2M55S
7602822741305101589,https://www.tiktok.com/@ths.ds.buithienkhanh/video/7602822741305101589,ths.ds.buithienkhanh,ThS-Ds.Bùi Thiện Khánh,Người tiểu đường nên sử dụng đường ăn kiêng? #tieuduong #daithaoduong #dskhanhbui ,28200,2,311,tiểu đường kiêng gì,2026-02-11T17:00:00+07:00,54S
7570715086373833991,https://www.tiktok.com/@bococaxinchao/video/7570715086373833991,bococaxinchao,COCA CỦA BỐ MẸ,"Trả lời @HuyenTrang 🐳  Thực đơn ăn kiêng tiểu đường thai kỳ của vợ em đây ạ , mời các mom thăm khảo #bocuakim #tieuduongthaiky #suckhoemebau ",9465,21,94,tiểu đường kiêng gì,2025-11-09T20:21:12+07:00,32S
7540631035327859986,https://www.tiktok.com/@sieu_thi_suc_khoe/video/7540631035327859986,sieu_thi_suc_khoe,Sieu Thi Suc Khoe 365,"Đường Splenda cho người tiểu đường, ăn kiêng, giảm cân. #tieuduong #duongankieng #duong #splenda #xuhuong ",14200,13,77,tiểu đường kiêng gì,2025-08-20T18:39:41+07:00,17S
7505761498438962450,https://www.tiktok.com/@duongtuankiet91/video/7505761498438962450,duongtuankiet91,Dương Tuấn Kiệt91,"#lethihongnhi #tieuduongthaiky mom nào đang bị tiểu đường thai  kỳ có thể tham khảo cách ăn kiêng cùng em nhé , đây là kinh nghiệm mà em đã từng trải qua hôm nay muốn chia sẻ lại cho các mom đang bị tiểu đường thai kỳ đây ạ ",905,5,17,tiểu đường kiêng gì,2025-05-18T19:28:05+07:00,1M41S
7543793735549734165,https://www.tiktok.com/@doang148/video/7543793735549734165,doang148,Vượt tiểu đường thai kỳ,Tiểu đường thai kỳ đã mang lại gì cho tui? Hãy suy nghĩ mọi thứ tích cực hơn nha các bà #tđtk #tđtkangi #tieuduongthaiki #tieuduongthaiky #kiemsoatduonghuyet #chiasekinhnghiem ,15300,52,218,tiểu đường kiêng gì,2025-08-29T07:12:40+07:00,2M26S
7615849396030229778,https://www.tiktok.com/@nhunhu.596/video/7615849396030229778,nhunhu.596,🌈Tiệm Nhà THỏ🥕🐇,Đường ăn kiêng Cỏ Ngọt hỗ trợ giảm lượng đường tiêu thụ trong cơ thể #duongankieng #tieuduong #duong #ankieng #xuhuong ,1808,3,46,tiểu đường kiêng gì,2026-03-11T11:25:25+07:00,31S
7507251465841282311,https://www.tiktok.com/@duongtuankiet91/video/7507251465841282311,duongtuankiet91,Dương Tuấn Kiệt91,Cùng ăn kiêng nha các mom tiểu đường thai kỳ ơi #lethihongnhi #tieuduongthaiky ,14200,28,105,tiểu đường kiêng gì,2025-05-22T19:49:53+07:00,1M06S
7513944971607592200,https://www.tiktok.com/@duongtuankiet91/video/7513944971607592200,duongtuankiet91,Dương Tuấn Kiệt91,Tiểu đường thai kỳ ăn kiêng như thế nào hôm nay cùng ăn kiêng với tôi nhé #lethihongnhi #tieuduongthaiky ,16400,35,97,tiểu đường kiêng gì,2025-06-09T20:44:08+07:00,1M11S
7156201411569667355,https://www.tiktok.com/@vothitietlieu1993/video/7156201411569667355,vothitietlieu1993,Dược sĩ Liệu❤,"Những ai bị tiểu đường thì ngoài uống thuốc vs chích insulin ra thì ta nên dùng đường kiêng dành cho người tiểu dg ,kèm theo chế độ tập dục sh lành mạnh thì đg huyết sẽ ổn định#xuhuongtiktok #duocsilieu #tieuduong ",9688,10,26,tiểu đường kiêng gì,2022-10-19T19:36:25+07:00,18S
7518733334705392897,https://www.tiktok.com/@suckhoelavang_01/video/7518733334705392897,suckhoelavang_01,Sức Khỏe Là Vàng,Đường bắp dành cho người tiểu đường Hộp 50 gói. #duongkieng #duongbap #duongankieng #tieuduong #tratieuduong #tiktok #suckhoe #xuhuong #tieuduong ,6626,4,20,tiểu đường kiêng gì,2025-06-22T18:25:53+07:00,23S
7182056151893216538,https://www.tiktok.com/@master.baonguyen/video/7182056151893216538,master.baonguyen,Master Trainer Bảo Nguyên,Người bị tiểu đường có nên sử dụng đường ăn kiêng ? #ASSA #Gym #Fitness #ĐàoTạoHuấnluyệnviên #họcviệnứngdụngkhoahọcthểthao #Master_baonguyen #triggerpoint ,29700,10,831,tiểu đường kiêng gì,2022-12-28T11:46:04+07:00,2M26S
7616220569062640904,https://www.tiktok.com/@nhunhu.596/video/7616220569062640904,nhunhu.596,🌈Tiệm Nhà THỏ🥕🐇,Đường ăn kiêng Cỏ Ngọt hỗ trợ giảm lượng đường tiêu thụ trong cơ thể #duongankieng #tieuduong #duong #ankieng #xuhuong ,461,2,24,tiểu đường kiêng gì,2026-03-12T11:25:45+07:00,22S
7616592223471176978,https://www.tiktok.com/@nhunhu.596/video/7616592223471176978,nhunhu.596,🌈Tiệm Nhà THỏ🥕🐇,Đường ăn kiêng Cỏ Ngọt hỗ trợ giảm lượng đường tiêu thụ trong cơ thể #duongankieng #tieuduong #duong #ankieng #xuhuong ,401,6,24,tiểu đường kiêng gì,2026-03-13T11:27:57+07:00,19S
7580370796057545992,https://www.tiktok.com/@huong_lalihiu/video/7580370796057545992,huong_lalihiu,Quỳnh Hương ❤️,#đường cho người tiểu đường ăn kiêng #duongtieuduong #duongankieng #mivolis ,188,0,2,tiểu đường kiêng gì,2025-12-07T11:00:00+07:00,25S
7559830545757179144,https://www.tiktok.com/@lee.hoa25/video/7559830545757179144,lee.hoa25,Anh Gà Rừng,đường ăn kiêng dành cho người tiểu đường  #viral #trending #xuhuong #duongbienhoa @Anh Gà Rừng và 299 người khác ,19100,18,285,tiểu đường kiêng gì,2025-10-11T12:23:35+07:00,15S
7451435721178565906,https://www.tiktok.com/@hung_tieu_duong/video/7451435721178565906,hung_tieu_duong,TIỂU ĐƯỜNG VIỆT NAM,Đường tự nhiên nào an toàn cho người tiểu đường? #tieuduong #duongtunhien #duonglahan #duongankieng #congot #hungtieuduong ,9430,9,133,tiểu đường kiêng gì,2024-12-23T09:56:25+07:00,2M59S
7392579508915752208,https://www.tiktok.com/@hu.healthy7/video/7392579508915752208,hu.healthy7,Đồ ă vặt healthy,"Bánh mỳ dẻo ăn kiêng dành cho người tiểu đường , béo phì , ngừoi muốn giảm cân#banhmydeoankieng #tiktok #doanvatheathy ",25000,86,172,tiểu đường kiêng gì,2024-07-17T19:24:13+07:00,13S
7589129435744374024,https://www.tiktok.com/@nhunhu.596/video/7589129435744374024,nhunhu.596,🌈Tiệm Nhà THỏ🥕🐇,Đường ăn kiêng cỏ ngọt hỗ trợ giảm lượng đường tiêu thụ trong cơ thể #duongankieng #duong #tieuduong #xuhướng #trending ,308,1,26,tiểu đường kiêng gì,2025-12-29T11:18:18+07:00,25S
7561269864908868882,https://www.tiktok.com/@thien_tam_10/video/7561269864908868882,thien_tam_10,Tạp hóa Thiện Tâm(1993),"đường kien 1200 viên ,cô chú ,a chị bị tiểu đường, kiên đường,thì tham khảo đường viên này ạ  #đuongkien  #xhuong ",692,3,6,tiểu đường kiêng gì,2025-10-15T09:28:56+07:00,13S
7546431187636505874,https://www.tiktok.com/@giangnoitiettw/video/7546431187636505874,giangnoitiettw,Giang Nội Tiết,Tiểu đường thai kỳ - Series Giải đáp thắc mắc | Phần 16 #giangnoitiet #tieuduongthaiki #tieuduongthaikyangi #tieuduongthaiky,3871,8,45,tiểu đường kiêng gì,2025-09-05T09:47:14+07:00,38S
7437340559213104392,https://www.tiktok.com/@rongmerongcon_00/video/7437340559213104392,rongmerongcon_00,Mẹ Cốm,1 ngày mẹ bầu tiểu đường thai kỳ ăn gì ??  #xuhuongtiktok  #mevabe  #ankieng  #tieuduong ,17000,66,212,tiểu đường kiêng gì,2024-11-15T10:19:54+07:00,1M08S
7454897085242952967,https://www.tiktok.com/@thieutaidinhduong.com/video/7454897085242952967,thieutaidinhduong.com,Thiều Tài,"tiểu đường mà sụt cân phải làm sao, phương pháp chưa ai biết#daithaoduong#daithaoduongthaiky#tieuduongvadaithaoduong#daithaoduongtuyp2#thieutai#sứckhoetieuduong#tieuduongtuyp1#tieuduongtuyp1vatuyp2#tieuduongtuyp2p#duonghuyet#hạduonghuyet#kiemsoatduonghuyet#dieutritieuduong#tieuduongsutcanphailamsao#suckhoe#",79200,134,1792,tiểu đường kiêng gì,2025-01-01T17:48:11+07:00,1M46S
7325242861174181121,https://www.tiktok.com/@tranxuanson.com/video/7325242861174181121,tranxuanson.com,Trần Sơn.,06 triệu chứng sớm của bệnh tiểu đường cần nhận biết để phòng tránh | Trần Sơn #transon #tieuduong #tieuduongvadaiduong #chamsocsuckhoechudong,149600,178,2304,tiểu đường kiêng gì,2024-01-18T08:23:48+07:00,4M40S
7535864350402235655,https://www.tiktok.com/@con_laboonday/video/7535864350402235655,con_laboonday,Thủy Bi,"Bánh gạo lứt ăn kiêng, người bị tiểu đường #banhgaolut #banhankieng #eatclean #banhchonguoitieuduong #xuhuong  @Thủy Bi 96 ",784200,160,2525,tiểu đường kiêng gì,2025-08-07T22:22:31+07:00,1M00S
7401868969084259602,https://www.tiktok.com/@nguyentrungha.tpn/video/7401868969084259602,nguyentrungha.tpn,Ds. Nguyễn Trung Hà TPN,6 thực phẩm khiến đường huyết LÊN XUỐNG THẤT THƯỜNG mà người bị tiểu đường phải kiêng kỵ #suckhoe #health #tieuduongvadaiduong #tieuduong #thinhhanh #thienphucnhan ,23600,17,236,tiểu đường kiêng gì,2024-08-11T20:12:00+07:00,1M37S
7598139803032358151,https://www.tiktok.com/@bacsibien/video/7598139803032358151,bacsibien,Bác sĩ Biên,So sánh thực phẩm đối với Tiểu Đường | P1 #tieuduong #bacsibien,159700,13,1619,tiểu đường kiêng gì,2026-01-27T19:05:00+07:00,32S
7412875709611347206,https://www.tiktok.com/@me_be_tue_anh/video/7412875709611347206,me_be_tue_anh,ĐOÁ BẾU ( Mẹ Tuệ Anh ),"bánh nướng nguyên cám Biscotti cho người ăn kiêng, người bị tiểu đường, mẹ bầu tiểu đường thai kỳ không lo tăng đường. #biscotti #banhankieng #tieuduongthaiky #tieuduongthaiki #tieuduong #tieuduongvadaiduong ",47600,7,444,tiểu đường kiêng gì,2024-09-10T12:03:57+07:00,20S
7200603677332163867,https://www.tiktok.com/@dsnguyenquy_1993/video/7200603677332163867,dsnguyenquy_1993,Ds Quý kênh sức khỏe,Người tiểu đường cần kiêng ăn gì?#dsnguyenquy #tieuduong #learnontiktok #songkhoe247 #xuhuong ,9231,14,144,tiểu đường kiêng gì,2023-02-16T11:19:55+07:00,1M05S
7545861308021886215,https://www.tiktok.com/@giangnoitiettw/video/7545861308021886215,giangnoitiettw,Giang Nội Tiết,Tiểu đường thai kỳ - Series Giải đáp thắc mắc | Phần 11 #giangnoitiet #tieuduongthaiki #tieuduongthaikyangi #tieuduongthaiky,2174,19,22,tiểu đường kiêng gì,2025-09-03T20:55:49+07:00,35S
7227071019209575686,https://www.tiktok.com/@songkhoe.cungtoi/video/7227071019209575686,songkhoe.cungtoi,Sống Khỏe Cùng Tôi,14 Thực Phẩm Nên Ăn  Và  Hạn Chế Khi Bị Tiểu đường #tieuduong #suckhoechomoinguoi #songkhoe #benhtieuduong #songkhoe.cungtoi,155900,39,1237,tiểu đường kiêng gì,2023-04-28T19:06:42+07:00,7S
7309335037051161858,https://www.tiktok.com/@trathaoduochuongxuan24/video/7309335037051161858,trathaoduochuongxuan24,Công Ty Thảo Dược Hương Xuân,"người tiểu đường, nên ăn đu đủ không?#suckhoechomoinguoi #ondinhduonghuyet #songkhoesongdep #xuhuong #thinhhanh ",43100,5,286,tiểu đường kiêng gì,2023-12-06T11:33:07+07:00,1M34S
7619810915646557461,https://www.tiktok.com/@drdiepdung/video/7619810915646557461,drdiepdung,Dr Diệp Dung Store,Tiểu Đường Đến Mức Này Thì Không Còn Chữa Khỏi Được Nữa!  #BsDiệpDung #tieuduong #duonghuyet,136,0,2,tiểu đường kiêng gì,2026-03-22T06:40:00+07:00,11S
7566447789882854674,https://www.tiktok.com/@mengoc.co2betrai/video/7566447789882854674,mengoc.co2betrai,Mẹ Ngọc Có 2 Bé Trai,Ngày 23 mẹ bầu tiểu đường thai kỳ ăn kiêng #yenngoc #nhatkylamme93 #mebau #mangthai #tieuduongthaiki ,11900,26,134,tiểu đường kiêng gì,2025-10-29T08:21:55+07:00,51S
7598139927355788562,https://www.tiktok.com/@bacsibien/video/7598139927355788562,bacsibien,Bác sĩ Biên,So sánh thực phẩm đối với Tiểu Đường | P2 #tieuduong #bacsibien,145600,27,2000,tiểu đường kiêng gì,2026-01-28T19:00:00+07:00,36S
7310058597499571458,https://www.tiktok.com/@trathaoduochuongxuan24/video/7310058597499571458,trathaoduochuongxuan24,Công Ty Thảo Dược Hương Xuân,"tiểu đường, ăn khoai lang được không? #suckhoechomoinguoi #suckhoemoinha24h #tieuduong #suckhoe #xuhuong #thinhhanh ",112500,3,338,tiểu đường kiêng gì,2023-12-08T10:20:54+07:00,1M25S
7571038284562943250,https://www.tiktok.com/@dsmonghuynh/video/7571038284562943250,dsmonghuynh,DƯỢC TỪ TÂM HUYNH,tiểu đường nên ăn đương kiêng nào#duongkieng #tieuduong #bienchungtieuduong #duocsimonghuynh ,4293,2,42,tiểu đường kiêng gì,2025-11-10T17:15:23+07:00,48S
7502631776339201298,https://www.tiktok.com/@dinhduongkhoahoc247/video/7502631776339201298,dinhduongkhoahoc247,Dinh Dưỡng Khoa Học,10 món anq vặt an toàn cho người tiểu đường #tieuduong #bacsytieuduong #xhhhhhhhhhhhhhhhhhhhhhhh #dinhduongtieuduong #diabetes #xuhuong #dinhduong #trending #xhhhh #diabetes ,12800,3,114,tiểu đường kiêng gì,2025-05-10T09:03:15+07:00,1M27S
7542151246329793800,https://www.tiktok.com/@duongtuankiet91/video/7542151246329793800,duongtuankiet91,Dương Tuấn Kiệt91,Trả lời @Thương đây là hai món canh tiểu đường thai  kỳ mấy bà nên ăn nè #lethihongnhi #tieuduongthaiky ,37700,40,270,tiểu đường kiêng gì,2025-08-24T20:58:53+07:00,1M46S
7441569931340041490,https://www.tiktok.com/@luongynguyenthihien/video/7441569931340041490,luongynguyenthihien,Lương y Nguyễn Thị Hiền,Người tiểu đường nên ăn đường thế nào cho đúng?#khambenhchuabenh #luongynguyenthihien #viralvideo #suckhoe #suckhoechomoinguoi #songkhoe #tieuduong #ankieng #xuhuong,8453,2,151,tiểu đường kiêng gì,2024-11-26T19:52:00+07:00,3M45S
7480396929881378066,https://www.tiktok.com/@tuananhxetnghiem/video/7480396929881378066,tuananhxetnghiem,Tuấn Anh XN,Tiểu đường type 1 hay type 2 nguy hiểm hơn? #yhcttaybac #LearnOnTiktok #suckhoe #tieuduong,25100,11,118,tiểu đường kiêng gì,2025-03-11T11:00:40+07:00,12S
7490972673422494983,https://www.tiktok.com/@mrs.kim596/video/7490972673422494983,mrs.kim596,MRS KIM PROWELLNESS,Tiểu đường ăn bánh ăn kiêng có được không? #suckhoer247 #mrskim #learnontiktok #khanginsulin #tieuduong #canbangchuyenhoa #momau #gannhiemmo #nhinangiandoan #thaidoc #giammobung ,6601,15,141,tiểu đường kiêng gì,2025-04-08T22:59:56+07:00,1M32S
7582264148478758152,https://www.tiktok.com/@ms_hanhphuc/video/7582264148478758152,ms_hanhphuc,Ms Hạnh Phúc,Mẹ bầu bị tiểu đường thai kỳ có khỏi được không? Khi nào hết tiểu đường thai kỳ? Sẽ là cả hành trình dài của các mẹ đến tận khi sinh em bé đấy! #mshanhphuc #tieuduongthaiky #tdtk #fyp ,17900,90,172,tiểu đường kiêng gì,2025-12-10T23:17:29+07:00,1M08S
7563476021681327367,https://www.tiktok.com/@mengoc.co2betrai/video/7563476021681327367,mengoc.co2betrai,Mẹ Ngọc Có 2 Bé Trai,Ngày 19 mẹ bầu tiểu đường thai kỳ ăn kiêng #yenngoc #nhatkylamme93 #mangthai #mebau #tieuduongthaiki ,13700,30,122,tiểu đường kiêng gì,2025-10-21T08:09:56+07:00,1M04S
7499107432677887240,https://www.tiktok.com/@daothiha1284/video/7499107432677887240,daothiha1284,Đào Thị Hà,15 năm 1 chặng đường - Làm bạn cùng tiểu đường tuýp 1! #bacsytotnhatlachinhminh  #tieuduongtuyp1 ,1281,18,27,tiểu đường kiêng gì,2025-04-30T21:06:54+07:00,59S
6924639021431917826,https://www.tiktok.com/@duocsidongoc84/video/6924639021431917826,duocsidongoc84,Ds_Đỗ Ngọc,Trả lời @xitrum1701 dấu hiệu của bệnh tiểu đường đây bạn nhé!#dược_sĩ_đỗ_ngọc #ellastudy #learnontiktok #suckhoe #tieuduong,154000,205,3452,tiểu đường kiêng gì,2021-02-02T19:16:03+07:00,29S
7445625833349188872,https://www.tiktok.com/@bsnamnoitiet/video/7445625833349188872,bsnamnoitiet,Bác sĩ Nam nội tiết,Người tiểu đường và chiếc kiềng 3 chân!!! #education #LearnOnTikTok #longervideos #bsgiangnam #bsnamnoitiet #noitiet #suckhoe #tieuduong #ankieng ,29800,27,727,tiểu đường kiêng gì,2024-12-07T18:10:58+07:00,1M31S
7576863382679112961,https://www.tiktok.com/@bacsibien/video/7576863382679112961,bacsibien,Bác sĩ Biên,Chấm điểm thực phẩm tốt cho người tiểu đường | P1 #thucpham #tieuduong #bacsibien,340100,106,9556,tiểu đường kiêng gì,2025-11-26T11:10:00+07:00,48S
7578690666943745288,https://www.tiktok.com/@mengoc.co2betrai/video/7578690666943745288,mengoc.co2betrai,Mẹ Ngọc Có 2 Bé Trai,Ngày 60 mẹ bầu tiểu đường thai kỳ ăn kiêng #yenngoc #mengocco2betrai #tieuduongthaiki #mangthai #mebau ,4496,1,66,tiểu đường kiêng gì,2025-12-01T08:10:30+07:00,36S
7524572440073161991,https://www.tiktok.com/@mc.ng.an/video/7524572440073161991,mc.ng.an,Mộc Đường An,4 sai lầm ăn kiêng khiến tiểu đường khó kiểm soát #thuocnamsuckhoe #tieuduong #suckhoe #suckhoe247 #suckhoechomoinguoi #tinhbot #traicay #qua #rau ,21700,6,116,tiểu đường kiêng gì,2025-07-08T12:04:09+07:00,26S
7545339474956307730,https://www.tiktok.com/@giangnoitiettw/video/7545339474956307730,giangnoitiettw,Giang Nội Tiết,Tiểu đường thai kỳ - Series Giải đáp thắc mắc | Phần 6 #giangnoitiet #tieuduongthaiki #tieuduongthaikyangi #tieuduongthaiky,275,4,3,tiểu đường kiêng gì,2025-09-02T11:10:53+07:00,1M00S
7405368067171142919,https://www.tiktok.com/@suckhoegiadinh66/video/7405368067171142919,suckhoegiadinh66,Sức Khoẻ Gia Đình,Nhịn ăn sáng dễ bị tiểu đường #tieuduong #tieuduongvadaiduong #thaoduocmoccan ,1300000,511,12100,tiểu đường kiêng gì,2024-08-21T06:30:28+07:00,2M41S
7580734944968822023,https://www.tiktok.com/@phuongsayyes/video/7580734944968822023,phuongsayyes,Phương Say Yes,Chỉ các mẹ bị tiểu đường thai kỳ mới hiểu. Ăn xong chỉ trực chờ test thui #phuongsayyes #tieuduongthaiki #testtieuduong ,847,0,9,tiểu đường kiêng gì,2025-12-06T20:23:20+07:00,1M01S
7398920436496551186,https://www.tiktok.com/@merong2con/video/7398920436496551186,merong2con,Healthykhoedep,"Bột ngũ cốc ăn kiêng Việt Đài, SP Dinh dương dành cho người tiểu đường bà rối loạn đường huyết #xuhuong #viralvideo #ngucocankieng #ngucoankiengvietdai",46300,35,137,tiểu đường kiêng gì,2024-08-03T21:30:11+07:00,25S
7618124725448985874,https://www.tiktok.com/@vocucshop/video/7618124725448985874,vocucshop,Võ Cúc Shop,Đường cho người tiểu đường người ăn kiêng #vocucshop #duongan #duongankieng ,811,0,3,tiểu đường kiêng gì,2026-03-17T14:34:57+07:00,19S
7021189916717550875,https://www.tiktok.com/@dr.phanhongson/video/7021189916717550875,dr.phanhongson,Dr. Phan Hồng Sơn,Cần kiêng ăn gì khi bị TIỂU ĐƯỜNG? #drphanhongson #diligroup #xuhuong #songkhoe247,92300,27,1654,tiểu đường kiêng gì,2021-10-20T23:42:48+07:00,1M22S
7527886837227080967,https://www.tiktok.com/@maininh89/video/7527886837227080967,maininh89,MaiNinh,Người tiểu đường có nên ăn đường ăn kiêng không#khanginsulin #gannhiemmo #momau #tieuduong #maininh89 #xuhuong ,16200,7,110,tiểu đường kiêng gì,2025-07-17T10:25:43+07:00,1M44S
7613685063921700117,https://www.tiktok.com/@annhien.mebe/video/7613685063921700117,annhien.mebe,An Nhiên Mẹ & Bé,"Các mẹ ơi!  Tiểu đường thai kỳ, tiền sản giật - DO NHAU THAI, GEN - KHÔNG TẠI MẸ! 😭 MẸ NÀO ĐANG BỊ ĐỔ LỖI? TAG BÀ VÀO ĐỌC NÀY! 👇#mangthai #tiểuuườngthaikỳ #tiềnsảngiật #viral #xuhuongtiktok",6939,5,106,tiểu đường kiêng gì,2026-03-05T19:30:00+07:00,1M28S
7577305499129957633,https://www.tiktok.com/@ds.maibinh/video/7577305499129957633,ds.maibinh,Dược sĩ Mai Bình,Chỉ số bao nhiêu là mắc tiểu đường? #dsmaibinh #tieuduong #tieuduongtuyp2 #tangduonghuyet #ondinhduonghuyet,14400,3,223,tiểu đường kiêng gì,2025-11-27T15:00:00+07:00,1M36S
7267441700652453122,https://www.tiktok.com/@cugiarautom/video/7267441700652453122,cugiarautom,Cụ Già Râu Tôm,Bệnh tiểu đường ngày càng phổ biến ở người trẻ. #khoahocvui #hoathinhvui #hoathinhkhoahoc #hoathinhgiaoduc #xuhuong #cugiarautom,27400,23,503,tiểu đường kiêng gì,2023-08-15T14:06:05+07:00,3M53S
7353170204278426897,https://www.tiktok.com/@bacsyngoc.official/video/7353170204278426897,bacsyngoc.official,Dr Ngọc Clinic,tiền tiểu đường hiểu thế nào cho đúng? | Dr Ngọc #tientieuduong  #kiemsoatduonghuyet  #duonghuyet  #tieuduong  #benhtieuduong  #suckhoe  #caithiensuckhoe  #songkhoe  #songkhoemoingay  #short  #shorts  #bacsigiadinh  #drngoc,20500,67,291,tiểu đường kiêng gì,2024-04-04T09:00:00+07:00,1M08S
7536021444036283666,https://www.tiktok.com/@bacsiphuongdong23/video/7536021444036283666,bacsiphuongdong23,Phương Đông Health Care,Xét nghiệm tiểu đường tha.i kỳ có thật sự cần thiết? #bsiphuongdong #mebau #thaiky #xetnghiem #tieuduong #xhtiktok ,229600,256,3202,tiểu đường kiêng gì,2025-08-08T08:32:13+07:00,58S
7472687753482833159,https://www.tiktok.com/@songkhoemoingay_85/video/7472687753482833159,songkhoemoingay_85,Sống khoẻ mỗi ngày,10 Loại trái cây Người Tiểu đường nên ăn #songkhoemoingay #tieuduong #traicay,256700,48,2081,tiểu đường ăn trái cây gì,2025-02-18T16:25:23+07:00,34S
7605873955823471879,https://www.tiktok.com/@songkhoe50/video/7605873955823471879,songkhoe50,Sống khoẻ 5.0,Những trái cây tối cho người tiểu đường #suckhoe #kienthucsuckhoe #suckhoeds #suckhoedoisong #chamsocsuckhoe ,54700,9,546,tiểu đường ăn trái cây gì,2026-02-12T14:15:38+07:00,1M04S
7536069094374690056,https://www.tiktok.com/@nguyenoanh.dongy/video/7536069094374690056,nguyenoanh.dongy,ĐÔNG Y OANH NGUYỄN,Người tiểu đường đa số không dám ăn trái cây là đây nhé Xem video em chia sẻ nha #dongyoanhnguyen  #xuhuong2025  #benhtieuduong  #tieuduongtuyp2  #tracayinsulin ,58200,17,3200,tiểu đường ăn trái cây gì,2025-08-08T11:37:02+07:00,1M50S
7538631831533440263,https://www.tiktok.com/@comnhaminh6688/video/7538631831533440263,comnhaminh6688,Cơm nhà mình,10 loại trái cây người tiểu đường nên ăn giúp ổn định đường huyết #xuhuong #traicay #tieuduong #suckhoe #suckhoechomoinguoi ,92500,14,919,tiểu đường ăn trái cây gì,2025-08-15T09:21:46+07:00,34S
7245186836610452737,https://www.tiktok.com/@luongy.nguyenthi.nghe/video/7245186836610452737,luongy.nguyenthi.nghe,Lương y Nguyễn Thị Nghê,Người bệnh tiểu đường nên ăn trái cây gì để không bị tăng đường huyết#luongynguyenthinghe #benhtieuduong #benhtieuduongnenangi,117200,18,955,tiểu đường ăn trái cây gì,2023-06-17T19:30:00+07:00,1M30S
7614788000802786581,https://www.tiktok.com/@song.khoe.moi.ngay.11/video/7614788000802786581,song.khoe.moi.ngay.11,Sống Khỏe Mỗi Ngày,8 Loại Trái Cây Người Tiểu Đường Có Thể Ăn Mà Không Sợ Đường Huyết Tăng Vọt #duonghuyet #songkhoe #suckhoe #tieuduongvadaiduong #tieuduong #fyp #viral #xuhuong,31400,10,313,tiểu đường ăn trái cây gì,2026-03-08T18:30:00+07:00,1M00S
7561000515862154503,https://www.tiktok.com/@dr.minh.duy/video/7561000515862154503,dr.minh.duy,Dr Minh duy,Người tiểu đường nhất định phải biết tới quả này #trending  #xuhuong  #suckhoechomoinguoi  #xuhuongtiktok  #drduy ,396000,1258,13900,tiểu đường ăn trái cây gì,2025-10-14T16:03:42+07:00,54S
7532303841644137746,https://www.tiktok.com/@ha.tran.03/video/7532303841644137746,ha.tran.03,Khoẻ Đẹp cùng Hà Trần,10 Loại trái cây người tiểu đường nên ăn #tieuduong #tieuduongvadaiduong #khoedep #suckhoechomoinguoi #chamsoc #suckhoe ,7882,1,59,tiểu đường ăn trái cây gì,2025-07-29T08:06:02+07:00,33S
7553499242216688897,https://www.tiktok.com/@gocnhosongkhoe/video/7553499242216688897,gocnhosongkhoe,Góc nhỏ sống khoẻ✅,Những loại trái cây tốt cho người tiểu đường không phải ai cũng biết #tieuduong #chamsocsuckhoe #xuhuong ,77700,16,923,tiểu đường ăn trái cây gì,2025-09-24T10:55:06+07:00,1M00S
7524320879640071431,https://www.tiktok.com/@bacsinguyenskin/video/7524320879640071431,bacsinguyenskin,Bác sĩ Nguyên,Người tiểu đường ăn những loại trái cây này là cực tốt! #bacsinguyen #bsnguyen,62000,113,1504,tiểu đường ăn trái cây gì,2025-07-09T08:00:00+07:00,5M00S
7612942642384620820,https://www.tiktok.com/@songkhoekhoahoc89/video/7612942642384620820,songkhoekhoahoc89,Sống Khoẻ Khoa Học,Lợi ích không ngờ từ quả Bí đao 🥒 với người mắc tiểu đường. Anh chị lưu video và chia sẻ cho người thân mình biết thêm thông tin hữu ích nhé! #tieuduong #bidao #suckhoe #songkhoe #meosongkhoe ,28300,6,536,tiểu đường ăn trái cây gì,2026-03-03T15:25:49+07:00,38S
7547564824608214279,https://www.tiktok.com/@linhthietthaoduoc/video/7547564824608214279,linhthietthaoduoc,Thuốc Nam Gia Truyền 1984,Loại Trái cây này người Tiểu Đường tha hồ ăn mà không lo tăng đường huyết ! #linhthiet84 #benhtieuduong #ondinhduonghuyet #thaidocthan #tracayinsulin #tieuduong #,26000,7,507,tiểu đường ăn trái cây gì,2025-09-08T11:06:22+07:00,1M45S
7618866111790026005,https://www.tiktok.com/@thaoduocritado/video/7618866111790026005,thaoduocritado,Lương Y Nguyễn Công Đức,Tiểu đường có nên ăn trái cây không #tieuduong #daithaoduong #insulin #bepharin #nguyencongduc #baithuochay #baithuocdangian #learnontiktok #xuhuong #viral,25800,14,375,tiểu đường ăn trái cây gì,2026-03-19T15:00:00+07:00,2M10S
7509781099745266945,https://www.tiktok.com/@phanthanhvinh_vinhata/video/7509781099745266945,phanthanhvinh_vinhata,VINHATA FOOD,5 quả người tiểu đường nên ăn hàng tuần #vinhatafood #quả #traicay #tieuduong #daithaoduong #songkhoe,29500,0,195,tiểu đường ăn trái cây gì,2025-06-02T11:50:00+07:00,46S
7289428741648878850,https://www.tiktok.com/@trathaoduochuongxuan24/video/7289428741648878850,trathaoduochuongxuan24,Công Ty Thảo Dược Hương Xuân,Top các loại trái cây tốt cho người tiểu đường #songkhoecungmoccan #songkhoe #suckhoe #tieuduong #traicaydanhchobenhtieuduong #thaoduocmoccan #thinhhanh #xuhuong ,48800,0,565,tiểu đường ăn trái cây gì,2023-10-13T20:06:30+07:00,1M16S
7544707465892384018,https://www.tiktok.com/@tnksuckhoe/video/7544707465892384018,tnksuckhoe,TRẦN NGỌC KHÁNH,5 loại trái cây người tiểu đường nên ăn thường xuyên mỗi ngày #suckhoe #tieuduong #tieuduongvadaiduong #tnksuckhoe #daithaoduongthaiky  ,39100,11,479,tiểu đường ăn trái cây gì,2025-08-31T18:18:19+07:00,1M38S
7584611557007445269,https://www.tiktok.com/@tam.dan046.thaoduoctutam/video/7584611557007445269,tam.dan046.thaoduoctutam,Tâm Đan Thảo Dược,Người tiểu đường nên ăn 4 loại trái cây sau đây vì rất tốt cho đường huyết.#tieuduong #tieuduongvadaiduong #bienchungtieuduong #xuhuong #ilovetiktok ,8412,2,88,tiểu đường ăn trái cây gì,2025-12-17T07:06:41+07:00,2M10S
7557351092363791633,https://www.tiktok.com/@bacluongdinhduongthan/video/7557351092363791633,bacluongdinhduongthan,Bác Lượng dinh dưỡng thận,"Thận yếu, tiểu đường thèm ngọt thì nên ăn gì #tuvandinhduongthan #suythan #tieuduong #food ",96700,39,2079,tiểu đường ăn trái cây gì,2025-10-04T20:02:28+07:00,1M02S
7506808482222329096,https://www.tiktok.com/@dinhduongkhoahoc247/video/7506808482222329096,dinhduongkhoahoc247,Dinh Dưỡng Khoa Học,10 loại trái cây người tiểu đường có thể ăn hàng ngày #tieuduong #dinhduong #xhhhhhhhhhhhhhhhhhhhhhhh #dinhduongtieuduong #trending #diabetes #bacsytieuduong #dinhduongkhoahoc ,7287,0,58,tiểu đường ăn trái cây gì,2025-05-21T15:10:53+07:00,1M01S
7604355197116140807,https://www.tiktok.com/@alobothuiday/video/7604355197116140807,alobothuiday,Alo Bơ Thúi Đây,"Tết đến nhà ai cũng mua nhiều hoa quả để ăn, các mẹ bầu tiểu đường nên chọn lọc các loại hoa quả nhé. #chamcon #alobothuiday #tieuduongthaiky #tieuduonganquagi ",32700,10,565,tiểu đường ăn trái cây gì,2026-02-08T12:02:00+07:00,2M12S
7563530682933316881,https://www.tiktok.com/@phanthanhvinh_vinhata/video/7563530682933316881,phanthanhvinh_vinhata,VINHATA FOOD,8 trái cây giúp ổn định đường huyết tự nhiên #vinhatafood #traicay #duonghuyet #tieuduong #songkhoe,6244,4,48,tiểu đường ăn trái cây gì,2025-10-22T19:05:00+07:00,42S
7504959783317818632,https://www.tiktok.com/@bacsinguyenskin/video/7504959783317818632,bacsinguyenskin,Bác sĩ Nguyên,Bị tiểu đường có nên ăn bưởi hay không? #bacsinguyen #bsnguyen,34300,18,775,tiểu đường ăn trái cây gì,2025-05-18T20:00:00+07:00,2M38S
7531241781200211218,https://www.tiktok.com/@nguyenoanh.dongy/video/7531241781200211218,nguyenoanh.dongy,ĐÔNG Y OANH NGUYỄN,Cô chú bị tiểu đường nhât định phải biết đến cái loại trái cây này nhé #dongyoanhnguyen  #xuhuong2025  #benhtieuduong  #tieuduongtuyp2 ,7774,4,388,tiểu đường ăn trái cây gì,2025-07-26T11:24:37+07:00,1M28S
7528275443372313864,https://www.tiktok.com/@duocsithao6/video/7528275443372313864,duocsithao6,Dược sĩ Thảo,"12 loại quả ""nghèo"" đường, đường huyết cực thích #duonghuyet ##tieuduongvadaiduong #tieuduongthaiki #tieuduongtuyp2 #tieuduong #duocsithao",67400,17,1325,tiểu đường ăn trái cây gì,2025-07-19T20:00:00+07:00,54S
7239705713847618818,https://www.tiktok.com/@dandendilamsodo/video/7239705713847618818,dandendilamsodo,Tự Phòng Bệnh,Người bệnh tiểu đường ăn được mận hay không #tieuduong #daithaoduong #phongbenh #tuphongbenh,54800,24,706,tiểu đường ăn trái cây gì,2023-06-01T20:17:07+07:00,1M20S
7623978567990365461,https://www.tiktok.com/@suckhoetuoigia1978/video/7623978567990365461,suckhoetuoigia1978,Sức khoẻ tuổi già,3 Loại Trái Cây Người Tiểu Đường Nên Ăn,372,0,9,tiểu đường ăn trái cây gì,2026-04-02T13:00:00+07:00,1M02S
7490782949483236616,https://www.tiktok.com/@songkhoemoingay_85/video/7490782949483236616,songkhoemoingay_85,Sống khoẻ mỗi ngày,10 Loại hoa quả ít đường Người Tiểu đường nên ăn #tieuduong #tieuduongtuyp2 #daithaoduong #songkhoe #songkhoemoingay #suckhoe #suahat #suahatdinhduong #glucareplus,36800,8,339,tiểu đường ăn trái cây gì,2025-04-08T10:44:04+07:00,34S
7488645284977822996,https://www.tiktok.com/@coffeeforhealth/video/7488645284977822996,coffeeforhealth,Doctor AI – Sống Khỏe Mỗi Ngày,7 loại quả vàng cho người tiểu đường! 🥑🍓 Bạn đã biết chưa? 🤔  Xem ngay để ăn đúng và kiểm soát đường huyết hiệu quả! ⬇️⬇️  #TráiCâyChoNgườiTiểuĐường #SốngKhỏeMỗiNgày #KiểmSoátĐườngHuyết #DinhDưỡngKhoaHọc #SốngKhỏeMỗiNgày #ChămSócSứcKhỏe #PhòngNgừaBệnhTật #LốiSốngLànhMạnh #DinhDưỡngLànhMạnh #BữaĂnDinhDưỡng #BữaĂnThôngMinh #NutritionCoffee #SứcKhỏeDinhDưỡng #CàPhêDinhDưỡng,419,2,20,tiểu đường ăn trái cây gì,2025-04-03T07:45:00+07:00,1M08S
7230321900898028805,https://www.tiktok.com/@tranxuanson.com/video/7230321900898028805,tranxuanson.com,Trần Sơn.,04 loại trái cây cực tốt cho người tiểu đường #transon #tieuduong #tieuduongvadaiduong #chamsocsuckhoechudong ,16900,2,198,tiểu đường ăn trái cây gì,2023-05-07T13:21:46+07:00,25S
7581703911266929941,https://www.tiktok.com/@ths.ds.buithienkhanh/video/7581703911266929941,ths.ds.buithienkhanh,ThS-Ds.Bùi Thiện Khánh,3 loại trái cây BN Đái tháo đường có thể ăn #tieuduong #daithaoduong #xuhuong #viral #dskhanhbui ,17200,7,175,tiểu đường ăn trái cây gì,2025-12-12T05:30:00+07:00,1M06S
7583607176032308497,https://www.tiktok.com/@duocsithoa96/video/7583607176032308497,duocsithoa96,duocsithoa96,"Người tiểu đường, ăn ngay trái cây này nhé các bác, không lo tăng đường huyết #tieuduong #duonghuyet #daithaoduong #insulin #suckhoe #duocsithoa #fbreels",156,3,10,tiểu đường ăn trái cây gì,2025-12-14T17:05:00+07:00,2M10S
7361431174389976327,https://www.tiktok.com/@duocsithuytb/video/7361431174389976327,duocsithuytb,Vui khoẻ cùng dược sĩ Thuý,Trái cây tốt cho bệnh nhân tiểu đường #QTPhucAnKhang #duocsiThuy #tieuduong  #traicay ,667,7,18,tiểu đường ăn trái cây gì,2024-04-24T20:52:45+07:00,1M23S
7299611736162766088,https://www.tiktok.com/@30days__giamcanlanhmanh/video/7299611736162766088,30days__giamcanlanhmanh,30 Days - Giảm Cân Lành Mạnh,"Top những trái cây ít đường dành cho người tiểu đường và béo phì. *Những thông tin trên chỉ mang tính chất tham khảo, không thay thế cho việc chẩn đoán hoặc điều trị y khoa. #30 Days - Giảm Cân Lành Mạnh  #Chonyeusuckhoe #Chonanuonglanhmanh #Chongiamcanlanhmanh #Chonloisonglanhmanh #HealthyLiving #Healthyfood #Xuhuong2023 #Tiktok ",16200,0,201,tiểu đường ăn trái cây gì,2023-11-10T06:41:54+07:00,10S
7330605027247148290,https://www.tiktok.com/@suckhoethucpham/video/7330605027247148290,suckhoethucpham,Sức Khỏe & Thực Phẩm,Trái cây cho người tiểu đường #tieuduong #traicay #suckhoe ,3443,2,19,tiểu đường ăn trái cây gì,2024-02-01T19:11:34+07:00,21S
7291662120012352769,https://www.tiktok.com/@thienvanshop2/video/7291662120012352769,thienvanshop2,Thiên Vân Shop,Người bị tiểu đường nên ăn quả gì? #suckhoe #meohaysuckhoe #meohaysuckhoe #tieuduong #health #thienvanshop2 #xuhuong ,11400,0,108,tiểu đường ăn trái cây gì,2023-10-19T20:33:10+07:00,32S
7398185818134695176,https://www.tiktok.com/@nhathuocdaiminh/video/7398185818134695176,nhathuocdaiminh,Dược Sĩ Đại Minh,10 loại trái cây người bị tiểu đường nên em #tieuduongvadaiduong #duocsidaiminh ,43400,1,299,tiểu đường ăn trái cây gì,2024-08-01T21:59:28+07:00,27S
7546898115047984405,https://www.tiktok.com/@tiu.ng.sc.kho.thi/video/7546898115047984405,tiu.ng.sc.kho.thi,THIỀU TÀI - TIỂU ĐƯỜNG,4 loại trái cây tưởng ngọt. Nhưng lại rất tốt cho người bị tiểu đường #tieuduongvadaiduong #tieuduong #trainsulin #suckhoe ,129,0,3,tiểu đường ăn trái cây gì,2025-09-06T15:59:11+07:00,40S
7481664617559772421,https://www.tiktok.com/@hientrangd/video/7481664617559772421,hientrangd,D.S HIỀN TRANG,Tốp 5 loại trái cây người tiểu đường có thể ăn được #suckhoe #hientrangsuckhoe #hientrangd #chamsocsuckhoechudong #tieuduong #noitiettonu ,303,0,6,tiểu đường ăn trái cây gì,2025-03-14T20:59:55+07:00,56S
7516758382720666897,https://www.tiktok.com/@haianmoc/video/7516758382720666897,haianmoc,HẢI AN MỘC,bệnh tiểu đường ăn được táo khô ?#thucantieuduong #dieutritieuduong #tieuduongangi #xuhuong,1487,24,39,tiểu đường ăn trái cây gì,2025-06-17T11:00:00+07:00,23S
7564258598826544385,https://www.tiktok.com/@phc.o.sinh/video/7564258598826544385,phc.o.sinh,Dược sĩ Trần Trọng Phúc,"Mận Tím trái cây "" Vàng"" giúp ngươì tiểu đường ổn định đương huyết ít người biết cách ăn đúng #tieuduong #bienchungtieuduong #kiemsoatduonghuyet #duocsiphuc ##xuhuong",215,0,4,tiểu đường ăn trái cây gì,2025-10-23T10:47:52+07:00,1M25S
7525784859172818194,https://www.tiktok.com/@baithuocdangian99/video/7525784859172818194,baithuocdangian99,BÀI THUỐC🍀DÂN GIAN,Khắc tinh của Tiểu Đường #tieuduong #tinhchatnhau #baithuochay #baithuocdangian ,7007,17,67,tiểu đường ăn trái cây gì,2025-07-11T18:28:56+07:00,36S
7308220129446333698,https://www.tiktok.com/@tranxuanson.com/video/7308220129446333698,tranxuanson.com,Trần Sơn.,Tiểu đường nên ăn Thanh Long đỏ trừ 03 nhóm người này ##transon##tieuduong##tieuduongvadaiduong##chamsocsuckhoechudong##LearnOnTikTok,25900,11,215,tiểu đường ăn trái cây gì,2023-12-03T11:26:45+07:00,2M41S
7525701369718705415,https://www.tiktok.com/@trinhoanh1984/video/7525701369718705415,trinhoanh1984,TRỊNH THỊ OANH $,10 loại trái cây người bị tiểu đường nên ăn #giammo ,11200,8,97,tiểu đường ăn trái cây gì,2025-07-11T13:05:00+07:00,27S
7234798503178849542,https://www.tiktok.com/@nguyenhongsuckhoe/video/7234798503178849542,nguyenhongsuckhoe,HỒNG LITI,"10 loại quả có chỉ số đường huyết thấp dành cho người tiểu đường, béo phì hay mỡ máu #trái_cây #đườnghuyết #gi #giammo #healthy #calorie #giátridinhduong #giảmcân ",20200,5,101,tiểu đường ăn trái cây gì,2023-05-19T14:53:15+07:00,8S
7547243765048610056,https://www.tiktok.com/@dieuhoa.duonghuyet/video/7547243765048610056,dieuhoa.duonghuyet,TRÀ CÂY INSULIN ẤN ĐỘ,Chọn trái cây cho người Tiểu Đường #tracayinsulinando #trainsulinando #tieuduongtuyp2 #tieuduong  #tieuduongthaiky,973,1,17,tiểu đường ăn trái cây gì,2025-09-07T14:20:28+07:00,41S
7229154061767970053,https://www.tiktok.com/@dongynamduoc/video/7229154061767970053,dongynamduoc,Chuyên Gia Đông Y Nam Dược,Thực đơn 7 ngày cho người Tiểu Đường p1#VietNamToiYeu #seagames2023 #StarRailChallenge #thanhtampharma #thanhtamtra #xuhuong2023 @Sức Khoẻ Muôn Màu ,114300,33,498,tiểu đường ăn trái cây gì,2023-05-04T09:49:57+07:00,11S
7503500547111095560,https://www.tiktok.com/@dinhduongkhoahoc247/video/7503500547111095560,dinhduongkhoahoc247,Dinh Dưỡng Khoa Học,10 loại hoa quả ít đường ngừoi tiểu đường nên ăn #tieuduong #bacsytieuduong #xhhhhhhhhhhhhhhhhhhhhhhh #dinhduongtieuduong #diabetes #xuhuong #dinhduong #viral #dinhduongkhoahoc ,79600,11,962,tiểu đường ăn trái cây gì,2025-05-12T17:14:26+07:00,53S
7615897620237585684,https://www.tiktok.com/@song.khoe.moi.ngay.11/video/7615897620237585684,song.khoe.moi.ngay.11,Sống Khỏe Mỗi Ngày,9 Bữa Sáng Tốt Nhất Cho Người Tiểu Đường #tieuduongvadaiduong #songkhoe #suckhoe #duonghuyet #tieuduong #viral #xuhuong #fyp,23000,6,248,tiểu đường ăn trái cây gì,2026-03-11T18:30:00+07:00,1M04S
7364740783766801682,https://www.tiktok.com/@nhathuocvythanhthao/video/7364740783766801682,nhathuocvythanhthao,Nhà thuốc Vy Thanh Thảo,9 loại trái cây 🍓🍒nên ăn mỗi sáng nếu bạn bị tiểu đường .... Thả ❤️ để mình có động lực ra nhiều video hơn nữa nhé 🫶#sức_khỏe_là_vàng #nhathuocvythanhthao #trend #thucphamchucnang ,232,0,5,tiểu đường ăn trái cây gì,2024-05-03T18:55:42+07:00,15S
7565753905452223752,https://www.tiktok.com/@giangnoitiettw/video/7565753905452223752,giangnoitiettw,Giang Nội Tiết,Tiểu đường thai kỳ | Tiểu đường thai kỳ 7 loại trái cây nên ăn | Giải đáp thắc mắc | P178 #tieuduongthaiky #giangnoitiet #tieuduongthaikyangi #tieuduongthaiki ,6380,12,82,tiểu đường ăn trái cây gì,2025-10-27T11:29:16+07:00,1M42S
7622144226846985492,https://www.tiktok.com/@thaokun0106/video/7622144226846985492,thaokun0106,Dsi Thảo,Trái cây người bệnh tiểu đường có thể dùng và không dùng được #suckhoechomoinguoi🍀 #chamsocsuckhoechudong #duocsithao #videoviral ,141,1,4,tiểu đường ăn trái cây gì,2026-03-28T10:32:36+07:00,12S
7595420799343856917,https://www.tiktok.com/@duocsithao6/video/7595420799343856917,duocsithao6,Dược sĩ Thảo,10 loại trái cây không lo tăng đường #duocsithao #tieuduong #tieuduongtuyp2 #tangduonghuyet #ondinhduonghuyet,776,1,20,tiểu đường ăn trái cây gì,2026-01-16T19:00:00+07:00,6M28S
7530821921466846471,https://www.tiktok.com/@ds.monghuynh/video/7530821921466846471,ds.monghuynh,DƯỢC TỪ TÂM DS MỘNG HUỲNH,Trả lời @lacloi_chieumua tiểu đường mẹ em ăn mận được không chị? #tieuduong #tieuduongtype1 #tieuduongtype2 #suckhoe #LearnOnTikTok2025 #xuhuongtiktok2025 #duocsimonghuynh ,5095,2,52,tiểu đường ăn trái cây gì,2025-07-25T08:15:20+07:00,59S
7577577553506946320,https://www.tiktok.com/@bicnanocell/video/7577577553506946320,bicnanocell,BIC NANO CELL,Bác sĩ bật mí các loại TRÁI CÂY TỐT CHO NGƯỜI BỆNH TIỂU ĐƯỜNG | Bác sĩ Trần Minh - BIC NANO CELL #bicnanocell #bacsitranminh #traicay #benhtieuduong #tieuduong #daithaoduong #dinhduong,97,0,1,tiểu đường ăn trái cây gì,2025-11-29T11:00:00+07:00,4M47S
7266068101479943426,https://www.tiktok.com/@tranxuanson.com/video/7266068101479943426,tranxuanson.com,Trần Sơn.,Người tiểu đường có nên ăn cà tím hay không ? #tieuduong #transon #tieuduongvadaiduong #chamsocsuckhoechudong #LearnOnTikTok  ,13000,13,404,tiểu đường ăn trái cây gì,2023-08-11T21:15:19+07:00,1M32S
7320161286061395201,https://www.tiktok.com/@trathaoduochuongxuan24/video/7320161286061395201,trathaoduochuongxuan24,Công Ty Thảo Dược Hương Xuân,người tiểu đường ăn thanh long được không? #tieuduong #daithaoduong #ondinhduonghuyet #suckhoe247♥️ #thanhlong #tetnguyendan2024🧧🎆🧨 #xuhuong ,6090,0,37,tiểu đường ăn trái cây gì,2024-01-04T15:44:30+07:00,1M47S
7571808296793885960,https://www.tiktok.com/@grandcare.songkhoe/video/7571808296793885960,grandcare.songkhoe,GRANDCARE - Sống khoẻ,5 trái cây ít ngọt cho cha mẹ bị tiểu đường ! #grandcare #suckhoe #suckhoechomoinguoi #chame #ongba #songkhoe247 #dinhduong #tieuduong #duonghuyet #xuhướng #fyp,7195,0,149,tiểu đường ăn trái cây gì,2025-11-14T06:20:00+07:00,42S
7542063965191359752,https://www.tiktok.com/@thuoanh.songkhoesau30/video/7542063965191359752,thuoanh.songkhoesau30,@thuoanh.songkhoesau30,"Người tiểu đường không cần kiêng hết trái cây 🍎🍊. Ăn đúng loại, đúng cách thì vừa ngon vừa ổn định đường huyết. 👉 Bạn có đang ăn trái cây đúng cách chưa? #tieuduong #songkhoetugoc #dinhduongkhoahoc #traicaytieuduong #tieuduongtype2",352,3,12,tiểu đường ăn trái cây gì,2025-08-24T15:20:11+07:00,40S
7235423836487961858,https://www.tiktok.com/@dandendilamsodo/video/7235423836487961858,dandendilamsodo,Tự Phòng Bệnh,Bệnh tiểu đường ăn được dưa leo hay không #benhtieuduong #daithaoduong,44800,23,550,tiểu đường ăn trái cây gì,2023-05-21T07:22:55+07:00,1M06S
7621564560205499669,https://www.tiktok.com/@kienthucsuckhoe100/video/7621564560205499669,kienthucsuckhoe100,Kiến Thức Sức Khoẻ,5 Loại Trái Cây Cho Người Tiểu Đường#songvuimoingay #thucpham #suckhoe,548,2,16,tiểu đường ăn trái cây gì,2026-03-27T10:00:00+07:00,1M30S
7214033559332343042,https://www.tiktok.com/@hjxh4m4/video/7214033559332343042,hjxh4m4,Thảo Nhi,Top 4 loại trái cây người bệnh tiểu đường nên ăn!,328,0,2,tiểu đường ăn trái cây gì,2023-03-24T15:55:47+07:00,23S
7511542176531156242,https://www.tiktok.com/@phanthanhvinh_vinhata/video/7511542176531156242,phanthanhvinh_vinhata,VINHATA FOOD,4 món hải sản người tiểu đường nên ăn thường xuyên #vinhatafood #haisan #tieuduong #daithaoduong #songkhoe,334900,68,3402,tiểu đường ăn trái cây gì,2025-06-05T19:50:00+07:00,55S
7523737826106576146,https://www.tiktok.com/@mc.ng.an/video/7523737826106576146,mc.ng.an,Mộc Đường An,"5 Loại rau quả hút đường trong máu, người tiểu đường càng ăn càng khoẻ#suckhoe #suckhoe247 #tieuduong #songkhoe #daubap #quả #cu #ot #suplo #songkhoe #",1100000,129,16500,tiểu đường ăn trái cây gì,2025-07-06T06:05:29+07:00,1M12S
7081653086699146522,https://www.tiktok.com/@moctracare_bienhoa/video/7081653086699146522,moctracare_bienhoa,CÔ NHƯ TÂP VLTL TẠI NHÀ CHO BÉ,Tiểu đường thai kì và chế độ ăn uống đúng cách giành cho mẹ bầu#conkhoe #nuoiconsuame #mebauthongthai2021 #drmaya #MeSuZu #ởcữrảnhquáthìlàmgì #tieuduongthaiki,28800,5,499,tiểu đường ăn trái cây gì,2022-04-01T22:10:46+07:00,12S
7320980830405397761,https://www.tiktok.com/@thanhthanhpham.3/video/7320980830405397761,thanhthanhpham.3,thanhthanhphamtiens3,8 loại trái cây tốt cho tiểu đường #masster2023bytiktok #suckhoe247♥️sacdep #thanhthanhpham ,37300,7,66,tiểu đường ăn trái cây gì,2024-01-06T20:44:47+07:00,5S
7372417766302747921,https://www.tiktok.com/@seriestieuduong/video/7372417766302747921,seriestieuduong,Series Tiểu Đường,Người tiểu đường có ăn được cà chua không #tieuduongvadaiduong #tieuduong #songkhoe247 #seriestieuduong #bemediajsc ,8625,1,71,tiểu đường ăn trái cây gì,2024-05-24T11:26:26+07:00,37S
7321691588206382337,https://www.tiktok.com/@trathaoduochuongxuan24/video/7321691588206382337,trathaoduochuongxuan24,Công Ty Thảo Dược Hương Xuân,"người tiểu đường, ăn dâu tây được không #tieuduong #daithaoduong #suckhoe247♥️ #tetnguyendan2024🧧🎆🧨 #xuhuong ",2779,0,16,tiểu đường ăn trái cây gì,2024-01-08T18:42:56+07:00,1M39S
7521954870790982920,https://www.tiktok.com/@gausuckhoe/video/7521954870790982920,gausuckhoe,Gấu Sức Khỏe,Người bệnh tiểu đường nên ăn loại trái cây nào? #KhuVuonSucKhoe #benhtieuduong,342,0,24,tiểu đường ăn trái cây gì,2025-07-01T10:46:49+07:00,21S
7164243998947740955,https://www.tiktok.com/@saghi.xvinh.1523/video/7164243998947740955,saghi.xvinh.1523,Đặng SaGhi,Một số loại trái cây tốt cho mẹ bầu mắc tiểu đường thai kỳ. #drmaya #babau #thainhikhoe #xuhuongtiktok #mebauthongthai2022 #mangthailandau #tieuduongthaiki ,5845,4,100,tiểu đường ăn trái cây gì,2022-11-10T11:45:46+07:00,10S
7321699755942333698,https://www.tiktok.com/@tranxuanson.com/video/7321699755942333698,tranxuanson.com,Trần Sơn.,05 loại trái cây tốt cho người tiểu đường ##transon##tieuduong##tieuduongvadaiduong##chamsocsuckhoechudong##LearnOnTikTok,17100,8,221,tiểu đường ăn trái cây gì,2024-01-08T19:14:36+07:00,34S
7365165518086507784,https://www.tiktok.com/@duong_lam92/video/7365165518086507784,duong_lam92,Dương,"Gợi ý các loại trái cây chỉ số GI thấp phù hợp với mấy mẹ bị tiểu đường thai kỳ nè các mom , chúc các mom có một thai kì khoẻ mạnh 🌸 #tđtk #tieuduongthaiki #tieuduongthaiky #emberong🐉 #xuhuong #mebauthongthai #tieuduongthaikyangi ",3791,0,30,tiểu đường ăn trái cây gì,2024-05-04T22:23:53+07:00,26S
7565744299959274770,https://www.tiktok.com/@noitieuduong/video/7565744299959274770,noitieuduong,Nối bye Tiểu Đường,7 loại trái cây người tiểu đường nên ăn #dinhduongchonguoitieuduong  #diabetestipo2 #roiloanchuyenhoa #noitieuduong #khanginsulin ,257,2,15,tiểu đường ăn trái cây gì,2025-10-27T10:52:01+07:00,1M17S
7225513245153463557,https://www.tiktok.com/@ngoctanvp/video/7225513245153463557,ngoctanvp,Trần Ngọc Tân VP,5 Loại Trái Cây Tốt Cho Người Tiểu Đường #TranNgocTan ,806,4,47,tiểu đường ăn trái cây gì,2023-04-24T14:21:43+07:00,59S
7314886560439160066,https://www.tiktok.com/@trathaoduochuongxuan24/video/7314886560439160066,trathaoduochuongxuan24,Công Ty Thảo Dược Hương Xuân,Tiểu đường ăn dưa lưới được không? #suckhoemoinha24h #tieuduong #xuhuong #tieuduongangi #thinhhanh #ondinhduonghuyet #,11200,2,66,tiểu đường ăn trái cây gì,2023-12-21T10:35:53+07:00,1M17S
7387401912963861777,https://www.tiktok.com/@dieuthuyen188/video/7387401912963861777,dieuthuyen188,@ĐIÊU THUYỀN 1988,Trả lời @không có anh em vẫn vui !!! Nội của em bị tiểu đường mà ăn trái đó đỡ hẵn. #baithuochay #baithuochaymoingay #tieuduongtuyp2 #dieuthuyen188 ,209700,239,3754,tiểu đường ăn trái cây gì,2024-07-03T20:32:30+07:00,1M39S
7545661452753931538,https://www.tiktok.com/@annhienvg/video/7545661452753931538,annhienvg,AnnhienVG,"20 loại trái cây phổ biến nhất cho người bênh tiểu đường, loại ào nên ăn, loại nào phải kiêng #fyp #foryou #foryoupage #tiểu_đường #đái_tháo_đường #tieuduongtuyp2 #Sức_khỏe_người_cao_tuổi #bệnh_tiểu_đường",215,0,10,tiểu đường ăn trái cây gì,2025-09-03T08:00:18+07:00,22M53S
7489014030460275973,https://www.tiktok.com/@hoang.nguyen3729/video/7489014030460275973,hoang.nguyen3729,Tomorrow - Shop Ica,Tháng tư: Một số loại trái cây ngon và tôt cho người tiểu đường. #tomorrowhoangnguyen ,20900,5,2868,tiểu đường ăn trái cây gì,2025-04-03T16:19:22+07:00,1M58S
7472740323307818257,https://www.tiktok.com/@bs.giao/video/7472740323307818257,bs.giao,Bác Giao,Người tiểu đường có ăn được khoai lang không? #bsgiao #khoailang #tieuduong #viralvideo ,224700,100,3291,tiểu đường ăn trái cây gì,2025-02-18T19:49:11+07:00,39S
7476468089794727175,https://www.tiktok.com/@duocsythanhien/video/7476468089794727175,duocsythanhien,Ds.Thanh Hiền,"9 loại trái cây tốt cho người tiểu đường – Ăn ngon, đường không lo tăng! Bạn bị tiểu đường nhưng vẫn muốn thưởng thức trái cây? Đừng lo! Đây là 9 loại trái cây có chỉ số đường huyết thấp, giúp bạn kiểm soát đường huyết hiệu quả mà vẫn bổ sung vitamin, chất xơ tốt cho sức khỏe. Lưu ý: nên ăn một lượng nhỏ mỗi ngày nhé! Hãy cùng Nhà thuốc Thanh Hiền khám phá ngay trong video này nhé! #NhàThuốcThanhHiền #TiểuĐường #DinhDưỡng #tráicâylànhmạnh ",338,0,11,tiểu đường ăn trái cây gì,2025-02-28T20:54:42+07:00,47S
7422635447165209864,https://www.tiktok.com/@duocsihang88/video/7422635447165209864,duocsihang88,Dược sĩ Hằng,Tinh bột đường có trong một số trái cây các mẹ bầu tiểu đường thai kì chú ý khi ăn nhé #chamsocmebau #tieuduongthaiki #dshangtieuduong #suckhoe ,68800,46,637,tiểu đường ăn trái cây gì,2024-10-06T19:16:33+07:00,27S
7428973256952139025,https://www.tiktok.com/@kienmyhuong.official/video/7428973256952139025,kienmyhuong.official,Kiến Mỹ Hương,những loại trái cây tốt cho người tiểu đường #kienmyhuong #suckhoe #sứckhoẻ #tieuduongvadaiduong #daithaoduong #tieuduongtuyp2 #tieuduong #dinhduongtieuduong #tieuduongthaiky ,18100,8,218,tiểu đường ăn trái cây gì,2024-10-23T21:10:35+07:00,46S
7235607266743831809,https://www.tiktok.com/@dandendilamsodo/video/7235607266743831809,dandendilamsodo,Tự Phòng Bệnh,Người bệnh tiểu đường ăn được mít hay không #benhtieuduong #daithaoduong #tuphongbenh,75100,21,773,tiểu đường ăn trái cây gì,2023-05-21T19:12:49+07:00,1M50S
7305009254082137346,https://www.tiktok.com/@suckhoe.tieuduong/video/7305009254082137346,suckhoe.tieuduong,Sức khỏe tiểu đường,4 loại trái cây mà người tiểu đường nên ăn #TikTokAwardsVN2023 #bigonthesmallscreen #tieuduong #suckhoetieuduong #bemediajsc #songkhoe247 ,171100,47,16800,tiểu đường ăn trái cây gì,2023-11-24T19:46:52+07:00,1M04S
7582490906821971221,https://www.tiktok.com/@hanhtrinhlammeemsim/video/7582490906821971221,hanhtrinhlammeemsim,Mẹ và Sim,9 loại quả chứa ít đường nhất giúp ổn định đường huyết cho mom nào bị tiểu đường thai kì. #tdtk #tdtkăngì @tieuduongthaiky#doanchobabau #angithongminhchobe #thaikikhoemanh #bầu,3641,0,14,tiểu đường ăn trái cây gì,2025-12-11T21:30:00+07:00,5S
7385519000027024658,https://www.tiktok.com/@phuonganhprowellness/video/7385519000027024658,phuonganhprowellness,Phương Anh Prowellness,Các loại trái cây người Tiểu đường nên ăn #prowellness #plansbyAnh #dinhduong #tieuduong #khanginsulin #feelgreat #suckhoe ,820,3,21,tiểu đường ăn trái cây gì,2024-06-28T18:45:46+07:00,1M17S
7603689726121676053,https://www.tiktok.com/@kiemsoat.tieuduong/video/7603689726121676053,kiemsoat.tieuduong,Kiểm soát Tiểu đường,"🍊 TẾT NÀY ĂN TRÁI CÂY GÌ ĐỂ KHÔNG LÀM TĂNG ĐƯỜNG HUYẾT? 🔔 Lưu ý: Nội dung trên chỉ mang tính tham khảo, không thay thế cho tư vấn y khoa. Hãy trao đổi trực tiếp với Bác sĩ để có hướng dẫn phù hợp với tình trạng sức khỏe của mỗi người! #kiemsoattieuduong #tieuduong #tieuduongthaiky #traicay #anuong",36700,6,484,tiểu đường ăn trái cây gì,2026-02-14T19:00:00+07:00,1M42S
7249539125924089093,https://www.tiktok.com/@nguyenthiminhluan92/video/7249539125924089093,nguyenthiminhluan92,Nguyễn Thị Minh Luận,7 loại thực phẩm người  tiểu đường nên ăn hàng ngày #minhluan #xuhuong #trend #xuhuong2023 #xuhuongtiktok #truyendongluc ,71500,6,765,tiểu đường ăn trái cây gì,2023-06-28T08:14:25+07:00,2M09S
7303511938544225538,https://www.tiktok.com/@thanhnhantichcuc88/video/7303511938544225538,thanhnhantichcuc88,thanhnhantichcuc88,Trái cây phù hợp với người bị tiểu đường . #xuhuong #suckhoechomoinguoi #suckhoe #baihoccuocsong #baihoc,2145,0,15,tiểu đường ăn trái cây gì,2023-11-21T07:55:00+07:00,1M02S
7291474257631104263,https://www.tiktok.com/@chamsocsuckhoemebau/video/7291474257631104263,chamsocsuckhoemebau,Tuệ Nhi Pharma,Trái cây tốt cho mẹ bầu tiểu đường thai kỳ#tuenhipharma #mebau #babau #tieuduongthaiki #mangthai #LearnOnTikTok ,7670,7,63,tiểu đường ăn trái cây gì,2023-10-19T08:24:10+07:00,1M03S
7314510158841924866,https://www.tiktok.com/@songkhoecungtuyen/video/7314510158841924866,songkhoecungtuyen,Sống Khoẻ Cùng Tuyền,4 Loại trái cây tốt cho người bị tiểu đường #chiasekinhnghiem #meohaysuckhoe #viral #ngucocdinhduong #nguyenthanhtuyen #songkhoecungtuyen #sống_khỏe_cùng_tuyền ,46,0,1,tiểu đường ăn trái cây gì,2023-12-20T10:15:21+07:00,10S
7611578848563514644,https://www.tiktok.com/@ekipgiangnoitiet2/video/7611578848563514644,ekipgiangnoitiet2,Ekip Giang Nội Tiết 2,Tiểu đường thai kỳ ăn trái cây thoải mái được không #tieuduongthaiky #giangnoitiet,7504,12,52,tiểu đường ăn trái cây gì,2026-02-28T11:00:00+07:00,5M20S
7556078436121595144,https://www.tiktok.com/@mocminhthong1/video/7556078436121595144,mocminhthong1,Mộc Minh thống store,10 loại trái cây người bị tiểu đường nên ăn #thaidoc #mocminhthong ,845,2,41,tiểu đường ăn trái cây gì,2025-10-01T09:43:34+07:00,27S
7246990898666491142,https://www.tiktok.com/@mythaoduoc.mtd/video/7246990898666491142,mythaoduoc.mtd,🍀 Mỵ Thảo Dược 🍀,"Cây Xoan Leo (Tam Phỏng) Hỗ Trợ Tiểu Đường, Mát Gan, Viêm Thận #mythaoduoc #thuymyne #thuymy68 #thuocnam #thuocnamsuckhoe #ThaoDuocQuanhTa #cayxoanleo #tieuduong #matgan #daday #daubaotu ",249900,125,2581,tiểu đường ăn trái cây gì,2023-06-21T11:25:59+07:00,2M19S
7408158629867572481,https://www.tiktok.com/@bsmilanguyen/video/7408158629867572481,bsmilanguyen,Bs Mila Nguyễn,3 Loại trái cây tuy ngọt nhưng lại rất tốt cho người tiểu đường #milanguyen #tieuduong #dinhduong #LearnOnTikTok #fyp ,21100,13,196,tiểu đường ăn trái cây gì,2024-08-28T18:59:07+07:00,1M20S
7516322677414579474,https://www.tiktok.com/@ds.maibinh/video/7516322677414579474,ds.maibinh,Dược sĩ Mai Bình,Tiểu đường có nên ăn trái cây ? Dược sĩ Mai Bình #dsmaibinh #suckhoe #kienthuc #kienthucsuckhoe #phongbenh #learnontiktok #tieuduong,1539,1,41,tiểu đường ăn trái cây gì,2025-06-16T06:30:59+07:00,1M08S
7302027807935302919,https://www.tiktok.com/@camlinhkhoedep/video/7302027807935302919,camlinhkhoedep,Cẩm Linh khỏe đẹp,Bệnh Tiểu Đường ăn Quả Kiwi rất tốt #kiwi #traicay #raucu #biquyetsongvuisongkhoe #mrthientraidatmoi #thinhhanh #tieuduong ,952,1,15,tiểu đường ăn trái cây gì,2023-11-16T18:57:18+07:00,1M29S
7615789457068854549,https://www.tiktok.com/@gianglong62/video/7615789457068854549,gianglong62,Đàm Giang,8 loại trái cây mà người tiểu đường có thể ăn được,167,0,7,tiểu đường ăn trái cây gì,2026-03-11T07:32:50+07:00,1M00S
7293432757110246658,https://www.tiktok.com/@mecocataodalily/video/7293432757110246658,mecocataodalily,Mẹ Coca Táo,Những loại trái cây bầu bị tiểu đường nên ăn #TikTokAwardsVN2023 #xuhuong #traicay #kenhmebau🤰 #learnontiktok #mebaureview ,3649,0,18,tiểu đường ăn trái cây gì,2023-10-24T15:04:07+07:00,17S
7563961438511959316,https://www.tiktok.com/@chamsocsuckhoexanhh/video/7563961438511959316,chamsocsuckhoexanhh,chamsocsuckhoexanhh,10 loại trái cây người tiểu đường nên ăn #traicay #tieuduong #suckhoe #xuhuong #tiktokviral ,18500,1,137,tiểu đường ăn trái cây gì,2025-10-22T15:33:35+07:00,34S
7523518397670264082,https://www.tiktok.com/@hoa.vui.kho/video/7523518397670264082,hoa.vui.kho,Hoa Vui Khoẻ,10 loại trái cây người tiểu đường nên ăn#ancungtiktok #xuhuong #thinhhanh #songkhoe #phattrienbanthan ,6051,1,46,tiểu đường ăn trái cây gì,2025-07-05T15:53:55+07:00,32S
7532150167781395720,https://www.tiktok.com/@dc.s.tr1/video/7532150167781395720,dc.s.tr1,Dược Sĩ Trà,3 loại trái cây người tiểu đường nên ăn #duocsitra #phattrienbanthan #suckhoe #songkhoe ,3569,1,32,tiểu đường ăn trái cây gì,2025-07-28T22:09:35+07:00,28S
7578300390664359186,https://www.tiktok.com/@lehoasuckhoe/video/7578300390664359186,lehoasuckhoe,lehoasuckhoe,#4 loại trái cây cho người tiểu đường#lehoasuckhoe #chamsocsuckhoechudong #xuhuong #xaykenhtiktok ,281,4,20,tiểu đường ăn trái cây gì,2025-11-30T06:56:04+07:00,1M11S
7330450431874731266,https://www.tiktok.com/@suckhoethucpham/video/7330450431874731266,suckhoethucpham,Sức Khỏe & Thực Phẩm,Trái cây cho người tiểu đường #tieuduong ,812,0,18,tiểu đường ăn trái cây gì,2024-02-01T09:11:40+07:00,31S
7623299748228762887,https://www.tiktok.com/@coach.anh.xuyn/video/7623299748228762887,coach.anh.xuyn,Coach Anh Xuyến,10 loại quả tốt cho người tiểu đường! #sốngkhỏe #hcanhxuyen #đươnghuyet ,156,0,6,tiểu đường ăn trái cây gì,2026-03-31T13:16:36+07:00,43S
7549196431974763784,https://www.tiktok.com/@quyenlesuckhoe/video/7549196431974763784,quyenlesuckhoe,Quyên Lê Sức Khoẻ,5 loại trái cây sau đây rất tốt cho người bị bệnh tiểu đường mọi người tham khảo nhé.                                          #quyenlesuckhoe #suckhoe247 #tieuduong. #suckhoe #videolenxuhuong ,517,21,25,tiểu đường ăn trái cây gì,2025-09-12T20:37:48+07:00,47S
7610828181616086290,https://www.tiktok.com/@phung.khanginsulin/video/7610828181616086290,phung.khanginsulin,Phụng eo 58,Tiểu đường có nên ăn trái cây không #suckhoe #learnontiktok ,489,0,3,tiểu đường ăn trái cây gì,2026-02-25T22:40:30+07:00,7S
7588834973545778453,https://www.tiktok.com/@ch.m.bu.b/video/7588834973545778453,ch.m.bu.b,Chị mẹ ba con,Mẹ bầu tiểu đường vẫn ăn trái cây mỗi ngày nếu biết 5 loại này… #chimebaubi #mebaukhoeconkhoexinh #dinhduongmebau #tieuduongthaiki ,6394,6,24,tiểu đường ăn trái cây gì,2025-12-28T16:15:39+07:00,28S
7611035652796288277,https://www.tiktok.com/@duocsi.them/video/7611035652796288277,duocsi.them,Dược Sĩ Thềm,Tiểu đường ăn táo đúng có lợi ăn sai thì đường lại tăng vọt. #tao  #daithaoduong #tieuduong #duocsithem #xuhuongtiktok ,7298,3,60,tiểu đường ăn trái cây gì,2026-02-26T12:05:46+07:00,1M53S
7482180976261598471,https://www.tiktok.com/@dongykhanhho/video/7482180976261598471,dongykhanhho,Đông Y Khanh Hồ,Người bệnh tiểu đường nên ăn loại trái cây nào? #dongykhanhho  #benhtieuduong  #vuongduonghuyetdan  #chiasekinhnghiem  #xuhuong ,317,4,8,tiểu đường ăn trái cây gì,2025-03-16T06:23:43+07:00,1M01S
7594636013360745746,https://www.tiktok.com/@quyetphan.hba1c/video/7594636013360745746,quyetphan.hba1c,Quyet Phan HbA1c,Trả lời @Hải Đăng 7 loại trái cây phù hợp với người tiểu đường #glucose #duonghuyet #tieuduong #khanginsulin #roiloanchuyenhoa ,74100,26,929,tiểu đường ăn trái cây gì,2026-01-13T07:26:37+07:00,1M16S
7293891638580088065,https://www.tiktok.com/@suckhoe.tieuduong/video/7293891638580088065,suckhoe.tieuduong,Sức khỏe tiểu đường,Loại trái cây này giảm đường huyết ngay sau 15p #tieuduong #tieuduongvadaiduong #songkhoe247 #suckhoetieuduong #bemediajsc ,55000,12,4032,tiểu đường ăn trái cây gì,2023-10-25T20:44:51+07:00,47S
7579782638659964181,https://www.tiktok.com/@mythu.sam/video/7579782638659964181,mythu.sam,Shop mẹ Sam,4 loại trái cây giàu vitamin và insulin cho người tiểu đường.#tieuduong #tieuduongvadaiduong #bienchungtieuduong #xuhuong #ilovetiktok ,3239,4,73,tiểu đường ăn trái cây gì,2025-12-04T06:47:57+07:00,2M10S
7621013059426880789,https://www.tiktok.com/@mythu.sam/video/7621013059426880789,mythu.sam,Shop mẹ Sam,4 loại quả cực ngọt như người bị tiểu đường càng ăn càng khoẻ#tieuduong #tieuduongvadaiduong #bienchungtieuduong #xuhuong #ilovetiktok ,10600,1,332,tiểu đường ăn trái cây gì,2026-03-25T09:23:08+07:00,1M34S
7365043550481894674,https://www.tiktok.com/@thanhxuanhavaness/video/7365043550481894674,thanhxuanhavaness,Thanh Xuân Hava,Trái cây dành cho người bị tiểu đường (phần 2) #thanhxuanhava #nhathuochavaness #thucphamchucnang #thucpham #suckhoe #xuhuong2024 #sởthích #sothich #tráicây #traicay #fruit #fruits,65,1,6,tiểu đường ăn trái cây gì,2024-05-04T17:00:00+07:00,59S
7316737529649040642,https://www.tiktok.com/@trathaoduochuongxuan24/video/7316737529649040642,trathaoduochuongxuan24,Công Ty Thảo Dược Hương Xuân,"người tiểu đường, ăn quả vú sữa, được không? #suckhoemoinha24h #suckhoe #tieuduong #ondinhduonghuyet #quavusua #xuhuong ",25400,2,179,tiểu đường ăn trái cây gì,2023-12-26T10:18:49+07:00,1M29S
7451983779037531399,https://www.tiktok.com/@dshangdinhduong/video/7451983779037531399,dshangdinhduong,Dược sĩ Hằng,Các loại trái cây tốt cho người bệnh tiểu đường! #duocsihangtieuduong #bienchungtieuduong #suckhoe247 #tieuduong #tieuduongtuyp2 #dinhduongtieuduong #tieuduongangi #dshangtieuduong88 #dshang,107100,66,1688,tiểu đường ăn trái cây gì,2024-12-24T21:23:05+07:00,42S
7352008721276472577,https://www.tiktok.com/@seriestieuduong/video/7352008721276472577,seriestieuduong,Series Tiểu Đường,Tiểu đường được ăn dứa không #tieuduongvadaiduong #tieuduong #songkhoe247 #seriestieuduong #bemediajsc ,18200,3,122,tiểu đường ăn trái cây gì,2024-03-30T11:28:56+07:00,59S
7513943921379134727,https://www.tiktok.com/@suckhoemoi_nha/video/7513943921379134727,suckhoemoi_nha,Sức Khoẻ Mọi Nhà,10 loại trái cây người tiểu đường nên ăn#suckhoechomoinguoi #suckhoe #tieuduong #daithaoduong #tebichantay #xuhuong #trending ,6664,3,66,tiểu đường ăn trái cây gì,2025-06-09T20:40:03+07:00,32S
7451917761367821575,https://www.tiktok.com/@ths.tam.dinh.duong/video/7451917761367821575,ths.tam.dinh.duong,Ths.Tâm dinh dưỡng,Bệnh nhân TIỂU ĐƯỜNG có nên ăn quả HỒNG không? #tieuduong #tieuduongtuyp2 #dinhduong #tamdinhduong ,1540,2,29,tiểu đường ăn trái cây gì,2024-12-24T17:06:54+07:00,1M00S
7534193372358085895,https://www.tiktok.com/@dinhtieuduong/video/7534193372358085895,dinhtieuduong,Định tiểu đường,Người tiểu đường có nên ăn Ổi không? #tieuduongtuyp2 #daithaoduong ,14400,15,141,tiểu đường ăn trái cây gì,2025-08-03T10:18:17+07:00,1M38S
7476263021145345287,https://www.tiktok.com/@tap_hoa_me_phe/video/7476263021145345287,tap_hoa_me_phe,TẠP HOÁ MẸ PHỆ,"DƯA PEPINO TÍM  – trái cây giảm lượng Cholesterol xấu trong cơ thể, làm sạch đường máu và có lợi rất nhiều cho người có bệnh tiêu hóa, tiểu đường. Có màu vàng đậm đến màu cam nhạt, hương thơm ngọt ngào tựa mật ong, hạt nhỏ ly ty có thể ăn được. Dưa petino trồng tại Mộc Châu   nhìn ban đầu chúng ta sẽ nhầm tưởng là dưa gang, nhưng hương vị thơm ngon và độc đáo của loại dưa lạ này sẽ khiến nó có 1 sự gợi nhớ đặc biệt. Lớp vỏ ngoài của dưa vô cùng mỏng mịn, màu tím nhạt và được bao phủ bởi những đường vân màu tím sẫm dọc thân quả. Khi chín hoàn toàn phần thịt của dưa Pepino tím có màu vàng đậm đến màu cam nhạt, hương thơm ngọt ngào tựa mật ong, hạt nhỏ ly ty có thể ăn được. Ngoài ra, dưa còn có lớp vỏ siêu mỏng, có thể lột bỏ dễ dàng  Dưa pepino tím không chỉ có ngoại hình đẹp mà còn ngọt hơn, vị đậm hơn, mùi thơm dễ chịu hơn dưa pepino màu vàng. Hơn nữa, sắc tố tím còn mang đến hàm lượng chất chống oxy hóa vượt trội nhờ chứa lượng flavonoid và phenol dồi dào. Nếu thường xuyên ăn dưa Pepino tím sẽ giúp cơ thể chống lại quá trình oxy hóa do bất kì nguyên nhân nào, giảm lượng Cholesterol xấu trong cơ thể, làm sạch đường máu và có lợi rất nhiều cho người có bệnh tiêu hóa, tiểu đường. Dưa này màu vàng thì nhiều hay còn gọi là quả sâm sữa. Màu tím này mới là hiếm và mùi vị thơm ngon hơn hẳn  Mọi ng thưởng thức đi thơm ngọt lạ lùng, thắp hương đẹp và thơm lắm nữa cơ  Quả nhỏ xinh Mọi ng search gg sẽ thấy quả này ăn cực nhiều công dụng. Đã thơm ngon lại nhiều công dụng nữa ..",444,0,2,tiểu đường ăn trái cây gì,2025-02-28T07:39:06+07:00,20S
7540829081911201025,https://www.tiktok.com/@dslinhnhi92/video/7540829081911201025,dslinhnhi92,Nhathuoclinhnhi208,Nhóm hoa quả người bị tiểu đường ăn được #learnontiktok #duoclieu #dslinhnhi #tieuduong #tracayinsulin  @Nhathuoclinhnhi208  @Nhathuoclinhnhi208 ,285,0,6,tiểu đường ăn trái cây gì,2025-08-21T07:29:15+07:00,1M28S
7583666552789011730,https://www.tiktok.com/@viet_vibe/video/7583666552789011730,viet_vibe,VietVibe,"Trái cây nào làm tăng đường, giảm đường?  #suckhoe #dinhduong #tieuduong #traicay",952300,118,11100,tiểu đường ăn trái cây gì,2025-12-14T17:59:29+07:00,13S
7501677864278887688,https://www.tiktok.com/@qhdongy/video/7501677864278887688,qhdongy,QH Spa - Sức Khoẻ Đông Y,"9 loại rau ""hút đường"" – bí kíp đơn giản cho người muốn kiểm soát đường huyết! #tieuduong #duonghuyet #benh #canhbaosuckhoe #suckhoe #fyb #viral #xuhuong #qhspaquan7 #qhspa #bamhuyettrilieu ",137300,21,1722,tiểu đường ăn trái cây gì,2025-05-07T19:21:31+07:00,12S
7295370344074841345,https://www.tiktok.com/@suckhoe.tieuduong/video/7295370344074841345,suckhoe.tieuduong,Sức khỏe tiểu đường,Ai đang mắc tiểu đường thì nên ưu tiên ăn bí đao nhé #tieuduong #tieuduongvadaiduong #songkhoe247 #suckhoetieuduong #bemediajsc ,52400,11,4117,tiểu đường ăn trái cây gì,2023-10-29T20:22:57+07:00,1M09S
7218785274912836890,https://www.tiktok.com/@ysalus4you/video/7218785274912836890,ysalus4you,YSalus,Những loại trái cây tốt cho người tiểu đường #kienthuc #suckhoe #tieuduong #bacsyoi ,1747,0,14,tiểu đường ăn trái cây gì,2023-04-06T11:13:55+07:00,1M06S
7603640925612494087,https://www.tiktok.com/@duocsian8/video/7603640925612494087,duocsian8,Dược sĩ An,Top.3 loại trái cây người tiểu đường nên ăn. #duocsian #tieuduong #traicaychonguoitieuduong ,577,2,28,tiểu đường ăn trái cây gì,2026-02-06T13:50:15+07:00,35S
7572877557050232085,https://www.tiktok.com/@phc.o.sinh/video/7572877557050232085,phc.o.sinh,Dược sĩ Trần Trọng Phúc,"Bí quyết chọn Trái Cây cho người Tiểu Đường - Ăn  Ngon - Hỗ Trợ Phục Hồi Tiểu Đường, nhất định phải biết #tieuduong ##tieuduongtuyp2 #ondinhduonghuyet #bienchungtieuduong #duocphuc #traicay #hoaqua #tangduonghuyet",38900,238,1563,tiểu đường ăn trái cây gì,2025-11-15T16:12:43+07:00,5M02S
7252937237606829320,https://www.tiktok.com/@phungmui.88/video/7252937237606829320,phungmui.88,Phùng Múi,7 loại trái cây người tiểu đường nên ăn hàng ngày #xuhuong2023 #muiphung #xuhuongtiktok #CapCut ,423,1,12,tiểu đường ăn trái cây gì,2023-07-07T12:00:48+07:00,1M26S
7246954619945897221,https://www.tiktok.com/@nguyejlfqfp/video/7246954619945897221,nguyejlfqfp,Shop Bin Bon,Trái cây tốt cho mẹ bầu tiểu đường thai kỳ #drmaya #learnontiktok #nguyenhoa #mebau #mangthai ,7203,1,63,tiểu đường ăn trái cây gì,2023-06-21T09:05:13+07:00,11S
7451416309654441223,https://www.tiktok.com/@nguyenminhtri993/video/7451416309654441223,nguyenminhtri993,Sức khỏe và đời sống,Những loại trái cây tốt cho người tiểu đường#minhtri #tieuduong #duonghuyet #thucpham #suckhoe #meo ,114,0,3,tiểu đường ăn trái cây gì,2024-12-23T08:41:06+07:00,1M15S
7513448106957081864,https://www.tiktok.com/@songkhoemoingay_88/video/7513448106957081864,songkhoemoingay_88,Sống Khoẻ Mỗi Ngày,10 loại trái cây người tiểu đường nên ăn #suckhoe #suckhoechomoinguoi #songkhoemoingay #traicay #tieuduong #ondinhduonghuyet #xuhướng ,105100,21,1034,tiểu đường ăn trái cây gì,2025-06-08T12:36:03+07:00,33S
7267965415618350341,https://www.tiktok.com/@tongyen_1986/video/7267965415618350341,tongyen_1986,Tống Yến 1986,Lựa chọn trái cây tốt cho người tiểu đường #Tiểu_đường ,141,0,5,tiểu đường ăn trái cây gì,2023-08-16T23:57:48+07:00,1M02S
7533242928819342599,https://www.tiktok.com/@duocnuongminhthi/video/7533242928819342599,duocnuongminhthi,Dược Nương Minh Thi,4 mùa trái cây miền Tây- Ăn ngon khoẻ mạnh cho người tiểu đường - Màu hè Mát gan Giảm Nhiệt 👇👇👇👇👇👇#dsthi#duocnuongminhthi#healthy#suckhoe#xuhuong#xuhuongtiktok#learnontiktok#tip#lamdep#chamsocsuckhoechudong#chamsocsuckhoechudong#duocsithi#duocsithi#becomed#adophar#duoclieu#thaoduoc#duocpham#ytetute#phapphatduocsu#chanhphap#duocsuphat#duoclieuquy#duocsuphat#duocsu#duocsi#duoc#tieuduong#tientieuduong#daithaoduong#phongnguatieuduong#bienchungtieuduong#khanginsulin#tieuduongvadaiduong #tuyentuy#tuy#foryou#foryoupage#molon#traicaymientay#matgan ,77,0,1,tiểu đường ăn trái cây gì,2025-07-31T20:50:02+07:00,2M04S
7149455989769637146,https://www.tiktok.com/@thanhtravel93/video/7149455989769637146,thanhtravel93,DVDL Thanh,Các loại trái cây bệnh tiểu đường được ăn #xuhuong#trend#learnontiktok  ,179,0,5,tiểu đường ăn trái cây gì,2022-10-01T15:20:47+07:00,19S
7476659177889221895,https://www.tiktok.com/@ngochoai_68/video/7476659177889221895,ngochoai_68,ngochoai_68,10 loại trái cây người bị tiểu đường nên ăn,32300,9,294,tiểu đường ăn trái cây gì,2025-03-01T09:16:13+07:00,32S
7618495865455496466,https://www.tiktok.com/@tiu.ng.sc.kho.thi/video/7618495865455496466,tiu.ng.sc.kho.thi,THIỀU TÀI - TIỂU ĐƯỜNG,Năm loại trái cây chữa lành căn bệnh tiểu đường mà mọi người nên biết##daithaoduong##tieuduongvadaiduong##tieuduong##suckhoechomoinguoi##bienchungtieuduong,17400,11,855,tiểu đường ăn trái cây gì,2026-03-18T14:35:05+07:00,2M03S
7209460693832174875,https://www.tiktok.com/@giatsay_nhuy10k_1kg/video/7209460693832174875,giatsay_nhuy10k_1kg,GIẶT SẤY NHƯ Ý 10.K/1.KG,Các loại trái cây dành cho bà bầu bị tiểu đường thai kỳ #ngocy91 #chamsocmebau #chambau #drmaya #xuhuongtiktok #learnontiktok ,4384,1,85,tiểu đường ăn trái cây gì,2023-03-12T08:09:57+07:00,21S
7614357694534782225,https://www.tiktok.com/@tai.nutrition.tieu.duong/video/7614357694534782225,tai.nutrition.tieu.duong,Tài nutrition tiểu đường,"B51 – 10 loại trái cây ít đường, người tiểu đường #tieuduong #tieuduongtuyp2 #daithaoduongtuyp2 #videoviral",247,0,5,tiểu đường ăn trái cây gì,2026-03-13T18:30:00+07:00,2M19S
7215953495185280282,https://www.tiktok.com/@dshuongnguyen/video/7215953495185280282,dshuongnguyen,Ds Hương Nguyễn,Trả lời @hoangmai644 Tiểu đường có được ăn Dứa không ? Bạn tham khảo nhé #dshuongnguyen #suckhoe #suckhoechomoinguoi #learnontiktok #tieuduong ,2456,3,18,tiểu đường ăn trái cây gì,2023-03-29T20:05:05+07:00,33S
6917902267085491458,https://www.tiktok.com/@nguyen_thi_tham_duoc_si/video/6917902267085491458,nguyen_thi_tham_duoc_si,Nguyễn Thị Thắm,Trái cây tố cho ngừoi bị tiểu đường#dượcsĩ #bệnhviện,1107,0,138,tiểu đường ăn trái cây gì,2021-01-15T15:34:00+07:00,45S
7562212707034778901,https://www.tiktok.com/@tracayinsulinando3/video/7562212707034778901,tracayinsulinando3,TRÀ CÂY INSULIN ẤN ĐỘ .,Bị tiểu đường nhất định ăn quả này #tracayinsulinando  #trainsulinando #tieuduongtuyp2 #KiemSoatTieuDuong #tieuduongtuyp3 #tieuduongvadaiduong #tieuduongtype2t #tiểuduongthaiky #tieuduong,178100,305,5386,tiểu đường ăn trái cây gì,2025-10-17T22:27:38+07:00,1M11S
7579908642929954055,https://www.tiktok.com/@tranmyan90/video/7579908642929954055,tranmyan90,Trần  Thị  Mỹ  Ân,4loại trái cây tốt cho người tiểu đường  #biếnchứngtiểuđường  #xuhuongtiktok  #tiểuđường @Trần  Thị  Mỹ  Ân @Trần  Thị  Mỹ  Ân @Trần  Thị  Mỹ  Ân ,1740,2,46,tiểu đường ăn trái cây gì,2025-12-04T14:56:56+07:00,2M19S
7516151915428777234,https://www.tiktok.com/@diemhong_healthbeauty/video/7516151915428777234,diemhong_healthbeauty,Diem Hong health beauty,5 loại trái cây giúp ổn định đường huyết cực tốt cho người tiểu đường 🥝🍎 Bạn đang ăn loại nào? Xem kỹ để tránh sai lầm nguy hiểm nha! 👉 Bình luận để Diễm chia sẻ loại trái cây phù hợp thêm cho bạn nhé! #diemhonghealthbeauty #fyp #foryoupage #foryou #fitness #reels #tieuduong #tráicâychoNGTI #Diemhong84 #suckhoetot #anlanhmanh #xuhuong ,418,1,12,tiểu đường ăn trái cây gì,2025-06-15T19:28:12+07:00,1M14S
7326024707990359297,https://www.tiktok.com/@trathaoduochuongxuan24/video/7326024707990359297,trathaoduochuongxuan24,Công Ty Thảo Dược Hương Xuân,người tiểu đường có ăn củ đậu được không? #baithuocdangian #suckhoechomoinguoi #tieuduong #daithaoduong #xuhuong ,20300,1,133,tiểu đường ăn trái cây gì,2024-01-20T10:57:39+07:00,1M21S
7486844338710826246,https://www.tiktok.com/@kimanhinsulin/video/7486844338710826246,kimanhinsulin,Kim Anh INSULIN,Tiểu đường uống nước cam được không? #tieuduong #suckhoe  #tieuduongtupe2  #suckhoechomoinguoi  #dongy #thaomoc #trilieu  #xuhuongtitok2025❤️🌈💚 #duocsikimanh ,20500,14,137,tiểu đường ăn trái cây gì,2025-03-28T19:59:52+07:00,55S
7544968183606775048,https://www.tiktok.com/@duylap.khoedepsonghanh/video/7544968183606775048,duylap.khoedepsonghanh,KHOẺ ĐẸP SONG HÀNH XUÂN CẨM,10 loại trái cây tốt cho bệnh tiểu đường  #khoedepsonghanh  #suckhoe  #dinhduong  #lamdep ,5635,3,56,tiểu đường ăn trái cây gì,2025-09-01T11:10:05+07:00,33S
7622221902068632853,https://www.tiktok.com/@tai.nutrition.tieu.duong/video/7622221902068632853,tai.nutrition.tieu.duong,Tài nutrition tiểu đường,thực phẩm ko đường tốt cho tiểu đường - dưa leo #tieuduong #tieuduongtuyp2 #daithaoduongtuyp2 #videoviral,2138,0,38,tiểu đường ăn trái cây gì,2026-04-04T18:00:00+07:00,45S
7312333584864447746,https://www.tiktok.com/@nghiachaga/video/7312333584864447746,nghiachaga,Crecare,Thăm người tiểu đường mua hoa quả gì #tieuduong #suckhoe #traicay #trainho #dinhduong #suckhoe #dovannghia #crecare ,2551,0,50,tiểu đường ăn trái cây gì,2023-12-14T13:28:59+07:00,2M36S
7493201154281590023,https://www.tiktok.com/@trathaomoccochi/video/7493201154281590023,trathaomoccochi,Sức khoẻ & Sắc đẹp 9988,Người tiểu đường nên ăn trái cây này#trà_dât_thìa_canh ,171,0,5,tiểu đường ăn trái cây gì,2025-04-14T23:07:32+07:00,2M32S
7214108217574559002,https://www.tiktok.com/@nami_suckhoe/video/7214108217574559002,nami_suckhoe,nami,Trái cây dành cho người bị tiểu đường. #tiểuđường #xuhuong #suckhoe #suckhoemoinha ,176,0,4,tiểu đường ăn trái cây gì,2023-03-24T20:44:26+07:00,50S
7581306958565707026,https://www.tiktok.com/@phongkhamungbuousg/video/7581306958565707026,phongkhamungbuousg,Phòng Khám Ung Bướu Sài Gòn,Tiểu đường có nên ăn trái cây không? #tieuduong #daithaoduong #tieuduongangi #phongkhamungbuousaigon ,1300,5,16,tiểu đường ăn trái cây gì,2025-12-08T09:23:05+07:00,1M01S
7548641457754737927,https://www.tiktok.com/@hanoivattuyte/video/7548641457754737927,hanoivattuyte,duongmanhtung,Tiểu đường nên ăn trái cây #tieuduong #chedoan #duongmanhtung ,2177,1,45,tiểu đường ăn trái cây gì,2025-09-11T08:44:17+07:00,2M18S
7244744397974228226,https://www.tiktok.com/@vitadocvn/video/7244744397974228226,vitadocvn,Vitadoc,Ăn một loại quả giảm nguy cơ mắc tiểu đường type 2 #tieuduongtype2 #tieuduongangi #monanchonguoitieuduong #traicaychonguoitieuduong #quavietquat  #metadoc,669,0,4,tiểu đường ăn trái cây gì,2023-06-15T10:09:32+07:00,1M43S
7528715361613647125,https://www.tiktok.com/@namduocquangvinh99/video/7528715361613647125,namduocquangvinh99,Nam Dược Quang Vinh,"Ổi thì ăn được, còn sầu riêng thì nên tránh! Người tiểu đường nhớ NGUYÊN TẮC khi ăn trái cây nè!",270,0,7,tiểu đường ăn trái cây gì,2025-07-19T16:00:57+07:00,48S
7150512412611841281,https://www.tiktok.com/@_songkhoemoingay_/video/7150512412611841281,_songkhoemoingay_,user00977685789,10 loại quả tốt nhất cho người tiểu đường bạn đã biết? Follow kênh để cập nhật những điều bổ ích cho sức khỏe của bạn và gia đình! #tieuduong #suckhoe,273,0,5,tiểu đường ăn trái cây gì,2022-10-04T11:40:36+07:00,36S
7137330716555218202,https://www.tiktok.com/@thanhhuyensuckhoe18/video/7137330716555218202,thanhhuyensuckhoe18,Thanh Huyền,7 Trái cây tốt cho người bệnh tiểu đường #LearnonTiktok #nguyenthithanhhuyen #thanhhuyensuckhoe18 #chamsocsuckhoechudong #songkhoe247 #1mcg,312,8,20,tiểu đường ăn trái cây gì,2022-08-29T23:08:34+07:00,53S
7517897041305931026,https://www.tiktok.com/@duocbamien/video/7517897041305931026,duocbamien,duoclieubamien,Người tiểu đường có nên ăn vải không? #bamienpharma #bamiphar #sucdekhang #suckhoe #songkhoe #tieuduong #linhchi #cholesterol ,375,2,22,tiểu đường ăn trái cây gì,2025-06-20T12:20:11+07:00,46S
7527153599516839175,https://www.tiktok.com/@duylap.khoedepsonghanh/video/7527153599516839175,duylap.khoedepsonghanh,KHOẺ ĐẸP SONG HÀNH XUÂN CẨM,6 loại trái cây tốt cho người tiểu đường! #khoedepsonghanh  #khoebenvung  #deptunhien ,219,0,12,tiểu đường ăn trái cây gì,2025-07-15T11:00:23+07:00,47S
7585499862624390408,https://www.tiktok.com/@tieuduong.tamanh/video/7585499862624390408,tieuduong.tamanh,tieuduong.tamanh,Người tiểu đường ăn trái cây như thế nào? #songkhoe247 #benhvientamanh #xuhuong #suckhoe #tieuduong ,4294,0,27,tiểu đường ăn trái cây gì,2025-12-19T16:33:40+07:00,29S
7271557938685201669,https://www.tiktok.com/@nguyenthanhthao.unio/video/7271557938685201669,nguyenthanhthao.unio,Nguyễn Thanh Thảo,Người Bị Tiểu Đường Ăn Được Chuối Không? #ThanhThaoNguyen #Chualanhtunhien #Suckhoe #tiktokvietnam #xuhuong2023,65700,7,649,tiểu đường ăn trái cây gì,2023-08-26T16:18:38+07:00,1M07S
7274554569378581762,https://www.tiktok.com/@hantran_92/video/7274554569378581762,hantran_92,Bảo Hân,Tiểu đường nên ăn trái cây nào #thuacanbeophi #giammo #sức_khỏe_là_vàng #tieuduongvadaiduong,153,0,5,tiểu đường ăn trái cây gì,2023-09-03T18:07:07+07:00,8S
7251856809034517766,https://www.tiktok.com/@bichnhungdinhduong/video/7251856809034517766,bichnhungdinhduong,bichnhungmeMint,7 Trái Cây Dành cho Người Bệnh TIỂU ĐƯỜNG #suckhoe  #dinhduong  #healthyfruit  #tieuduongvadaiduong  #FoodFestOnTikTok  #Learnontiktok  #shorts ,1002,1,8,tiểu đường ăn trái cây gì,2023-07-04T14:08:11+07:00,1M30S
7299074835035000066,https://www.tiktok.com/@suckhoe.tieuduong/video/7299074835035000066,suckhoe.tieuduong,Sức khỏe tiểu đường,Quả sung và tiểu đường #TikTokAwardsVN2023 #tieuduong #tieuduongvadaiduong #suckhoetieuduong #bemediajsc #songkhoe247 #bigonthesmallscreen ,22700,7,2313,tiểu đường ăn trái cây gì,2023-11-08T19:58:18+07:00,47S
7609145801775779093,https://www.tiktok.com/@thamh.tuyen1/video/7609145801775779093,thamh.tuyen1,Thanh tuyen,#trainhau sữa hạt trái nhàu thức uống tốt cho người tiểu đường ,869,12,15,tiểu đường ăn trái cây gì,2026-02-21T09:52:04+07:00,9S
7547146895215480082,https://www.tiktok.com/@nguyenhonghuy83/video/7547146895215480082,nguyenhonghuy83,Dược Sĩ Hồng Huy,Bí mật 1 loại thịt thần kỳ hỗ trợ giảm huyết ap tim mạch tiểu đường Nhất định bạn phải biết##xuhuong##dshonghuy##suckhoe##suckhoechomoinguoi🍀,96400,100,3615,tiểu đường ăn trái cây gì,2025-09-07T08:04:38+07:00,1M39S
7271461693593603335,https://www.tiktok.com/@suckhoe.tieuduong/video/7271461693593603335,suckhoe.tieuduong,Sức khỏe tiểu đường,Những thực phẩm nên ăn khi bị TIỂU ĐƯỜNG! #suckhoetieuduong #tieuduong #LearnOnTikTok #SongKhoe247 #tieuduongvadaithaoduong #Bemediajsc #longervideos,348800,144,38000,tiểu đường ăn trái cây gì,2023-08-28T22:00:00+07:00,2M32S
7618225185220513031,https://www.tiktok.com/@vivuiveofficial/video/7618225185220513031,vivuiveofficial,VĨ Vui Vẻ,Món ăn vặt lành mạnh cho người tiểu đường #roiloanchuyenhoa #khanginsulin #duonghuyet #vivuive #tieuduong ,1676,2,11,tiểu đường ăn trái cây gì,2026-03-17T21:04:41+07:00,1M03S
7577284540159233298,https://www.tiktok.com/@thaoduochongtoi36/video/7577284540159233298,thaoduochongtoi36,THẢO DƯỢC KIM Y,Tiểu đường ăn được rau muống không câu trả lời bất ngờ#xuhuong #tieuduong #trà #xuhuongtiktok #insulin ,577,1,25,tiểu đường ăn trái cây gì,2025-11-27T13:14:03+07:00,1M08S
7622220404018466069,https://www.tiktok.com/@tai.nutrition.tieu.duong/video/7622220404018466069,tai.nutrition.tieu.duong,Tài nutrition tiểu đường,thực phẩm ko đường tốt cho tiểu đường - cá béo  #tieuduong #tieuduongtuyp2 #daithaoduongtuyp2 #videoviral,1197,0,43,tiểu đường ăn trái cây gì,2026-03-31T18:00:00+07:00,54S
7260813433015323905,https://www.tiktok.com/@patycashop/video/7260813433015323905,patycashop,Patyca Shop,Sinh tố bổ dưỡng tốt cho người tiểu đường (p1) #sinhto  #songxanh  #songkhoe247  #healthylifestyle  #healthyrecipes  #mayxaysinhtocamtay  #patyca  #patycashop  #benchusch  #AnCungTikTok  #LearnOnTiktok  #trending  #fypシ,1279,1,29,tiểu đường ăn trái cây gì,2023-07-31T19:30:00+07:00,56S
7530443643790871815,https://www.tiktok.com/@dsmonghuynh/video/7530443643790871815,dsmonghuynh,DƯỢC TỪ TÂM HUYNH,người bị tiểu đường ăn mận được không?#tieuduong#tieuduongtype1#tieuduongtype2#roiloanchuyenhoa,23400,2,160,tiểu đường ăn trái cây gì,2025-07-24T07:47:25+07:00,33S
7350953407420747026,https://www.tiktok.com/@nutrition.reporter/video/7350953407420747026,nutrition.reporter,Nutrition Reporter,10 loại trái cây có chỉ số đường huyết thấp phù hợp với những người bị tiểu đường #nutritionreporter ,20800,3,264,tiểu đường ăn trái cây gì,2024-03-27T15:13:39+07:00,0S
7599632049732979988,https://www.tiktok.com/@nhathuoclienhoa/video/7599632049732979988,nhathuoclienhoa,Nhà Thuốc Liên Hoa,Một số loại trái cây phù hợp với người bị tiểu đường nên bổ sung như:  1. Bưởi 2. Cam  3. Ổi 4. Táo  5. Quả mọng  6. Bơ  7. Quả đào  #NhaThuocLienHoa #XuHuong #TraiCayChoNguoiTieuDuong,440,0,4,tiểu đường ăn trái cây gì,2026-01-26T18:33:48+07:00,0S
7526008244964297992,https://www.tiktok.com/@methao3conn/video/7526008244964297992,methao3conn,Mẹ Thảo 3 con,Mẹ bầu tiểu đường thai kì nên ăn trái cây gì? #mebauangi #mebauthongthai #mebau #mebauvuive #embedangyeu #xuhuong #methao3con ,552,0,6,tiểu đường ăn trái cây gì,2025-07-12T08:55:52+07:00,0S
7431336855922035976,https://www.tiktok.com/@lequanganhnesfaco/video/7431336855922035976,lequanganhnesfaco,Lê Quang Ánh Ceo Nesfaco,Trả lời @Hông Phuong Hoang My uống tiểu đường bepharin hiệu quả #tiểuđường #lequanganh #tieuduong #bepharin #tieuduongbepharin #nesfaco #suckhoe #learnontiktok #diabetes #thuoctieuduong #daithaoduongtype1 ,97500,292,897,thuốc tiểu đường,2024-10-30T06:02:36+07:00,46S
7625417922181221640,https://www.tiktok.com/@suckhoegiadinh66/video/7625417922181221640,suckhoegiadinh66,Sức Khoẻ Gia Đình,Hãy cho 2 thứ này vào nước giúp ổn định đường huyết #tieuduongvadaiduong #tieuduong #thaoduochuongxuan ,79600,66,3725,thuốc tiểu đường,2026-04-06T06:16:13+07:00,46S
7622576628434013460,https://www.tiktok.com/@nthoangtruongnghean/video/7622576628434013460,nthoangtruongnghean,Nhà thuốc Hoàng Trường_Nghệ An,Metformin - thuốc điều trị đái tháo đường typ2❓ #metformin #daithaoduongtyp2 #kiemsoatduonghuyet #tieuduongtyp2 #thuocdieutridaithaoduongtyp2 ,534,2,20,thuốc tiểu đường,2026-03-29T14:30:33+07:00,49S
7357359149249727751,https://www.tiktok.com/@yduoctv/video/7357359149249727751,yduoctv,Y Dược TV,Phân loại nhóm thuốc tiểu đường (chia sẻ và học hỏi cùng nhau) #yduoctv #yduoc #duocsi #duocly #hocy #tieuduong #nhomthuoctieuduong ,10600,7,264,thuốc tiểu đường,2024-04-13T21:31:10+07:00,5M20S
7415802077454126353,https://www.tiktok.com/@lequanganhnesfaco/video/7415802077454126353,lequanganhnesfaco,Lê Quang Ánh Ceo Nesfaco,Trả lời @ThanhBinh Anh mới phát hiện tiểu đường muốn mua Bepharin #tieuduong #tiểuđường #lequanganh #bepharin #tieuduongbepharin #nesfaco #learnontiktok #suckhoe #thuoctieuduong ,268400,487,3389,thuốc tiểu đường,2024-09-18T09:19:50+07:00,1M02S
7625115231945116946,https://www.tiktok.com/@suckhoegiadinh66/video/7625115231945116946,suckhoegiadinh66,Sức Khoẻ Gia Đình,Tiểu đường đừng bỏ qua 3 vị thuốc này #tieuduongvadaiduong #tieuduong #suckhoe #thaoduochuongxuan ,13700,5,603,thuốc tiểu đường,2026-04-05T10:41:37+07:00,29S
7274596390037130504,https://www.tiktok.com/@thainhitv/video/7274596390037130504,thainhitv,Thái Nhí TV,Cây Ngò Ôm Công Dụng Tốt Cho Bệnh TIỂU ĐƯỜNG #thainhitv #shopthainhtv #baithuocchuabenh,2300000,1144,36800,thuốc tiểu đường,2023-09-03T20:49:22+07:00,5M06S
7568853427573296397,https://www.tiktok.com/@sam.m.vn/video/7568853427573296397,sam.m.vn,MY VÂN,Công thức củ hành tím với chanh bài thuốc giúp hạ đường huyết ngay tức thì #tieuduong #tieuduongtuyp2 #bienchungtieuduong #shop_sam_mỹ_vân #xuhuong2025 ,89800,66,3246,thuốc tiểu đường,2025-11-04T19:57:53+07:00,1M49S
7484182808219454727,https://www.tiktok.com/@dhpharmacy/video/7484182808219454727,dhpharmacy,DHPHARMACY,HỌC NHANH NHÓM THUỐC TIỂU ĐƯỜNG #thuoctieuduong #hocthuoc #diabetes #nhathuoc #dhpharmacy,22500,5,1083,thuốc tiểu đường,2025-03-21T15:51:45+07:00,6M43S
7422053313408945415,https://www.tiktok.com/@lequanganhnesfaco/video/7422053313408945415,lequanganhnesfaco,Lê Quang Ánh Ceo Nesfaco,Trả lời @NguyetNgan Chị uống được 2 lọ đường huyết ổn định hướng dẫn thêm cho chị #tiểuđường #tieuduong #bepharin #lequanganh #tieuduongbepharin #nesfaco #suckhoe #learnontiktok #thuoctieuduong #diabetes #daithaoduong ,64100,249,819,thuốc tiểu đường,2024-10-05T05:37:46+07:00,1M12S
7426270052904619282,https://www.tiktok.com/@lequanganhnesfaco/video/7426270052904619282,lequanganhnesfaco,Lê Quang Ánh Ceo Nesfaco,Trả lời @quanglam Em chỉ cho anh cách đặt hàng tiểu đường bepharin #tiểuđường #tieuduong #lequanganh #bepharin #tieuduongbepharin #nesfaco #suckhoe #learnontiktok #thuoctieuduong #diabetes #daithaoduong ,18000,91,182,thuốc tiểu đường,2024-10-16T14:20:41+07:00,39S
7620361939859885319,https://www.tiktok.com/@duocsilephuong/video/7620361939859885319,duocsilephuong,Dược sĩ Lê Phương,Chuyên mục giải đáp cùng dược sĩ lê phương #daithaoduong #tientieuduong #tieuduong #khanginsulin #duocsilephuong #benhmantinh,15200,75,204,thuốc tiểu đường,2026-03-23T15:16:23+07:00,49S
7623002739894799637,https://www.tiktok.com/@cuong.levan39/video/7623002739894799637,cuong.levan39,Cuong Levan,Trả lời @Khánh Quốc mừng quá cả nhà ơi lại có 1 người hết bệnh tiểu đường nữa rồi nè#chiasebaithuotdangian #baithuocdangian #chíaebaithuocdangan ,227700,656,5045,thuốc tiểu đường,2026-03-30T18:04:03+07:00,1M24S
7482635512289987858,https://www.tiktok.com/@suckhoecungbann/video/7482635512289987858,suckhoecungbann,Shop Sức Khỏe 24/7,Thuốc Tiểu Đường Metformin#drwynntran #bacsi #suckhoe #suckhoechomoinguoi #suckhoesắcđẹp ,56500,28,816,thuốc tiểu đường,2025-03-17T11:47:30+07:00,1M02S
7302061466507627777,https://www.tiktok.com/@ladystore_khalai/video/7302061466507627777,ladystore_khalai,Kha Lài Japan,Trả lời @苏苏♎️ Phòng ngừa và điều trị bệnh tiểu đường @KhaLai.Japan #tieuduong #tribenhtieuduong #tokaijyo #vientieuduong #khalaijapan #xuhuongtiktok #hàngnộiđịanhậtbản ,43000,22,396,thuốc tiểu đường,2023-11-16T21:07:58+07:00,36S
7403936100269493511,https://www.tiktok.com/@cunhumoingay/video/7403936100269493511,cunhumoingay,Chill chill,Lá sung cho người tiểu đường #❤️ #WynnTran #suckhoechomoinguoi🍀 #suckhoelavang❤️ #nguyencongduc❤️👑 #suckhoecongđong ,8043,10,130,thuốc tiểu đường,2024-08-17T09:53:31+07:00,47S
7589992555954113812,https://www.tiktok.com/@duoclieutruongsinh/video/7589992555954113812,duoclieutruongsinh,Dược Liệu TRUÒNG SINH,Dược liệu tiểu đường #xuhuong  ##tieuduong  #duoclieu  #truongsinh ,53700,32,544,thuốc tiểu đường,2025-12-31T19:07:38+07:00,33S
7610246029920832788,https://www.tiktok.com/@tracayinsulinando1/video/7610246029920832788,tracayinsulinando1,THẢO DƯỢC DIỄM HƯƠNG,Ba loại vitamin người tiểu đường nên bổ sung #tracayinsulinando #trainsulinando #tieuduongtuyp2 #KiemSoatTieuDuong #tieuduongtuyp3    ,37200,5,1035,thuốc tiểu đường,2026-02-24T09:01:36+07:00,1M44S
7576170518672362772,https://www.tiktok.com/@tbao0067es0/video/7576170518672362772,tbao0067es0,Bài Thuốc Dân Gian 🍀,"Cô chú anh chị bị tiể.u đường, đường huyết cao thì lưu lại ngay bài thuốc này 👍👍 chất nhầy có trong đậu bắp rất tốt #bàithuocnhângianhay #sức_khỏe_là_vàng #sứckhoẻ #đôngy #xuhuong ",41200,7,391,thuốc tiểu đường,2025-11-24T13:11:06+07:00,32S
7522089021875522823,https://www.tiktok.com/@nhuyduoclieu/video/7522089021875522823,nhuyduoclieu,Như Ý Dược Liệu,"Tiểu Đường Nhai sáng 5 đọt, Chìu 5 đọt là ổn ngay#sức_khỏe_là_vàng #baithuochay #tieuduong #caythuocvuonnha #baithuocdangian #chuabenhtainha #chiasehuuich ",7253,15,55,thuốc tiểu đường,2025-07-01T19:27:14+07:00,47S
7521191098971180306,https://www.tiktok.com/@duocsilenghia/video/7521191098971180306,duocsilenghia,Dược Sĩ Lê Nghĩa,Không lo tiểu đường - lưu lại khi cần bạn nhé #duocsilenghia #vocaytram #benhtieuduong #thaoduocdantoc ,311000,472,7369,thuốc tiểu đường,2025-06-29T09:22:50+07:00,39S
7551291035398245639,https://www.tiktok.com/@vanoanh525/video/7551291035398245639,vanoanh525,Vanoanh236,Trà hỗ trợ tiểu đường#tra ,1600000,102,4377,thuốc tiểu đường,2025-09-18T12:05:58+07:00,10S
7621785648302656789,https://www.tiktok.com/@oanhthaoduoc/video/7621785648302656789,oanhthaoduoc,Oanh Đông Y,Bài thảo dược giân dân từ cây insulin Ấn độ. Nó hộ trợ bệnh tiểu đường rất tốt cô chú nhé.  #oanhdongy  #tieuduong  #tieuduongtuyp2  #bienchungtieuduong ,1800,4,29,thuốc tiểu đường,2026-03-27T11:21:17+07:00,1M19S
7441487427807726866,https://www.tiktok.com/@thaydaodongy/video/7441487427807726866,thaydaodongy,KISHO VIỆT NAM,Chia sẻ với quý anh chị em hướng điều trị Tiểu Đường theo Đông Y! Anh chị em có thể tham khảo #benhtieuduong #tieuduong #thaydaodongy #kishovietnam @Đào Hiền Đạo-Giải Pháp Đông Y ,4037,15,70,thuốc tiểu đường,2024-11-26T14:31:55+07:00,1M38S
7553583366747082000,https://www.tiktok.com/@quangthoritado/video/7553583366747082000,quangthoritado,Thầy Nguyễn Công Đức,Trả lời @Nguyen Tuan32625 bao nhiêu 1 lọ vậy bác #bepharin #tieuduong #daithaoduong #insulin #nguyencongduc ,5344,10,28,thuốc tiểu đường,2025-09-24T16:21:33+07:00,44S
7623019010413645077,https://www.tiktok.com/@haihoanhy84/video/7623019010413645077,haihoanhy84,Min - Shu,Người tiểu đường nên xem hết video này #videoviralシ #khoedeptugoc #baithuochay #songkhoe #duongsinhdongy ,15200,4,166,thuốc tiểu đường,2026-03-30T19:07:12+07:00,18S
7618798780057455889,https://www.tiktok.com/@suckhoecuaban.nvv/video/7618798780057455889,suckhoecuaban.nvv,Sức Khoẻ Của Bạn,Nụ Vối - Khắc tinh tiểu đường #meovat #suckhoe #thuocdangian,1601,1,34,thuốc tiểu đường,2026-03-19T10:11:24+07:00,28S
7557751140616637717,https://www.tiktok.com/@giadung_minhchau/video/7557751140616637717,giadung_minhchau,Tạp Hóa Minh Châu,Trà tongzentang hỗ trợ ổn định đường huyết #tongrentang  #duonghuyet  #tieuduong  #suckhoe,19900,12,73,thuốc tiểu đường,2025-10-05T21:54:31+07:00,27S
7514672630624996615,https://www.tiktok.com/@lieulaocai/video/7514672630624996615,lieulaocai,CÔ LIỄU TÂY BẮC,"Trà dây thìa canh tốt cho sức khỏe, giảm tiểu đường hiệu quả#thaoduoc #thaoduocthiennhien #thiênnhiên #lieulaocai #baithuocdangian #huyetapcao #COLIEUTAYBAC #tieuduong #daythiacanh #caythiacanh #thaoduocdantoc ",6748,44,65,thuốc tiểu đường,2025-06-11T19:47:49+07:00,48S
7625507834079235349,https://www.tiktok.com/@duongthuhuong84/video/7625507834079235349,duongthuhuong84,Duonghuongshop1984,Thuốc nam hỗ trợ cho người tiểu đường nha #xuhuong #duongthuhuong #xuhuongtiktok #thuocnamsuckhoe ,346,0,13,thuốc tiểu đường,2026-04-06T12:05:07+07:00,46S
7593190555866238229,https://www.tiktok.com/@sang.n.hng/video/7593190555866238229,sang.n.hng,CÂY THUỐC QUANH TA 🙏,Nhiều tên gọi nhưng có 1 công dụng là ổn định đường huyết thôi #xuhuong #learnontiktok #mientay #tieuduong #63tiengiang ,122200,285,1660,thuốc tiểu đường,2026-01-09T09:57:41+07:00,27S
7481222097927245063,https://www.tiktok.com/@lotusxinchao/video/7481222097927245063,lotusxinchao,LOTUS Healthcare,"Viên uống Ích Tâm Đường cho người tiểu đường tuyp 1, tuyp 2 #suckhoe #dongylotus #ichtamduong ",1987,0,6,thuốc tiểu đường,2025-03-13T16:22:42+07:00,47S
7438002804196740369,https://www.tiktok.com/@dacsantaybac16/video/7438002804196740369,dacsantaybac16,Ðặc sản Tây Bắc,"♻️ Viên tiểu đường♻️  🏜 Thảo dược dao đỏ 🏜  Thảo dược gia truyền dân tộc Tây Bắc  💰 Giá Viên Tiểu Đường / hũ 300g  ✅ Thành phần: - Dây thìa canh, còn ngọt, khổ qua rừng, cam thảo Nam, mạch môn, hoài Sơn, lá đu đủ đực, quế chi, lá xoài non và một số Thảo dược gia truyền khác  ✅Tác dụng : Hỗ trợ hạ đường huyết, giảm nguy cơ biến chứng do tiểu đường, giảm chocholesterol trong máu  ✅Cách dùng:  - Ngày dùng 12 đến 16 viên chia hai lần. Uống sau ăn 30 phút  - Trong thời gian dùng thuốc uống đủ 2 lít nước / ngày, và ăn nhiều rau xanh ✅ Bảo Quản: Đậy kín nắp dau khi su dungCai#hashtag #lenxuhuong_tiktok2024❤️❤️❤️❤️🥰 #capcut #vungcaotaybac #congot ",1964,1,29,thuốc tiểu đường,2024-11-17T05:10:12+07:00,8S
7433561801427586312,https://www.tiktok.com/@samkorea.vn/video/7433561801427586312,samkorea.vn,SÂM HÀN,Điều trị Bệnh tiểu đường. #samhan #benhtieuduong #thuocdieutribenhtieuduong #tieuduong #thuoctieuduongwangdong  #thuochotrovadieutribenhtieuduong ,2817,19,41,thuốc tiểu đường,2024-11-05T05:56:31+07:00,37S
7624015481200069909,https://www.tiktok.com/@anduong.tieuduong/video/7624015481200069909,anduong.tieuduong,Đường An- Giải Pháp Tiểu Đường,Giải pháp cho các bệnh nhân tiểu đường #tieuduong ,19800,18,180,thuốc tiểu đường,2026-04-02T11:34:04+07:00,3M01S
7522453185424936200,https://www.tiktok.com/@tuyetthuocnam63/video/7522453185424936200,tuyetthuocnam63,Shop Tuyết 63,cây rau trai lá tròn còn gọi là cây insulin nhật #tieuduong #baithuochay #suckhoechomoinguoi #suckhoelavang #xuhuong ,42900,115,415,thuốc tiểu đường,2025-07-02T19:00:21+07:00,39S
7573520827941981458,https://www.tiktok.com/@nhuyduoclieu/video/7573520827941981458,nhuyduoclieu,Như Ý Dược Liệu,"Trả lời @user29306356170291Cây thài lài nhật, insulin nhật giúp ổn định đường hay #tieuduong #thailainhat #sứckhỏe ",116300,146,931,thuốc tiểu đường,2025-11-17T09:48:56+07:00,1M03S
7533067344663432455,https://www.tiktok.com/@bshai.vn/video/7533067344663432455,bshai.vn,Bác Sĩ Trương Quang Hải,Nguyên tắc đơn giản để lành tiểu đường   #bshai #bacsihai #tieuduong #insulin #suythan #chatbeo #suckhoe,59800,38,1615,thuốc tiểu đường,2025-07-31T09:28:46+07:00,1M30S
7166573361835953409,https://www.tiktok.com/@mituot_mituot/video/7166573361835953409,mituot_mituot,❤ 𝑵𝒈𝒖𝒚𝒆̂̃𝒏 𝑯𝒐𝒂̀𝒊❤️🔫,Trả lời @Bố Của Gấu Con đây nha bạn ơi.Hỗ trợ điều trị bệnh tiểu đường top 1 nhật bổn luôn nha.đảm bảo ko làm bạn thất vọng😊😊#hoai #kusuri #tiktok #xuhuong #trend #cuocsongnhat  Quan hệ đối tác trả phí ,15200,14,99,thuốc tiểu đường,2022-11-16T18:24:56+07:00,12S
7539754382162742546,https://www.tiktok.com/@vythuocnam63/video/7539754382162742546,vythuocnam63,VY THUỐC NAM,Tiểu đường cao bao nhiêu cũng bình ổn trở lại#tieuduong #thaomocvy #thuocnam #xuhuong #thuocnamsuckhoe  ,31500,24,1017,thuốc tiểu đường,2025-08-18T09:57:56+07:00,38S
7236559980785093894,https://www.tiktok.com/@vietduc.pharmacy/video/7236559980785093894,vietduc.pharmacy,Mèo Ú Mart,Tin vui cho những người bị tiểu đường: DIA TONIC giúp tránh các biến chứng nguy hiểm cho người bệnh tiểu đường #tieuduongvadaiduong #thuoctieuduong #vietducfamilypharmacy #xuhuong ,614,3,7,thuốc tiểu đường,2023-05-24T08:48:43+07:00,32S
7246756358958091525,https://www.tiktok.com/@suckhoe.tieuduong/video/7246756358958091525,suckhoe.tieuduong,Sức khỏe tiểu đường,Khi nào chỉ định dùng METFORMIN? #tieuduong #tieuduongvadaiduong #suckhoetieuduong #bemediajsc #songkhoe247 #betik ,41200,23,322,thuốc tiểu đường,2023-06-20T20:15:50+07:00,1M09S
7616724968730119444,https://www.tiktok.com/@thaydaodongy/video/7616724968730119444,thaydaodongy,KISHO VIỆT NAM,Bị tiểu đường sử dụng metformin mỗi ngày #tieuduong #tieuduongtuyp2 #benhmantinh #fyp #xuhuong ,4760,15,56,thuốc tiểu đường,2026-03-13T20:03:04+07:00,2M58S
7491172801202867474,https://www.tiktok.com/@mypham.st.88/video/7491172801202867474,mypham.st.88,Chăm Sóc Da Mặt - Mỹ phẩm ST,"""Ổn định đường huyết — bảo vệ sức khoẻ mỗi ngày với viên uống hỗ trợ tiểu đường Tokaijyo Nhật Bản. Thành phần thảo dược an toàn, hỗ trợ giảm đường trong máu, tốt cho người tiểu đường type 2."" #vienuongtieuduong #tokaijyo #hootrogianduong #on dinhduonghuyet #thuocthaoduocnhatban",2692,0,9,thuốc tiểu đường,2025-04-09T11:56:58+07:00,10S
7620449192128957717,https://www.tiktok.com/@thaoeo59hetkhanginsulin/video/7620449192128957717,thaoeo59hetkhanginsulin,Thảo eo 59 hết kháng insulin,Cách tốt nhất để bụng bé dần và isl nhạy trở lại #khanginsulin #tieuduongtuyp2 #chamsocsuckhoechudong # #pcos #thaoeo59hetkhanginsulin ,12400,9,119,insulin tiểu đường,2026-03-23T20:55:01+07:00,1M37S
7624890094293503250,https://www.tiktok.com/@ds.songkhoe/video/7624890094293503250,ds.songkhoe,ds.songkhoe,Không phải ăn đường thói quen này mới khiến bạn kháng insulin#tieuduong #insulin #khanginsulin #dssongkhoe ,776,0,6,insulin tiểu đường,2026-04-04T20:07:55+07:00,1M03S
7563304216110828820,https://www.tiktok.com/@bacsyhoa/video/7563304216110828820,bacsyhoa,Bác sĩ Hoa,5 Dấu hiệu trên da báo hiệu kháng insulin hoặc t.iểu đường type 2 #bacsihoa #suckhoe #insulin #tieuduong,118200,65,1196,insulin tiểu đường,2025-10-21T11:00:00+07:00,2M28S
7525517820218608904,https://www.tiktok.com/@cay.insulin.kimngan/video/7525517820218608904,cay.insulin.kimngan,Cây Insulin - Kim Ngạn,Chuyên bán cây giống Insulin. Cây insulin trị tiểu đường #câyinsulin #cayinsulin #tieuduongtuyp2 #caygionginsulin #cayinsulinvietnam #láinsulin #tràinsulin #tieuduong #tieuduongvadaiduong #tiểuduong #chuatieuduong #khanginsulin #khánginsulin ,9358,78,5334,insulin tiểu đường,2025-07-11T01:12:42+07:00,59S
7625820758698249480,https://www.tiktok.com/@thuymaikhanginsul/video/7625820758698249480,thuymaikhanginsul,thuymaikhanginsulin,bạn đã biết cách đọc chỉ số kháng insulin khi có bảng kết quả xét nghiệm máu chưa ?#thuymaikhanginsulin #tieuduongtuyp2 #khanginsulin #giamcanantoan #learnontiktok ,952,5,31,insulin tiểu đường,2026-04-07T08:19:24+07:00,3M06S
7625655033991793927,https://www.tiktok.com/@nhungeothon/video/7625655033991793927,nhungeothon,Nhung kháng Insulin,4 món ăn gây tăng  #insulin mạnh nhất  #videoviralシ #khanginsulin #PCOS #tieuduong ,20500,2,159,insulin tiểu đường,2026-04-06T21:37:04+07:00,2M48S
7532311946037677320,https://www.tiktok.com/@linhthietthaoduoc/video/7532311946037677320,linhthietthaoduoc,Thuốc Nam Gia Truyền 1984,Trà cây Insulin em.gửi cho các bác rồi đây nhé ! #linhthiet84 #benhtieuduong #thaidocthan #cayinsulin #tieuduong #ondinhduonghuyet #tratuiloc ,22300,67,217,insulin tiểu đường,2025-07-29T08:37:25+07:00,1M39S
7472331471148059912,https://www.tiktok.com/@thieutaidinhduong.com/video/7472331471148059912,thieutaidinhduong.com,Thiều Tài,Trả lời @Thu Tin vui lá cây insulin giúp giảm đường trong máu cho người tiểu đường sẽ có trong thời gian tới#daithaoduongthaiky#tieuduongvadaithaoduong#daithaoduongtuyp#tieuduongtuyp2#daithaoduongtuyp2#thieutai#sứckhoetieuduong#tieuduongtuyp1#tieuduongtuyp1vatuyp2#duonghuyet#kiemsoatduonghuyet#dieutritieuduong#câyinsulin#cayinsulinvietnam#suckhoe#,98500,1146,2216,insulin tiểu đường,2025-02-17T17:22:31+07:00,56S
7280402762049817864,https://www.tiktok.com/@nguyenha.ladieng/video/7280402762049817864,nguyenha.ladieng,Nguyễn Hà (Ladie Ng),5 cách giúp bạn giảm mức insulin hoàn toàn tự nhiên. Cách số 5 sẽ làm bạn bất ngờ! #learnontiktok #weightloss #fatloss #khanginsulin #tientieuduong #beophi #giammobung #giammo #suckhoe247 ,136600,51,2652,insulin tiểu đường,2023-09-19T12:21:04+07:00,1M30S
7624562678182202632,https://www.tiktok.com/@loananh.smartlife/video/7624562678182202632,loananh.smartlife,Tiểu đường & kháng insulin,Để phòng tránh tiểu đường tuýp 2 thì phải bắt đầu từ insulin #tieuduongtuyp2 #type2diabetes #daithaoduong #slim#tieuduongthaiky ,359,0,14,insulin tiểu đường,2026-04-03T22:57:19+07:00,3M28S
7624347389775678741,https://www.tiktok.com/@linhthietthaoduoc/video/7624347389775678741,linhthietthaoduoc,Thuốc Nam Gia Truyền 1984,Cây INSULIN Ấn Độ nhà em đây nhé ! #ondinhduonghuyet #linhthiet84 #benhtieuduong #tieuduong #tracayinsulin ,3774,32,59,insulin tiểu đường,2026-04-03T09:02:03+07:00,1M53S
7625996927158603029,https://www.tiktok.com/@tracayinsulinando9/video/7625996927158603029,tracayinsulinando9,Trà cây insulin ấn độ,Trà cây insulin dành cho tiểu đường      - [ ] #tracayinsulinando #trainsulinando #tieuduongtuyp2 #KiemSoatTieuDuong #tieuduongtuyp3    ,22,0,1,insulin tiểu đường,2026-04-07T19:42:59+07:00,18S
7371816920691133697,https://www.tiktok.com/@bs.tranhoanghai/video/7371816920691133697,bs.tranhoanghai,TS.BS Trần Hoàng Hải,"Insulin tự nhiên, điều hòa đường huyết, cải thiện tiểu đường ngay trong 2 loại hạt thân quen! #tranhoanghai #suckhoe #tieuduong #insulin #Dongy #chuabenhtainha #songvuisongkhoe",72500,50,1312,insulin tiểu đường,2024-05-23T15:30:00+07:00,44S
7578832548512648466,https://www.tiktok.com/@tuyenhettieuduong/video/7578832548512648466,tuyenhettieuduong,TUYỂN HẾT TIỂU ĐƯỜNG,Các loại thực phẩm ổn định đường huyết #tuyenduonghuyet #giammo #khanginsulin #tieuduongtype2 #giamcan ,114600,59,2389,insulin tiểu đường,2025-12-01T17:21:05+07:00,19S
7535316221365964048,https://www.tiktok.com/@metaptho/video/7535316221365964048,metaptho,Mẹ Tập Thở,Dùng Insulin sau mấy lần thì bđ hiệu quả vậy các Mom ơi.. #mebau #tdtk #share #sharing #tiktok #insulin #tieuduongthaiki ,29000,183,111,insulin tiểu đường,2025-08-06T10:55:40+07:00,23S
7563683731471568148,https://www.tiktok.com/@_healthiestlab_/video/7563683731471568148,_healthiestlab_,Healthiest Lab,"Không phải bạn ăn ít đi là yếu đi, mà là bạn đang cho cơ thể cơ hội tự chữa lành. Nhịn ăn đúng cách giúp insulin ổn định, mỡ được đốt tự nhiên, và năng lượng trở nên bền vững hơn 💪 #healthiestlab #tieuduong #insulin #nhinanchuabenh #suckhoetunhien ",62100,27,1146,insulin tiểu đường,2025-10-21T21:35:57+07:00,53S
7622258453993491732,https://www.tiktok.com/@tungtieuhoa/video/7622258453993491732,tungtieuhoa,Tùng Tiêu Hóa | DLC,"phần 2 Hiểu về tuyến tụy - Insulin • Hiện tượng suy tuyến tụy, kháng Insulin  • Tiểu đường tuýp 2 • Gan nhiễm mỡ, LDL cao, Triglyceride coa do insulin  #insulin #gannhiemmo #tuyentuy #tieuduong",55800,72,3015,insulin tiểu đường,2026-03-28T17:55:57+07:00,8M32S
7496354176641830151,https://www.tiktok.com/@bacsitieuduong/video/7496354176641830151,bacsitieuduong,Bác sĩ Củ Cải Đỏ (tiểu đường),5 thực phẩm chứa insulin tự nhiên tốt cho người tiểu đường #xuhuongtiktok #xh #xuhuong #viral #tieuduong #bacsytieuduong #bacsy #trending #hot #diabetes #chuyengia #chuyengiatieuduong #kienthuctieuduong #chuyengiadinhduong #kienthuc #dinhduong #dinhduongtieuduong ,237200,186,5658,insulin tiểu đường,2025-04-23T11:02:52+07:00,1M12S
7624420649263582471,https://www.tiktok.com/@thuymaikhanginsul/video/7624420649263582471,thuymaikhanginsul,thuymaikhanginsulin,Kháng Insulin ko chỉ làm bạn tích mỡ mà còn làm bạn mất dần cơ #thuymaikhanginsulin #khanginsulin #tieuduongtuyp2 #giamcanantoan #learnontiktok ,880,3,7,insulin tiểu đường,2026-04-03T13:46:13+07:00,2M31S
7624363379750079751,https://www.tiktok.com/@suckhoedinhcao/video/7624363379750079751,suckhoedinhcao,Hằng mami eo 58,90% người bị kháng insulin không biết đến loại khoáng chất này! #suckhoechuyenhoa #roiloanchuyenhoa #tieuduongtuyp2 #khanginsulin #giammo ,6000,10,116,insulin tiểu đường,2026-04-03T10:03:58+07:00,2M47S
7369911509855571208,https://www.tiktok.com/@bstamnoitiet/video/7369911509855571208,bstamnoitiet,BS TÂM NỘI TIẾT,Tiểu đường thai kỳ khi nào cần ti.êm insulin? #bstamnoitiet #tieuduongthaiki #tieuduong #mebau #mebauthongthai ,71700,137,775,insulin tiểu đường,2024-05-17T17:20:45+07:00,1M53S
7522477393383132423,https://www.tiktok.com/@linhthietthaoduoc/video/7522477393383132423,linhthietthaoduoc,Thuốc Nam Gia Truyền 1984,Tại sao người Tiểu Đường nên uống trà Insulin ! #linhthiet84 #benhtieuduong #thaidocthan #cayinsulin #tratuiloc #tieuduong ,84800,42,358,insulin tiểu đường,2025-07-02T20:34:17+07:00,1M11S
7450340718561856775,https://www.tiktok.com/@kien.shop.98/video/7450340718561856775,kien.shop.98,"Phụ Kiên Camera, Ship",5 loại thực phẩm chứa Insulin tự nhiên tốt cho người tiểu đường #hevisure #tieuduong #daithaoduong ,4030,3,58,insulin tiểu đường,2024-12-20T11:07:12+07:00,1M13S
7260777934632291586,https://www.tiktok.com/@fptlongchau/video/7260777934632291586,fptlongchau,Nhà thuốc FPT Long Châu,FPT Long Châu tiên phong thu cũ đổi mới bút tiêm tiểu đường #tieuduong #insulin #butinsulin #suckhoe #suckhoe247 #frtgr #fptlongchau #learnontiktok,40500,72,309,insulin tiểu đường,2023-07-30T13:20:00+07:00,53S
7626007604329712914,https://www.tiktok.com/@dieuduongmo.tieuduong/video/7626007604329712914,dieuduongmo.tieuduong,Mơ kháng insulin,Chỉ số xét nghiệm người tiểu đường cần biết để đánh giá mức độ kháng insulin và kiểm soát biến chứng . #DieuduongMo  #Chamsocsuckhoechudong  #tieuduongtype2  #khanginsulin  #daothinhvuong ,376,2,14,insulin tiểu đường,2026-04-07T20:24:25+07:00,2M44S
7505097551557725445,https://www.tiktok.com/@dominonguyen1/video/7505097551557725445,dominonguyen1,Domino Nguyễn,Hướng dẫn điều dưỡng dùng Insulin #insulin#tieuduong#dieuduong#chamsoc,46400,10,1759,insulin tiểu đường,2025-05-17T00:31:39+07:00,4M51S
7329432383512513810,https://www.tiktok.com/@lehongyen_/video/7329432383512513810,lehongyen_,Énnn 🤎,🇺🇸 Hỗ trợ đ.ường h.uyết Cinsulin 200 viên Mỹ. #lehongyen #yenle #yenlechuyenhangmy #yenlechuyensilehangmy #hangmyxachtaychinhhang #cinsulin #tieuduong,1932,10,10,insulin tiểu đường,2024-01-29T15:21:07+07:00,1M20S
7474944499991514375,https://www.tiktok.com/@thieutaidinhduong.com/video/7474944499991514375,thieutaidinhduong.com,Thiều Tài,công thức giảm lượng trong máu nhanh từ cây insulin mà nhiều người không biết#daithaoduongthaiky#tieuduongvadaithaoduong#daithaoduongtuyp#tieuduongtuyp2#daithaoduongtuyp2#thieutai#sứckhoetieuduong#tieuduongtuyp1#tieuduongtuyp1vatuyp2#kiemsoatduonghuyet#dieutritieuduong#tieuduongnenuonggidegiamduonghuyet#câyinsulin#câyinsulintuoi#suckhoe#,145100,945,2493,insulin tiểu đường,2025-02-24T18:22:24+07:00,1M31S
7624522263894740242,https://www.tiktok.com/@dieuduongmo.tieuduong/video/7624522263894740242,dieuduongmo.tieuduong,Mơ kháng insulin,Qua 2 chỉ số này biết mình có đang bị kháng insulin không . #DieuduongMo  #Chamsocsuckhoechudong #tieuduongtype2 #khanginsulin #daothinhvuong ,721,5,38,insulin tiểu đường,2026-04-03T20:20:32+07:00,2M33S
7620720494928547093,https://www.tiktok.com/@linhthietthaoduoc/video/7620720494928547093,linhthietthaoduoc,Thuốc Nam Gia Truyền 1984,Cây INSULIN Ấn Độ đi đây ạ ! #ondinhduonghuyet #linhthiet84 #benhtieuduong #tieuduong #tracayinsulin ,701,4,13,insulin tiểu đường,2026-03-24T14:27:49+07:00,1M25S
7321401887582964993,https://www.tiktok.com/@suckhoemachmau/video/7321401887582964993,suckhoemachmau,Liênn hết lòng,Nguyên nhân gây tăng đường huyết không do thức ăn mà bạn không ngờ tới #insulin #learnontiktok #xuhuong #trendingvideo #tieuduong #daithaoduong #khanginsulin #tieuduongtype2 #tieuduongtuyp2 #duonghuyet ,25300,5,260,insulin tiểu đường,2024-01-07T23:58:46+07:00,2M14S
7541270298054724886,https://www.tiktok.com/@songkhongduong.com/video/7541270298054724886,songkhongduong.com,SỐNG KHÔNG ĐƯỜNG,(Phần 1) Trà sữa và đường huyết của tôi #insulin #khanginsulin #songkhongduong #tieuduongvadaiduong,752300,409,19500,insulin tiểu đường,2025-08-22T12:00:28+07:00,1M12S
7625514800587590930,https://www.tiktok.com/@thuymaikhanginsul/video/7625514800587590930,thuymaikhanginsul,thuymaikhanginsulin,Có phải ăn ngọt là nguyên nhân chính gây  tăng Insulin không ??? #thuymaikhanginsulin #tieuduongtuyp2 #khanginsulin #giamcanantoan #learnontiktok ,328,0,5,insulin tiểu đường,2026-04-06T12:32:06+07:00,3M42S
7626209478383324423,https://www.tiktok.com/@songkhoecungthat/video/7626209478383324423,songkhoecungthat,Sống Khỏe Cùng Thật,Người tiểu đường tụt cân mất cơ gầy yếu vì không biết điều này #duonghuyet #tieuduong #khanginsulin #xuhuongtiktok #hba1c ,383,0,5,insulin tiểu đường,2026-04-08T09:27:47+07:00,1M45S
7314236672466586898,https://www.tiktok.com/@dsvtv_vlog/video/7314236672466586898,dsvtv_vlog,DSV TV,Hiểu về Insulin trong 1 phút - Bệnh Đái Tháo đường #duocsiviet #insulin #tieuduong,3357,0,37,insulin tiểu đường,2023-12-19T16:33:58+07:00,1M17S
7624396109934382343,https://www.tiktok.com/@noitieuduong/video/7624396109934382343,noitieuduong,Nối bye Tiểu Đường,Tìm hiểu kháng insulin là gì? #noitieuduong #khanginsulin #desbetestipo2 #tieuduong #noinoigiammo ,452,1,11,insulin tiểu đường,2026-04-03T12:11:01+07:00,3M19S
7624925266606853394,https://www.tiktok.com/@dieuduongmo.tieuduong/video/7624925266606853394,dieuduongmo.tieuduong,Mơ kháng insulin,Cơ bắp là then chốt của độ nhạy insulin. #DieuduongMo  #Chamsocsuckhoechudong  #tieuduongtype2  #khanginsulin  #daothinhvuong ,773,2,29,insulin tiểu đường,2026-04-04T22:24:23+07:00,2M17S
7535454033281060103,https://www.tiktok.com/@mommyrio.linhthuy/video/7535454033281060103,mommyrio.linhthuy,Mommy Rio (Linh Thuỳ),Các mom bị TĐTK được chỉ định t💉 insulin thì một ngày t.iêm bao nhiêu đơn vị vậy? #mebauthongthai #tieuduongthaiki #maytesttieuduong #maydotieuduong #mevabe ,27200,74,191,insulin tiểu đường,2025-08-06T19:50:15+07:00,2M03S
7624335755023813895,https://www.tiktok.com/@thuymaikhanginsul/video/7624335755023813895,thuymaikhanginsul,thuymaikhanginsulin,Kiểm soát Calo giúp bạn giảm cân nhưng kiểm soát Insulin mới giúp bạn Kiểm Soát Mỡ #thuymaikhanginsulin #khanginsulin #giamcanantoan #tieuduongtuyp2 ,903,4,20,insulin tiểu đường,2026-04-03T08:16:52+07:00,1M51S
7620099647612243207,https://www.tiktok.com/@mt020900/video/7620099647612243207,mt020900,Minh Tuấn (sinh viên ngành Y),"Đái tháo đưởng, tụt đường huyết, tăng đường huyết có gây nguy cơ nguy hiểm không #nmt #ykhoa #factvuiykhoa ",188300,163,15300,insulin tiểu đường,2026-03-22T22:18:32+07:00,5M26S
7626209087298080007,https://www.tiktok.com/@hung_tieu_duong/video/7626209087298080007,hung_tieu_duong,TIỂU ĐƯỜNG VIỆT NAM,Món ăn sáng đơn giản và tốt lành cho người tiểu đường #tieuduong #diabetes #khanginsulin #hungtieuduong ,77,0,1,insulin tiểu đường,2026-04-08T09:26:16+07:00,2M26S
7625987188332842261,https://www.tiktok.com/@dongymentuyet/video/7625987188332842261,dongymentuyet,shop mentuyet,2 hộp trà insulin ở đây ạ  #shopmentuyet #tieuduong #xuhuong #suckhoe #tieuduongtuyp1 ,123,0,2,insulin tiểu đường,2026-04-07T19:05:13+07:00,1M17S
7493889404226833682,https://www.tiktok.com/@bscuong.timmach/video/7493889404226833682,bscuong.timmach,Bác sĩ Cường Tim Mạch,"Tiêm insulin đúng giúp người bệnh: Kiểm soát đường huyết ổn định, ngăn biến chứng. Giảm nguy cơ hạ hoặc tăng đường huyết đột ngột. Tăng hiệu quả điều trị, tránh lãng phí insulin. Hạn chế tổn thương da, viêm mô do tiêm sai kỹ thuật. #xuhuong #bacsicuongtimmach ",19900,10,216,insulin tiểu đường,2025-04-16T19:38:17+07:00,3M53S
7626005770966027540,https://www.tiktok.com/@thao.duoc.huong/video/7626005770966027540,thao.duoc.huong,THẢO DƯỢC HƯƠNG NGUYỄN,Vì sao người tiểu đường nên uống ngay trà insulin ấn độ #tracayinsulinando #trainsulinando #tiểuđường #kiemsoattieuduong #LIVEIncentiveProgram ,353,0,1,insulin tiểu đường,2026-04-07T20:17:19+07:00,1M41S
7602837597659909397,https://www.tiktok.com/@honginsulin/video/7602837597659909397,honginsulin,Hồng insulin,"5 cách giúp U40 tụt mỡ không phanh, đảo ngược kháng insulin #insulinresistance #tieuduong #hongnguyen #giammo #khanginsulin ",379,0,10,insulin tiểu đường,2026-02-04T09:52:59+07:00,16S
7596644187357973781,https://www.tiktok.com/@tracayinsulinando3/video/7596644187357973781,tracayinsulinando3,TRÀ CÂY INSULIN ẤN ĐỘ .,Trà cây insulin dành cho tiểu đường  #tracayinsulinando #trainsulinando #tieuduongtuyp2 #KiemSoatTieuDuong #tieuduongtuyp3    #…,614,1,5,insulin tiểu đường,2026-01-18T17:19:32+07:00,19S
7573458019204238599,https://www.tiktok.com/@thanhthuythichthontha/video/7573458019204238599,thanhthuythichthontha,Thuý Thon Thả Thần Thái,"Alzheimer được gọi là tiểu đường type 3, vì não cũng có thể bị kháng insulin và không sử dụng được năng lượng. Khi insulin giảm → trí nhớ, sự tập trung và độ minh mẫn được phục hồi. #ThuyThonThaThanThai #khanginsulin #tieuduong #tieuduongtype3 #alzheimers  ",205,0,6,insulin tiểu đường,2025-11-17T05:45:12+07:00,1M06S
7625950785456573716,https://www.tiktok.com/@hng.khng.insulin.0/video/7625950785456573716,hng.khng.insulin.0,Hồng kháng insulin 0975025551,Tại sao insulin cứ tăng #tiểu đường #kháng insulin ,1101,0,17,insulin tiểu đường,2026-04-07T16:43:56+07:00,2M35S
7530977769187052816,https://www.tiktok.com/@baongan25689/video/7530977769187052816,baongan25689,Hạnh,"các mom kiểm soát tiểu đường thai kỳ ntnao? còn mình tiêm insulin và dùng máy này, tổng dùng 9 cái, tay toàn vết sẹo.  #tieuduong #血糖値 #mevabe #mebau #nhatban ",33600,168,194,insulin tiểu đường,2025-07-25T18:20:16+07:00,44S
7458155318644641032,https://www.tiktok.com/@hung_tieu_duong/video/7458155318644641032,hung_tieu_duong,TIỂU ĐƯỜNG VIỆT NAM,"Slim có tác dụng ổn định đường huyết, giảm mỡ cơ thể hay không? #tieuduong #khanginsulin #slim #nguyennhantieuduong ",1560,4,21,insulin tiểu đường,2025-01-10T12:31:48+07:00,2M55S
7461766541520932104,https://www.tiktok.com/@dr_icu/video/7461766541520932104,dr_icu,Dr ICU,Cập nhật về Insulin Trong điều trị Đái tháo đường #insulin #daithaoduong #noitiettonuaau #toanketon #hhs #capcuu #copd #hen #dka #hohap #nhikhoa #tietnieu #daimau #ppi #antacids #tiêuhoa #viemphoi #hscc #budich #hoisuctichcuc #ngodoc #thuocgayte #phanve,51800,16,2062,insulin tiểu đường,2025-01-20T11:20:00+07:00,26M37S
7344762959517814017,https://www.tiktok.com/@suckhoemachmau/video/7344762959517814017,suckhoemachmau,Liênn hết lòng,4 cách tăng độ nhạy của insulin để hạ đường huyết hiệu quả #xuhuong #xuhuongtiktok #canbangchuyenhoa #roiloanchuyenhoa #learnontiktok #trendingvideo #tieuduong #tieuduongtuyp2 #tieuduongtype2 #duonghuyet #daithaoduong #haduonghuyet #giacngu #insulin #khanginsulin,3308,2,55,insulin tiểu đường,2024-03-10T22:51:35+07:00,1M27S
7623737457376496904,https://www.tiktok.com/@suckhoedinhcao/video/7623737457376496904,suckhoedinhcao,Hằng mami eo 58,Bạn có đang từ 2 dấu hiệu trở lên? #suckhoechuyenhoa #roiloanchuyenhoa #tieuduongtuyp2 #khanginsulin #giammo ,31900,12,400,insulin tiểu đường,2026-04-01T17:35:02+07:00,1M59S
7224541439416388870,https://www.tiktok.com/@yonotyou._/video/7224541439416388870,yonotyou._,quibu bị tỉu đường ☠️,ghét nhma nghe cái tiếng bấm bút này thích tai 🫨 #diabetes #tiểuđường #insulin #foryou #fyp ,24400,75,90,insulin tiểu đường,2023-04-21T23:30:37+07:00,13S
7314486827560324353,https://www.tiktok.com/@dsvtv_vlog/video/7314486827560324353,dsvtv_vlog,DSV TV,Insulin - Con dao 2 lưỡi #duocsiviet #insulin #tieuduong,373,0,10,insulin tiểu đường,2023-12-20T08:44:51+07:00,53S
7538034442368060679,https://www.tiktok.com/@nguyenoanh.dongy/video/7538034442368060679,nguyenoanh.dongy,ĐÔNG Y OANH NGUYỄN,Có 5 dấu hiệu này là bệnh tiểu đường nặng rồi cô chú nhé. #dongyoanhnguyen  #xuhuong2025  #benhtieuduong  #tieuduongtuyp2  #tracayinsulin ,329100,90,2358,insulin tiểu đường,2025-08-13T18:43:35+07:00,1M21S
7475969618192928007,https://www.tiktok.com/@thieutaidinhduong.com/video/7475969618192928007,thieutaidinhduong.com,Thiều Tài,lá cây insulin giúp giảm đường huyết và cải thiện biến chứng đã có ở việt nam nhiều người không biết!#daithaoduongthaiky#tieuduongvadaithaoduong#daithaoduongtuyp#tieuduongtuyp2#daithaoduongtuyp2#thieutai#sứckhoetieuduong#tieuduongtuyp1#tieuduongtuyp1vatuyp2#kiemsoatduonghuyet#dieutritieuduong#tieuduongnenuonggidegiamduonghuyet#câyinsulin#câyinsulintuoi#tracayinsulin#suckhoe#,92700,232,1261,insulin tiểu đường,2025-02-27T12:40:21+07:00,1M39S
7601044646243880213,https://www.tiktok.com/@honginsulin/video/7601044646243880213,honginsulin,Hồng insulin,Cơm càng nóng hổi insulin càng tăng nhanh #insulinresistance #tieuduong #hongnguyen #giammo ,270,1,7,insulin tiểu đường,2026-01-30T13:55:23+07:00,1M16S
7579154506303212818,https://www.tiktok.com/@trang.hiu.insulin/video/7579154506303212818,trang.hiu.insulin,Trang thon thả,Cơ thể bạn đang làm điều này mỗi lần ăn mà bạn không hề biết… 🍽️➡️🩸 #TranghieuInsulin  #khanginsulin  #tieuduong ,774,0,16,insulin tiểu đường,2025-12-02T14:10:26+07:00,1M22S
7621586048446926098,https://www.tiktok.com/@songkhoecungthat/video/7621586048446926098,songkhoecungthat,Sống Khỏe Cùng Thật,Bộ chỉ số đường chuyển hoá ai cũng nên biết #tieuduong #duonghuyet #hba1c #khanginsulin #xuhuongtiktok ,3323,1,30,insulin tiểu đường,2026-03-26T22:26:29+07:00,10S
7306091361852247298,https://www.tiktok.com/@hoangphuongvtc/video/7306091361852247298,hoangphuongvtc,MC Hoàng Phương VTC,Cách tính chỉ số kháng insulin có vượt ngưỡng. #learnontiktok #suckhoe247 #giamcan #giammo #hoangphuong #tieuduong #khanginsulin ,31700,13,502,insulin tiểu đường,2023-11-27T17:46:00+07:00,1M35S
7601150001410018580,https://www.tiktok.com/@phuonglinhinsulin/video/7601150001410018580,phuonglinhinsulin,Phương Linh - Kháng Insulin,Dấu hiệu sớm kháng insulin #phuonglinhkhanginsulin #khánginsulin #gaiđen #beophi #thuacan ,1600000,1145,9046,insulin tiểu đường,2026-01-30T20:44:11+07:00,58S
7508618659548384519,https://www.tiktok.com/@linhthietthaoduoc/video/7508618659548384519,linhthietthaoduoc,Thuốc Nam Gia Truyền 1984,Insulin tự nhiên cho người Tiểu Đường ! #linhthiet84 #benhtieuduong #tieuduong #ondinhduonghuyet #thaidocthan ,66300,73,655,insulin tiểu đường,2025-05-26T12:15:20+07:00,1M10S
7511931708678229256,https://www.tiktok.com/@lekimhung2610/video/7511931708678229256,lekimhung2610,Hưng Hiểu Mỡ,Trả lời @Thị Nga ❣️❣️  nếu thấy tình trạng này lâu rồi thì tích cực giảm cân và tạo thói quen tốt cho bé c nhé #khanginsulin #insulinresistance #learnontiktok #lekimhung ,259900,64,1226,insulin tiểu đường,2025-06-04T10:31:39+07:00,1M34S
7542147049840561426,https://www.tiktok.com/@hiengiammobung/video/7542147049840561426,hiengiammobung,Hiền giảm mỡ,"Tối uống 1 viên, Sáng hôm sau đi như tháo cống  #nhinangiandoan #tieuduong #giamcan #giammo #insulin #khanginsulin #momau #thaidocruot ",99500,986,1408,insulin tiểu đường,2025-08-24T20:42:36+07:00,54S
7622998438250024210,https://www.tiktok.com/@luckyhoney.68/video/7622998438250024210,luckyhoney.68,DS LUCKY,DÀNH CHO ĐỐI TƯỢNG BỊ THIẾU HỤT INSULIN TRONG BỆNH TIÊU ĐƯỜNG ! #tritieuduong #tieuduongvadaiduong #tieuduongthaiki #tieuduongtype2 #triduong @DS LUCKY 🍀  @DS LUCKY ,164,0,8,insulin tiểu đường,2026-03-30T17:47:22+07:00,23S
7598062887931841813,https://www.tiktok.com/@hai_cris_/video/7598062887931841813,hai_cris_,Phan Hoàng Hải,Cảnh báo kháng insulin đang dần trẻ hóa ##hairise##suckhoe##khanginsulin##gaiden##giammo,1500000,1339,10600,insulin tiểu đường,2026-01-22T13:04:51+07:00,1M43S
7564703600753134855,https://www.tiktok.com/@nhuyduoclieu/video/7564703600753134855,nhuyduoclieu,Như Ý Dược Liệu,Trả lời @user1b5vtwrsa1chậu giống inuslin nhật ổn định đường tuyệt vời#tieuduong #sức_khỏe_là_vàng ,13200,14,112,insulin tiểu đường,2025-10-24T15:33:34+07:00,58S
7523227899525205266,https://www.tiktok.com/@phongkham.sp.bsleduytoan/video/7523227899525205266,phongkham.sp.bsleduytoan,BS TOÀN TRƯỞNG KHOA MỔ D4 PSHN,Lần đầu tiên gặp mẹ bầu bị tiểu đường tiêm 300 đơn vị insulin #mode #modedichvu #bsleduytoantruongkhoad4 ,113300,270,1099,insulin tiểu đường,2025-07-04T21:06:36+07:00,29S
7624332138690645269,https://www.tiktok.com/@duocsi.hieu/video/7624332138690645269,duocsi.hieu,Dược Sĩ Hiếu,"Nhiều người nghĩ Kháng Insulin và Tiểu đường là bệnh của người hay ăn ngọt. Sự thật là: Thức khuya, stress cao và ngồi nhiều sẽ ép cơ thể tiết ra lượng lớn Cortisol. Hormone này liên tục bơm đường vào máu để ""chống đỡ"" cơn buồn ngủ, khiến tuyến tụy phải vắt kiệt sức bơm Insulin đi dọn dẹp. Lâu dần, các tế bào ""chai lỳ"" và từ chối nhận Insulin. ​Khi cửa tế bào đóng sập (Kháng Insulin), cơ thể bạn sẽ hứng chịu hiệu ứng Domino tàn khốc sau đây, đặc biệt là sau tuổi 30: ​1. Trạng thái ""Skinny Fat"" (Bụng mỡ, người lờ đờ): Khi tế bào kháng Insulin, đường trong máu không thể chui vào cơ bắp và não bộ để tạo năng lượng. Kết quả? Bạn lúc nào cũng mệt mỏi, ngáp vặt cả ngày. Trong khi đó, lượng đường dư thừa trôi nổi trong máu sẽ bị cơ thể chuyển hóa cưỡng bức thành mỡ nội tạng và đắp thẳng vào vòng 2. Bạn có thể không béo, nhưng bụng luôn phình to. ​2. Gan nhiễm mỡ & Máu đặc quánh: Gan là trạm lọc cuối cùng. Khi hệ thống rối loạn, mỡ nội tạng không chỉ nằm ở bụng mà bắt đầu ""tràn"" vào các cơ quan nội tạng. Gan của bạn bị bao bọc bởi mỡ (dù bạn không uống rượu bia), và các chỉ số (LDL/Triglyceride) trong máu tăng vọt, làm dòng máu chảy chậm lại như bùn đặc. ​3. Mạch máu ""rỉ sét"" (Huyết áp thất thường & Viêm mạn tính): Lượng đường và mỡ cao liên tục cọ xát và làm tổn thương niêm mạc mạch máu, tạo ra các ổ viêm mạn tính rải rác khắp cơ thể. Để vá các lỗ hổng này, cơ thể dùng mỡ máu đắp vào, tạo thành các mảng xơ vữa. Lòng mạch hẹp lại khiến tim phải co bóp mạnh hơn, dẫn đến huyết áp dao động thất thường và hệ tim mạch xuống cấp trước tuổi. ​4. Điểm đến cuối cùng: Bản án Tiểu đường Tuýp 2: Tất cả những triệu chứng trên (mệt mỏi, mỡ bụng, mỡ máu, huyết áp) thực chất là giai đoạn Tiền tiểu đường. Khi tuyến tụy đã hoàn toàn ""kiệt huệ"", không thể sản xuất thêm Insulin để gồng gánh nữa, đường huyết sẽ mất kiểm soát hoàn toàn. Lúc này, bạn chính thức nhận bản án Tiểu đường Tuýp 2, một căn bệnh đi theo bạn đến cuối đời. #dshieu #healthalert #healthtipstiktok #health ",43500,4,362,insulin tiểu đường,2026-04-03T08:02:54+07:00,10S
7555362214723505429,https://www.tiktok.com/@kienthuc.dieuduong_115/video/7555362214723505429,kienthuc.dieuduong_115,Góc điều dưỡng,Từ UI đến ml trong vài giây: học cách tính insulin dễ dàng #dieuduong #nursing #kienthucdieuduong #hocycogivui👩🏻‍⚕️💙 #insulin  @Góc điều dưỡng ,107800,21,2774,insulin tiểu đường,2025-09-29T11:24:12+07:00,22S
7567648665444175111,https://www.tiktok.com/@thothohealthy/video/7567648665444175111,thothohealthy,Thơ cuốn - gọt eo,"Chị em có thể cải thiện đến 90% độ nhạy insulin tự nhiên...đơn giản, ko tốn kém, có thể bắt đầu ngay #thothohealthy #insulinresistance #womenshealth #metabolichealth #suckhoephunu ",84300,33,1642,insulin tiểu đường,2025-11-01T14:01:57+07:00,1M57S
7575027867159989512,https://www.tiktok.com/@hien_thich_eodep/video/7575027867159989512,hien_thich_eodep,Hiền Insulin& PCos,3 cách giảm kháng insulin đơn giản #khanginsulin #giamcan #tieuduongtuyp2 #chamsocsuckhoechudong #phunudep ,353000,120,6465,insulin tiểu đường,2025-11-21T11:16:59+07:00,3M05S
7547167086435421441,https://www.tiktok.com/@metaptho/video/7547167086435421441,metaptho,Mẹ Tập Thở,Dùng Insulin sau 30 ngày và hơi hoang mang nhẹ 😅#insulin #tdtk #sharing #tiktok #mebau ,113000,346,576,insulin tiểu đường,2025-09-07T09:23:24+07:00,12S
7594434791005490450,https://www.tiktok.com/@songkhoemoingay_85/video/7594434791005490450,songkhoemoingay_85,Sống khoẻ mỗi ngày,6 Thực Phẩm Chứa Insulin Tự Nhiên - Càng Ăn Đường Huyết Càng Ổn! #songkhoemoingay #songkhoe #suckhoe #tieuduong #tieuduongtuyp2 ,41200,8,518,insulin tiểu đường,2026-01-12T18:25:44+07:00,1M32S
7623236662675410194,https://www.tiktok.com/@minhnghia1619/video/7623236662675410194,minhnghia1619,Ds.hướng nội😘,Trà cây insulin Ấn. Độ hỗ trợ bệnh. lí tiểu đường..#duocsi#tieuduongvadaiduong#chiasesuckhoe#ilovetiktok ,336,3,37,insulin tiểu đường,2026-03-31T09:11:44+07:00,27S
7258274329849384198,https://www.tiktok.com/@caoxuantu.health/video/7258274329849384198,caoxuantu.health,Cao Xuân Tú,Những điều chưa ai nói với bạn về insulin | #LearnOnTikTok #dinhdưỡnglànhmạnh #caoxuantu #metabolicBaCay #loseweigth #dinhduonghanhphuc #eatlikeBaCay #sốngkhoẻ247 #carbohydrates #insulin ,72300,108,1584,insulin tiểu đường,2023-07-21T21:11:27+07:00,3M42S
7502630932747160850,https://www.tiktok.com/@suckhoevang90/video/7502630932747160850,suckhoevang90,suckhoevang90,"**“Cuốn sách này đã thay đổi cách mình nhìn về tiểu đường. Không phải chỉ do ăn ngọt. Không phải bệnh suốt đời. Mà là do cơ thể đã quá tải insulin – và hoàn toàn có thể phục hồi. Mình chia sẻ lại, vì biết có nhiều người cũng đang cần như mình từng cần.”** #xuhuong #tieuduong #daithaoduong #tieuduongvadaiduong #matmatieuduong #suckhoe #suckhoechomoinguoi #bienchungtieuduong  @suckhoevang90  @suckhoevang90  @suckhoevang90 ",757,2,10,insulin tiểu đường,2025-05-10T08:59:56+07:00,31S
7622095958796537105,https://www.tiktok.com/@cayinsulinando/video/7622095958796537105,cayinsulinando,Cây Insulin Ấn Độ(Tiểu Đường)✅,Cây Insulin Ấn Độ Giống #tratieuduong #cayinsulingiong #tieuduongtuyp2 #tieuduong #tieuduongvadaiduong ,14400,15,80,insulin tiểu đường,2026-03-28T07:26:20+07:00,1M07S
7510174072366468360,https://www.tiktok.com/@quangthoritado/video/7510174072366468360,quangthoritado,Thầy Nguyễn Công Đức,Cách điều trị bệnh tiểu đường #tieuduong #daithaoduong #type1 #type2 #insulin #bepharin #nguyencongduc #baithuocdangian #baithuochay #xuhuong #learnontiktok #viral,121800,107,1591,insulin tiểu đường,2025-05-30T19:30:00+07:00,2M02S
7606655122554244359,https://www.tiktok.com/@suckhoedinhcao/video/7606655122554244359,suckhoedinhcao,Hằng mami eo 58,Một loại khoáng chất giúp cải thiện kháng insulin và đa số mọi người không biết đến #khanginsulin #canbangchuyenhoa #hangmamieo58 #suckhoechuyenhoa #pcos ,98400,157,1909,insulin tiểu đường,2026-02-14T16:46:51+07:00,3M04S
7552023227854327056,https://www.tiktok.com/@nguyentrungha.tpn/video/7552023227854327056,nguyentrungha.tpn,Ds. Nguyễn Trung Hà TPN,Những thói quen vào buổi sáng khiến insulin tăng rất nhanh #suckhoe #anuong #tieuduong #khanginsulin #thienphucnhan ,82300,75,883,insulin tiểu đường,2025-09-20T11:27:58+07:00,2M19S
7614108516336373000,https://www.tiktok.com/@ngoc.bich9690/video/7614108516336373000,ngoc.bich9690,Ngoc Bich,"Top 3 thực phẩm dành cho người tiểu đường, kháng Insulin #khanginssulin #tieuduong #momau #giamcan #giammo ",2336,23,56,insulin tiểu đường,2026-03-06T18:49:51+07:00,51S
7576221468959198482,https://www.tiktok.com/@tieuduong.tamanh/video/7576221468959198482,tieuduong.tamanh,tieuduong.tamanh,Các dạng t.i.ê.m insulin #songkhoe247 #benhvientamanh #suckhoe #daithaoduong #tieuduong ,1023,1,18,insulin tiểu đường,2025-11-24T16:28:45+07:00,27S
7556631491501935892,https://www.tiktok.com/@doanthi.thuuyen/video/7556631491501935892,doanthi.thuuyen,Lumi Đoàn,KHÁNG INSULIN là gì ??? Quá nhiều người chưa biết ! #suckhoe  #khanginsulin  #giammo  #xuhuongtiktok  #fatloss  ,1600000,1222,21400,insulin tiểu đường,2025-10-02T21:29:38+07:00,1M06S
7611095202547191048,https://www.tiktok.com/@trainsulinando/video/7611095202547191048,trainsulinando,TRÀ INSULIN HỔ TRỢ TIỂU ĐƯỜNG,Trà Insulin ấn độ hổ trợ đường huyết #tracayinsulinando #trainsulinando #tieuduong #tientieuduong ,905,0,6,insulin tiểu đường,2026-02-26T15:56:41+07:00,15S
7573916839231687956,https://www.tiktok.com/@medkled/video/7573916839231687956,medkled,MEDKLED,"“CÓ MỘT TÌNH HUỐNG RẤT HAY GẶP Ở BỆNH NHÂN ĐÁI THÁO ĐƯỜNG: tiêm insulin sai cách. Và hậu quả không phải ai cũng biết — vùng da nơi tiêm bắt đầu xuất hiện những cục u mềm, lồi lõm, khiến đường huyết dao động khó kiểm soát. Đó chính là 👉 LOẠN DƯỠNG MỠ DO TIÊM INSULIN.” 👉Loạn dưỡng mỡ là tình trạng mô mỡ dưới da bị biến dạng tại vùng tiêm insulin. Có hai dạng thường gặp: 1. Loạn dưỡng mỡ phì đại (lipohypertrophy) – gặp nhiều nhất: Da nổi cục u mềm, sờ như cao su - Do tiêm lặp lại đúng một vị trí, hoặc sử dụng lại kim nhiều lần -> Insulin hấp thu vào đây rất kém và không ổn định → đường huyết dao động thất thường. 2. Loạn dưỡng mỡ teo (lipoatrophy) – hiếm gặp: Da bị lõm sâu. Liên quan phản ứng miễn dịch. 👉Hệ luỵ của loạn dưỡng mỡ: - Làm xấu da, mất thẩm mỹ. - Làm giảm hiệu quả insulin, khiến: Đường huyết khó hạ hoặc dao động thất thường / Cần tăng liều insulin dù bệnh không nặng hơn / Nguy cơ hạ đường huyết bất ngờ khi tiêm vào vùng bình thường sau thời gian tiêm ở vùng tổn thương.  👉Do vậy tình trạng đường huyết không ổn định lâu ngày → tăng nguy cơ: Biến chứng tim mạch / Tổn thương mắt, thận, thần kinh. 👍👍👍TIÊM ĐÚNG CÁCH: 👉Luân phiên vị trí tiêm: Tuyệt đối không tiêm lặp lại đúng một điểm / Vùng bụng luôn được ưu tiên vì dễ nhìn, dễ thao tác và quan trọng là có lượng mỡ dưới da đều, mạch máu phong phú, không bị ảnh hưởng bởi vận động → insulin được hấp thu ổn định hơn so với đùi hay cánh tay→ Giúp kiểm soát đường huyết tốt, ít dao động. Vậy nên khi tiêm: chia vùng bụng thành nhiều ô, mỗi mũi cách nhau 2–3 cm. >>>Có thể luân phiên: bụng → đùi → cánh tay → mông (nếu phù hợp loại insulin) -> Chú ý hạn chế vận động nếu tiêm vào vùng đùi và cánh tay vì khi vận động mạnh có thể làm insulin hấp thu nhanh bất thường không ổn định bằng ở bụng.  👉Không tiêm lên vùng có cục u hoặc lõm: Insulin vào vùng đó hấp thu kém → đường huyết khó kiểm soát / Chỉ tiêm vào vùng da lành. 👉Thay kim đúng cách: Mỗi mũi → một kim mới / Kim dùng lại sẽ cùn → gây tổn thương mô mỡ nhiều hơn. 👉Kỹ thuật tiêm chuẩn: Dùng kim 4–6 mm, tiêm vuông góc 90° với da / Giữ kim 5–10 giây trước khi rút để tránh rò insulin / Không xoa bóp sau tiêm. 👉Khám định kỳ để kiểm tra vùng tiêm: Nếu sờ thấy cục u → ngưng tiêm vào đó ít nhất vài tuần – vài tháng để mô hồi phục. 👍 #songcungdtd #loanduongmo #kythuattiem",444,0,5,insulin tiểu đường,2025-11-18T11:25:39+07:00,19S
7616946116319317255,https://www.tiktok.com/@muahangmychinhhang/video/7616946116319317255,muahangmychinhhang,Săn hàng Mỹ,"Hỗ trợ tiểu đường , Cải thiện hiệu quả cho xác chú bác #muahangmy #sanhangmy #tieuduong #insulin ",64000,367,924,insulin tiểu đường,2026-03-14T10:21:14+07:00,22S
7583298788844915975,https://www.tiktok.com/@t.la.71/video/7583298788844915975,t.la.71,Mẹ Bỉm Tập Hai 👶👧🏼,"Buồn quá các mom ơi, có ai đang mang thai bị tiểu đường typ 2 giống mình k? Cứ nghĩ bị tiểu đường thai kỳ nhưng nhận kết quả thì TĐ Typ 2 ạ, kiêng khem đủ thứ và tiêm insulin mỗi ngày#tiktok #tiktokviral #tieuduongtuyp2 #tieuduong #mẹbimsua ",41800,277,258,insulin tiểu đường,2025-12-13T18:12:23+07:00,30S
7542916034056113415,https://www.tiktok.com/@hoanghaihavan/video/7542916034056113415,hoanghaihavan,Hoàng Hải Hà Vân,"Trả lời @linh trân không cần phải ăn uống khổ sở mà vẫn được ăn ngon, thoải mái #khanginsulin #chamsocsuckhoe #pcos #giammo #hoanghaihavan ",1100000,932,25600,insulin tiểu đường,2025-08-26T22:26:40+07:00,1M02S
7607247369977056513,https://www.tiktok.com/@drdiepdung/video/7607247369977056513,drdiepdung,Dr Diệp Dung Store,Dấu Hiệu Kháng Insulin Rất Phổ Biến Khiến Cho Nhiều Người Nhầm Lẫn! |BsDiệpDung #duonghuyet #tieuduong,303,0,2,insulin tiểu đường,2026-02-16T07:25:00+07:00,11S
7358732455529942290,https://www.tiktok.com/@ho_tang_duong/video/7358732455529942290,ho_tang_duong,Hỏi đáp về bệnh tiểu đường,Hướng dẫn kỹ thuật tiêm Insulin cho bệnh nhân tiểu đường #insulin #tieuduong #bienchungtieuduong,4395,2,20,insulin tiểu đường,2024-04-17T14:20:24+07:00,2M52S
7538419344993209608,https://www.tiktok.com/@hiengiammobung/video/7538419344993209608,hiengiammobung,Hiền giảm mỡ,Thói quen buổi sáng giúp tiêu hao mỡbụng  #nhinangiandoan #tieuduong #giamcan #giammo #insulin #khanginsulin #momau #pcos,201400,1194,2741,insulin tiểu đường,2025-08-14T19:37:11+07:00,1M11S
7547185324808490247,https://www.tiktok.com/@mommyrio.linhthuy/video/7547185324808490247,mommyrio.linhthuy,Mommy Rio (Linh Thuỳ),Mẹ mắc TĐTK được chỉ định tiêm insulin thì mẹ sẽ phải 💉 insulin đến khi nào? Không phải là 💉 đến khi đường huyết ổn định về ngưỡng an toàn là thôi đâu nha các mom … #mebauthongthai #mevabe #tieuduongthaiki ,11700,30,99,insulin tiểu đường,2025-09-07T10:33:43+07:00,2M21S
7612481653662829832,https://www.tiktok.com/@chamsocsuckhoemoingay2/video/7612481653662829832,chamsocsuckhoemoingay2,CHĂM SÓC SỨC KHOẺ MỖI NGÀY,trà insulin hổ trợ đường huyết #insulin #trainsulinando #tieuduong ,575,1,3,insulin tiểu đường,2026-03-02T09:36:50+07:00,15S
7543578480550825223,https://www.tiktok.com/@hoanghaihavan/video/7543578480550825223,hoanghaihavan,Hoàng Hải Hà Vân,Trả lời @tunganhduong2908 kháng insulin thử áp dụng thực đơn này bạn nhé #khanginsulin #chamsocsuckhoe #pcos #giammo #hoanghaihavan ,1000000,503,22400,insulin tiểu đường,2025-08-28T17:17:15+07:00,54S
7593337987916827922,https://www.tiktok.com/@thuyyumi227/video/7593337987916827922,thuyyumi227,thuyyumi22,Trả lời @Khanh huynh cân bằng đg huyết cho tiu đườg tuyp 1 tuyp2 #hieuthuochanquoc #khanginsulin #pharmacy ,6060,11,52,insulin tiểu đường,2026-01-09T19:29:34+07:00,15S
7586907212350622996,https://www.tiktok.com/@nganthontha/video/7586907212350622996,nganthontha,Ngân Thon Thả,"99 % người bị kháng Insulin sẽ thon gọn, khoẻ mạnh và giúp cơ thể nhạy lại với insulin nhờ làm điều này. Ace lưu lại để áp dụng và chia đến những người quan tâm nhé🫶 #khanginsulin #giammo #giamcan #nganthontha ",658800,244,21400,insulin tiểu đường,2025-12-23T11:34:59+07:00,2M33S
7546826921863171349,https://www.tiktok.com/@nguyenoanh.dongy/video/7546826921863171349,nguyenoanh.dongy,ĐÔNG Y OANH NGUYỄN,Bệnh tiểu đường không còn phải lo Nữa nhé cô chú Tiểu đường tuýp 1 tuýp 2 xem video e chia sẻ nhé #dongyoanhnguyen  #benhtieuduong  #tieuduongtuyp2  #tracayinsulin ,7248,19,124,insulin tiểu đường,2025-09-06T11:22:56+07:00,1M13S
7624366257696951572,https://www.tiktok.com/@tracayinsulinando3/video/7624366257696951572,tracayinsulinando3,TRÀ CÂY INSULIN ẤN ĐỘ .,Trà cây insulin dành cho tiểu đường      - [ ] #tracayinsulinando #trainsulinando #tieuduongtuyp2 #KiemSoatTieuDuong #tieuduongtuyp3   ,965,1,6,insulin tiểu đường,2026-04-03T10:15:13+07:00,28S
7587965097260223762,https://www.tiktok.com/@ngochuynh.trainsulin/video/7587965097260223762,ngochuynh.trainsulin,Ngọc Huỳnh Shop 83,Bác sĩ Mi Là Nguyễn đã làm việc nhiều năm với người tiểu đường #tieuduongvadaiduong #tieuduongtuyp1 #tieuduongtuyp2 #tracayinsulinando #xuhuongtiktok2025 ,169,2,4,insulin tiểu đường,2025-12-26T08:00:08+07:00,3M00S
7572925144507665671,https://www.tiktok.com/@suckhoedinhcao/video/7572925144507665671,suckhoedinhcao,Hằng mami eo 58,"Một số người thì rất nhạy cảm với insulin, ăn bao nhiêu cũng không dễ tăng cân. Nhưng cũng có người lại bị kháng insulin, và đây mới là nhóm dễ tăng mỡ, thèm ngọt, luôn thấy đói và hay bị “sương mù não” – kiểu mệt mỏi, thiếu tập trung. #pcos #buongtrungdanang #sachruottainha #hangmamieo58 #khanginsulin #dauhieukhanginsulin #canbangchuyenhoa #roiloanchuyenhoa #hangeo58 #feelgreat ",179500,29,6098,insulin tiểu đường,2025-11-15T19:17:20+07:00,1M17S
7526836348259552530,https://www.tiktok.com/@songkhoemoingay_85/video/7526836348259552530,songkhoemoingay_85,Sống khoẻ mỗi ngày,5 Loại lá cây cực tốt - Là Insulin tự nhiên cho người tiểu đường! #tieuduong #daithaoduong #suckhoe #songkhoe #songkhoemoingay #duonghuyet ,15000,5,134,insulin tiểu đường,2025-07-14T14:29:18+07:00,1M11S
7308199694780435713,https://www.tiktok.com/@bsducsanbenh/video/7308199694780435713,bsducsanbenh,Bác Đức Sản Bệnh,Mẹ bầu tiểu đường thai kỳ và tiêm insulin có ảnh hưởng tới em bé không #LearnOnTikTok #education #longervideos #bacsiduc #bacducsanbenh #khamthai #tieuduongthaiky #tdtk #insulin ,75400,67,1076,insulin tiểu đường,2023-12-03T10:07:27+07:00,1M54S
7619352929182829845,https://www.tiktok.com/@mebecam_99/video/7619352929182829845,mebecam_99,Camxinchao__🐴,Mom nào bị TĐTK đang phải tiêm Insulin em nghĩ chắc kiêng hết thai kì nhỉ 😢  #tieuduongthaiki #mukbang #trasua #mebau #mevabe ,24000,127,132,insulin tiểu đường,2026-03-20T22:00:54+07:00,22S
7618552859910540565,https://www.tiktok.com/@tranglhong6/video/7618552859910540565,tranglhong6,Trang kháng insulin,Hướng dẫn bữa ăn trưa cho người kháng insulin và tiểu đường #khanginsulin #roiloanchuyenhoa #insulin #ondinhduonghuyet #videoviralシ ,9589,10,146,insulin tiểu đường,2026-03-18T18:16:13+07:00,4M13S
7614463408251030805,https://www.tiktok.com/@dunghuynhshop86/video/7614463408251030805,dunghuynhshop86,Dung Huỳnh Shop 86,"Các bác có biết 👉 Trà cây Insulin được gọi là “thần dược cho người tiểu đường” vì chứa hoạt chất GS4 hỗ trợ giảm và kiểm soát đường huyết tự nhiên. 🍵 Với Trà Cây Insulin, việc chăm sóc sức khỏe hằng ngày trở nên đơn giản, an toàn và hiệu quả. ✨TRÀ CÂY INSULIN ẤN ĐỘ #biếnchứngtieuđuong #tieuduongtuyp1 #tieuduongtuyp2 #thinhhanh #xuhuong ",336,1,2,insulin tiểu đường,2026-03-07T17:47:06+07:00,1M29S
7516757672167886098,https://www.tiktok.com/@thieutaidinhduong.com/video/7516757672167886098,thieutaidinhduong.com,Thiều Tài,Trả lời @Luxy Man Vâng mời bác theo em tìm hiểu thông tin này về cây insulin cho người tiể.u đường#cayinsulinvietnam#cayinsulin#tracayinsulinthieutai#thieutai#daithaoduong#tieuduongnenuonggi#tieuduongnenuonggidegiamduonghuyet#suckhoe#,49500,35,274,insulin tiểu đường,2025-06-17T10:38:54+07:00,1M09S
7364123433371782418,https://www.tiktok.com/@shop_diemchi/video/7364123433371782418,shop_diemchi,Shop Diễm Chi,Bút tiêm insulin #tieuduongtuyp2  #tieuduongtuyp1  #tieuduong #xuhuong #quattro ,30800,26,101,insulin tiểu đường,2024-05-02T03:00:07+07:00,3M28S
7547585005971623175,https://www.tiktok.com/@hoanghaihavan/video/7547585005971623175,hoanghaihavan,Hoàng Hải Hà Vân,Trả lời @xautinhzaydo làm sao để biết mình bị kháng insulin #khanginsulin #chamsocsuckhoe #pcos #giammo #hoanghaihavan ,1800000,751,25200,insulin tiểu đường,2025-09-08T12:24:40+07:00,53S
7615913809072459026,https://www.tiktok.com/@drquoctu8/video/7615913809072459026,drquoctu8,drquoctu,Điều trị vết thương mãn tính dưới nền bệnh tiểu đường phụ thuộc insulin lâu năm . ,518,3,18,insulin tiểu đường,2026-03-11T15:35:20+07:00,59S
7416610275215887634,https://www.tiktok.com/@jendyphuong.coach/video/7416610275215887634,jendyphuong.coach,Jendy Phương,Chế độ ăn uống cân bằng đường huyết #insulin #tieuduong #suckhoe #chamsocsuckhoe ,642,2,16,insulin tiểu đường,2024-09-20T13:35:51+07:00,1M31S
7501632205278465298,https://www.tiktok.com/@tieuvy_vyvyfood/video/7501632205278465298,tieuvy_vyvyfood,Tiểu Vy-là Vy nhưng sẽ tốt hơn,"Trả lời @Conggo Gocong    Cường insulin do quá sản tế bào beta của tiểu đảo tụy và là nguyên nhân hàng đầu gây hạ đường huyết nặng ở trẻ.    Để phẫu thuật và khỏi được còn tùy thuộc vào dạng tổn thương tuyến tụy. Có 2 dạng tổn thương là tổn thương toàn bộ và tổn thương khư trú. Tổn thương toàn bộ là toàn bộ tuyến tuỵ đều quá sản tế bào beta đó. Đối với những trẻ này, nếu trẻ không đáp ứng tiêm sẽ phải phẫu thuật đến 95% tuyến tuỵ. Phẫu  thuật bao nhiêu còn tuỳ tình trạng của từng bé. Dù phẫu thuật rồi nhưng để nói khỏi được hay không thì vô cùng khó. Còn dạng thứ 2 là như bánh mì nhà mình: tổn thương khu trú. Nó là tổn thương 1 điểm trên tuyến tuỵ. Có thể là đầu, cuối hoạc giữa.  Để biết được vị trí của tổn thương, phải chụp PET với chất phóng xạ Dopa. Hiện nay việt nam chưa có thiết bị để chụp phương pháp này. Phải sang một số nước như Đ.ài loan, H.àn quốc, S.inggapor, Thái lan… và có thể mang kết quả về VN để phẫu thuật. Nếu  tổn thương ở đuôi tuỵ có thể phẫu thuật và khỏi mà không ảnh hưởng quá nhiều đến cơ thể. Nhưng nếu tổn thương ở đầu tuỵ sẽ không thể phẫu thuật. Trước đây đã có trẻ vị trí tổn thương ở đầu tuỵ, phẫu thuật xong trẻ lại thành  tiểu đường.    Gia đình mình quyết định cuối năm sẽ cho bé sang Thái lan chụp, đây cũng là tia hy vọng cuối cùng của gia đình mình cũng như những gia đình có bé cường insulin khác. Mong may mắn đến, mọi sự sẽ tốt đẹp #haduonghuyetdocuonginsulin #haduonghuyet ",23800,15,125,insulin tiểu đường,2025-05-07T16:24:20+07:00,1M47S
7245595520012438789,https://www.tiktok.com/@suckhoe.tieuduong/video/7245595520012438789,suckhoe.tieuduong,Sức khỏe tiểu đường,KHÁNG INSULIN nguy hiểm như thế nào? #tieuduong #tieuduongvadaiduong #suckhoetieuduong #bemediajsc #songkhoe247 #betik ,115600,44,2682,insulin tiểu đường,2023-06-17T17:11:12+07:00,51S
7571107459377433864,https://www.tiktok.com/@hoi.insulin/video/7571107459377433864,hoi.insulin,Hội Insulin,"2 đồ ăn sáng, càng ăn càng gầy, cải thiện kháng Insulin #khanginsulin #pcos #giảmmỡ #giamcan ",988200,506,25400,insulin tiểu đường,2025-11-10T21:43:47+07:00,2M27S
7451240691855936776,https://www.tiktok.com/@nhi.ha.145/video/7451240691855936776,nhi.ha.145,Hà Nhi Đúc Rãnh 11,Người ta bị tiểu đường ngta buộc phải tiêm insulin. Đây lại còn có mẹ đi bán que tiêm Insulin cho cả người bình thường. Thế mà cũng ào ào người vào hỏi mua. Ảo thật sự! #giamcan #PCOS #daunangbuongtrung #giamcanPCOS #chedoanPCOS #khanginsulin ,4876,3,43,insulin tiểu đường,2024-12-22T21:19:32+07:00,1M38S
7589165189354786068,https://www.tiktok.com/@thanhxuan40tuoi/video/7589165189354786068,thanhxuan40tuoi,Như Hoa tuổi 40,"Bảo vệ độ nhạy của insulin, giúp bạn phòng bệnh, giữ dángg nhàn tênh #khanginsulin #roiloanchuyenhoa #giammo #tieuduong #viralvideo ",620800,367,15800,insulin tiểu đường,2025-12-29T13:37:03+07:00,5M27S
7521609882005540114,https://www.tiktok.com/@thsbstranthanhhai/video/7521609882005540114,thsbstranthanhhai,Ths Bs Trần Thanh Hải,3 BÀI HỌC ĐẮT GIÁ từ câu chuyện của cháu bé bị tiểu đường type 2 TRẺ NHẤT VIỆT NAM #thsbstranthanhhai #tieuduong #daithaoduong #learnontiktok #CapCut #viral ,274100,207,3823,insulin tiểu đường,2025-06-30T12:27:55+07:00,3M54S
7577584812291214599,https://www.tiktok.com/@luonganhngoc123/video/7577584812291214599,luonganhngoc123,Lương Ánh Ngọc • TYB,"Nếu bạn vẫn nghĩ ""ăn ngọt = tăng insulin"" thì bạn mới hiểu được 10%. #luonganhngoc #theyoungbody",1600000,425,55500,insulin tiểu đường,2025-11-28T08:39:15+07:00,4M15S
7550854506729262344,https://www.tiktok.com/@thaoduochongtoi36/video/7550854506729262344,thaoduochongtoi36,THẢO DƯỢC KIM Y,Phần 38: Trà  thảo mộc insulin hỗ trợ cân bằng đường huyết hạ đường huyết##xuhuongtiktok##xuhuong##tieuduong##trà##trà,189,1,12,insulin tiểu đường,2025-09-17T07:52:03+07:00,55S
7574630383073889543,https://www.tiktok.com/@tranximhetkhanginsulin/video/7574630383073889543,tranximhetkhanginsulin,tranximeothon,Khi kháng INSULINN nên uống cafe nào để giảm bớt kháng insulin? #khanginssulin #tieuduong #tieuduongtype2 ,990,1,27,insulin tiểu đường,2025-11-20T09:34:33+07:00,1M19S
7472616317405678855,https://www.tiktok.com/@bsmilanguyen/video/7472616317405678855,bsmilanguyen,Bs Mila Nguyễn,Trả lời @thongnguyen3719 Lá cây insulin giúp giảm đường huyết sẽ có sớm nhé #bsmilanguyen #dinhduong #daithaoduong #tieuduong #daithaoduongthaiky #chualanh #learnontiktok #duonghuyet #insulin ,105400,1350,1894,insulin tiểu đường,2025-02-18T11:47:54+07:00,1M06S
7555342482171612434,https://www.tiktok.com/@suckhoedinhcao/video/7555342482171612434,suckhoedinhcao,Hằng mami eo 58,Hãy kiên trì áp dụng ăn gián đoạn cùng với quy tắc ăn bàn tay bạn sẽ đảo ngược được tình trạng kháng insulin.#pcos #buongtrungdanang #sachruottainha #bungphangly #lamsachruot #hangmamieo58 #hangeo58 #khanginsulin #canbangchuyenhoa #songlanhmanh #dauhieukhanginsulin #kiemsoatinsulin #roiloanchuyenhoa ,83400,46,1663,insulin tiểu đường,2025-09-29T10:07:38+07:00,1M55S
7579177919218568449,https://www.tiktok.com/@drdiepdung/video/7579177919218568449,drdiepdung,Dr Diệp Dung Store,Kháng Insulin Là Gì? Ảnh Hưởng Và Dấu Hiệu Cảnh Báo! | #BsDiệpDung #suckhoe #chamsocsuckhoe,6860,0,17,insulin tiểu đường,2025-12-03T07:00:00+07:00,11S
7539134995542183186,https://www.tiktok.com/@bsnamnoitiet/video/7539134995542183186,bsnamnoitiet,Bác sĩ Nam nội tiết,Tiêm insulin có làm tụy ch.et #education #learnontiktok #bsnamnoitiet #bsgiangnam #noitiet #insulin #songkhoemoingay ,64700,58,844,insulin tiểu đường,2025-08-16T17:54:17+07:00,1M39S
7590824347225394450,https://www.tiktok.com/@suckhoedinhcao/video/7590824347225394450,suckhoedinhcao,Hằng mami eo 58,4 món ăn gây tăng insulin rất nhanh mà chúng ta không ngờ tới #khanginsulin #dauhieukhanginsulin #canbangchuyenhoa #roiloanchuyenhoa #giammo #giammokhoahoc #pcos #buongtrungdanang #hangmamieo58 #feelgreat #hangeo58 #tieuduongtuyp2 ,228800,37,1698,insulin tiểu đường,2026-01-03T00:55:31+07:00,2M55S
7505048350446619922,https://www.tiktok.com/@cobaxu/video/7505048350446619922,cobaxu,CoBaXu,Dấu hiệu kháng insulin mình đã lơ đi thời gian dài #songvuimoingay #songkhoemoingay #songkhoe247 #tieuduong #learnontiktok #cobaxu ,1100000,682,6418,insulin tiểu đường,2025-05-16T21:20:40+07:00,13S
7532722463646567687,https://www.tiktok.com/@kienmyhuong.official/video/7532722463646567687,kienmyhuong.official,Kiến Mỹ Hương,"cách xử trí khi tụt đường huyết, nhớ kỹ 3 bước này #tieuduong #tieuduongtuyp2 #tientieuduong #benhtieuduong #tieuduongvadaiduong #daithaoduong #suckhoetieuduong #dinhduongtieuduong #dieutritieuduong #sứckhoẻ #suckhoe #suckhoe247 #health #chuabenhkhongdungthuoc #anlanhmanh #khanginsulin #roiloanchuyenhoa #longervideos #LearnOnTikTok #kienmyhuong ",17400,33,173,insulin tiểu đường,2025-07-30T11:10:25+07:00,2M00S
7622505669438098689,https://www.tiktok.com/@cayinsulinando/video/7622505669438098689,cayinsulinando,Cây Insulin Ấn Độ(Tiểu Đường)✅,Cây insulin Ấn Độ giống 931421246#tieuduongvadaiduong #tieuduong #tieuduongtuyp2 #cayinsulingiong #tratieuduong ,323,0,1,insulin tiểu đường,2026-03-29T09:56:02+07:00,10S
7491183980364958983,https://www.tiktok.com/@duocsiphanhieu/video/7491183980364958983,duocsiphanhieu,Dược Sĩ Hiếu,Insulin là gì? Như thế nào là kháng insulin? | Hệ Thống nhà thuốc Nam Anh #hethongnhathuocnamanh #duocsiphanhieu #dshieu #duocsihieu #insulin,26800,15,205,insulin tiểu đường,2025-04-14T11:00:00+07:00,2M28S
7588308798788488449,https://www.tiktok.com/@suckhoelavang_01/video/7588308798788488449,suckhoelavang_01,Sức Khỏe Là Vàng,Trà Insulin Ấn Độ Cây Giống  Lá Insulin Ấn Độ Tươi #trainsulinando #insulin #tieuduongvadaiduong #tieuduong #tieuduongtuyp2 ,511,1,6,insulin tiểu đường,2025-12-27T06:17:04+07:00,39S
7571304777670331668,https://www.tiktok.com/@dunghuynhshop86/video/7571304777670331668,dunghuynhshop86,Dung Huỳnh Shop 86,Trà cây insulin Ấn Độ giúp hạ đường huyết ổn định  #bienchungtieuduong #tieuduong #tieuduongtuyp1 #tieuduongtuyp2 #xuhuongtiktok2025 ,123,1,2,insulin tiểu đường,2025-11-11T10:29:32+07:00,16S
7500560184452910352,https://www.tiktok.com/@suckhoelavang_01/video/7500560184452910352,suckhoelavang_01,Sức Khỏe Là Vàng,Trà cây Insulin Ấn Độ túi lọc #suckhoelavang #cayinsulintuoi #cayinsulin #cayinsulinando #insulin #trainsulin #tieuduong #daithaoduong #daithaoduongtuyp2 #tratieuduong #tieuduongtuyp2 ,26400,0,216,insulin tiểu đường,2025-05-04T19:04:48+07:00,49S
7547659341235571975,https://www.tiktok.com/@dunghuynhshop86/video/7547659341235571975,dunghuynhshop86,Dung Huỳnh Shop 86,Tiếp tục về đây ah  Trà cây Insulin Ấn độ Sp hỗ trợ giảm đường huyết tại nhà Trải nghiệm tuyệt vời dành cho ai đang gặp vấn đề về tiểu đường nhé#SpaDungHuỳnh #bienchungtieuduong #tieuduongtuyp1 #tieuduongtuyp2 #xuhuongtiktok2025 ,161,1,5,insulin tiểu đường,2025-09-08T17:13:06+07:00,9S
7614492610765294855,https://www.tiktok.com/@tranglhong6/video/7614492610765294855,tranglhong6,Trang kháng insulin,"Vì sao người tiểu đường, kháng insulin với chỉ số hba1c lại rất quan trọng?#khanginsulin #roiloanchuyenhoa #insulin #ondinhduonghuyet #videoviralシ ",1474,0,26,insulin tiểu đường,2026-03-07T19:40:19+07:00,3M07S
7610315662677822741,https://www.tiktok.com/@chatluong247/video/7610315662677822741,chatluong247,Chất Lượng 247,90% Người Tiểu Đường Đang Hiểu Sai Về Insulin — Bạn Có Phải Một Trong Số Đó? #tieuduong #chatluong247,6939,1,57,insulin tiểu đường,2026-02-24T13:31:45+07:00,1M44S
7620369850745081108,https://www.tiktok.com/@quyetphan.hba1c/video/7620369850745081108,quyetphan.hba1c,Quyet Phan HbA1c,7 loại rau củ mà cô chú anh chị nên ăn nếu bị tiểu đường TYPE 2 và kháng insulin #khanginsulin #glucose #duonghuyet #roiloanchuyenhoa #tieuduong ,39900,25,827,insulin tiểu đường,2026-03-23T15:47:07+07:00,1M41S
7597636057890360583,https://www.tiktok.com/@thatkhoetuduongruot/video/7597636057890360583,thatkhoetuduongruot,Thật - Khỏe Từ Đường Ruột,"Kháng insulin, tiểu đường nhớ vận động sau bữa ăn  #khanginsulin #tieuduong #suckhoe #DuongHuyet #xh ",834,2,18,insulin tiểu đường,2026-01-21T09:28:18+07:00,1M39S
7622097034413182225,https://www.tiktok.com/@suckhoelavang_01/video/7622097034413182225,suckhoelavang_01,Sức Khỏe Là Vàng,Cây Insulin Ấn Độ Chuẩn Giống Dành Cho Ai Bị Cao Đường Huyết #tieuduong #trainsulinando #trainsulin #tieuduongvadaiduong #tratieuduong ,874,2,9,insulin tiểu đường,2026-03-28T07:30:25+07:00,1M19S
7589231633023175957,https://www.tiktok.com/@nguyenduyen.save10/video/7589231633023175957,nguyenduyen.save10,Duyen reset,"5 DẤU HIỆU DƯ QUÁ NHIỀU ĐƯỜNG TRONG CƠ THỂ, Người kháng insullin hay tiểu đường type2 nhất định phải biết điều này #khanginsulin #giammobung #tieuduong #type2 ",2000000,637,36400,insulin tiểu đường,2025-12-29T17:54:54+07:00,1M41S
7623675887229193493,https://www.tiktok.com/@bacsyngoc.official/video/7623675887229193493,bacsyngoc.official,Dr Ngọc Clinic,Làm sao để giảm đường huyết an toàn và hiệu quả? | Dr Ngọc #tieuduong #giamduonghuyet #bacsigiadinh #short #drngoc,3287,4,70,cách giảm đường huyết,2026-04-03T07:00:00+07:00,1M50S
7530632469058440456,https://www.tiktok.com/@thieutaidinhduong.com/video/7530632469058440456,thieutaidinhduong.com,Thiều Tài,2 mẹo giảm đường huyết nhanh chóng sau ăn rất đơn giản nhiều người bỏ qua#daithaoduong#daithaoduongtuyp2#daithaoduongthaiky#tieuduongtype1#tieuduongtype2#thieutai#meohaduonghuyet#cachgiamduonghuyetnhanh#meogiamduonghuyetainha#suckhoe#,113000,150,2013,cách giảm đường huyết,2025-07-24T20:00:07+07:00,2M53S
7614036840001129735,https://www.tiktok.com/@song.khoe.moi.ngay.11/video/7614036840001129735,song.khoe.moi.ngay.11,Sống Khỏe Mỗi Ngày,10 Loại Đồ Uống Giúp Hạ Đường Huyết Tự Nhiên! #tieuduongvadaiduong #suckhoe #songkhoe #duonghuyet #tieuduong #fyp #viral #xuhuong,21500,4,214,cách giảm đường huyết,2026-03-06T18:30:00+07:00,1M08S
7619022247990168852,https://www.tiktok.com/@quynhnga3994/video/7619022247990168852,quynhnga3994,Sức khỏe là vàng 3994,3 cách để hạ đường huyết cho người bị tiểu đường #suckhoe #tieuduong#duonghuyet#chuabenhtainha #anuong,4406,0,58,cách giảm đường huyết,2026-03-20T00:37:41+07:00,2M04S
7622968567142632725,https://www.tiktok.com/@meohaysongkhoe.1/video/7622968567142632725,meohaysongkhoe.1,Mẹo Hay Sống Khoẻ,"Cách làm hạ đường huyết đơn giản mà ai cũng làm được, xem hết video để biết cách làm nha #meovat #songkhoe247 #thuocdangian #meohay #xuhuong ",2972,1,58,cách giảm đường huyết,2026-03-30T15:51:28+07:00,32S
7623020122998852884,https://www.tiktok.com/@mo.hay.mi.ngy00/video/7623020122998852884,mo.hay.mi.ngy00,Mẹo hay mỗi ngày,Mẹo.hay cải thiện tình trạng trạng đường huyết từ lá.ổi #meohay #meosuckhoe #duonghuyet #tieuduong ,435,4,30,cách giảm đường huyết,2026-03-30T19:11:31+07:00,29S
7563564707114765586,https://www.tiktok.com/@luongphaminsulin/video/7563564707114765586,luongphaminsulin,Lương Phạm Insulin,Trả lời @Thuy75 3 tips hạ đường huyết ngay lập tức #luongphaminsulin #khanginsulin #glucose ,304000,185,10500,cách giảm đường huyết,2025-10-21T13:54:05+07:00,2M07S
7220023596515626267,https://www.tiktok.com/@_ntt1974_/video/7220023596515626267,_ntt1974_,Thanh Tâm khoẻ đẹp,Mẹo hạ ngay chỉ số đường huyết cao#trending #xuhuong #suckhoechomoingu #thanhtamsuckhoegiadinh ,28600,31,344,cách giảm đường huyết,2023-04-09T19:19:09+07:00,26S
7577026900602653970,https://www.tiktok.com/@bs.timmach/video/7577026900602653970,bs.timmach,Care & Share,Chỉ cần làm được 4 việc này tại nhà bạn có thể ổn định đường huyết. BSCKII Trần Nguyễn An Huy. #daithaoduong #duonghuyet #tieuduong #meosuckhoe #thinhhanhtiktok ,10400,7,221,cách giảm đường huyết,2025-11-26T20:34:13+07:00,53S
7597292206570933525,https://www.tiktok.com/@bshai.vn/video/7597292206570933525,bshai.vn,Bác Sĩ Trương Quang Hải,Áp dụng ngay mẹo nhỏ giúp giảm đường huyết sau ăn! #bacsihai #suckhoe #dinhduong #duonghuyet,7554,3,238,cách giảm đường huyết,2026-01-20T11:14:11+07:00,3M16S
7620628790590459157,https://www.tiktok.com/@thankhoetaman0911/video/7620628790590459157,thankhoetaman0911,Hậu Tập Sống Khỏe 💚,Trả lời @thuy.hau46  #14 Hành Trình Sống Khoẻ Thói quen thứ 3 giúp em ổn định đường huyết suốt 3 tháng mà không cần dùng thuốc 💪 Em chỉ thay đổi thứ tự ăn: 🥬 Ăn rau trước 🥩 Rồi đến đạm + chất béo tốt 🍚 Cuối cùng mới ăn tinh bột Nhờ vậy đường huyết không còn tăng vọt sau ăn 📉 Ai còn thói quen ăn cơm trước làm đường huyết “nhảy múa” thì thử cách này của em nha 😉✨#hautapsongkhoe #tieuduong #songkhoe247 #xuhuong ,20100,38,295,cách giảm đường huyết,2026-03-24T08:32:02+07:00,1M32S
7620058954067889416,https://www.tiktok.com/@giahanthaoduoc/video/7620058954067889416,giahanthaoduoc,Thảo Dược Hồng Hân,Khắc phục đường huyết cao tại nhà hãy lưu lại và chia sẻ cho người thân nhé! #DuongHuyetCao #KiemSoatDuongHuyet #SongKhoeMoiNgay #MeoSucKhoe #PhongBenhTieuDuong,304,0,14,cách giảm đường huyết,2026-03-22T19:40:34+07:00,28S
7623280891292388615,https://www.tiktok.com/@tiensi.tranhoanghai/video/7623280891292388615,tiensi.tranhoanghai,Tiến sĩ Trần Hoàng Hải,"Kiểm soát đường huyết, giảm hấp thu đường, nhờ vào ly nước dễ làm này #duonghuyet #tieuduong #ondinhduonghuyet #meohay #tranhoanghai",787,0,22,cách giảm đường huyết,2026-03-31T12:03:28+07:00,1M11S
7359432424628948231,https://www.tiktok.com/@bshanhang/video/7359432424628948231,bshanhang,Bác sĩ Hán Hằng,7 cách giúp hạ đường máu tại nhà #DrHanHang #daiduong #Daithaoduong #haduonghuyet,8547,0,47,cách giảm đường huyết,2024-04-19T11:36:49+07:00,8S
7615645239830940949,https://www.tiktok.com/@phng.khng.insulin/video/7615645239830940949,phng.khng.insulin,Phương Kháng insulin,3 mẹo hạ đường huyết đơn giản người tiểu đường kháng insulin nhất định cần biết#khanginsulin #giammo #viralreelschallenge #insulin #videoviral #videoviralシ ,7358,25,197,cách giảm đường huyết,2026-03-10T22:13:21+07:00,2M57S
7621720975155023124,https://www.tiktok.com/@quynhnga3994/video/7621720975155023124,quynhnga3994,Sức khỏe là vàng 3994,6 món trứng kết hợp với các loại rau  giúp hạ đường huyết cực kỳ hiệu quả #tieuduong #duonghuyet #anuong #thucpham #suckhoe ,6145,0,107,cách giảm đường huyết,2026-03-27T07:10:22+07:00,8M43S
7623790047686479111,https://www.tiktok.com/@hin.yu.insulin/video/7623790047686479111,hin.yu.insulin,Hiền Yêu Insulin,3 mẹo hạ đường huyết tức thời#khanginsulin #tieuduong #giammoantoan #khoedeptugoc #hienyeuinsulin ,395,0,7,cách giảm đường huyết,2026-04-01T20:59:08+07:00,2M25S
7624521338107038996,https://www.tiktok.com/@ngockhanginsulin768/video/7624521338107038996,ngockhanginsulin768,Ngockhanginsulin768,Hạ đường huyết với 3 mẹo đơn giản này. Cô chú anh chị xem hết clip nhé #khanginsulin #roiloanchuyenhoa #Insulin #videoviral #Ngockhanginsulin768 ,482,5,15,cách giảm đường huyết,2026-04-03T20:16:59+07:00,3M16S
7623065720338844949,https://www.tiktok.com/@suckhoelavang6368/video/7623065720338844949,suckhoelavang6368,Sức khỏe là vàng,"“Đường huyết cao? Lá ổi hỗ trợ hạ đường sau ăn, ổn định glucose, chặn nguy cơ tiểu đường. Đơn giản & tự nhiên! 🔥”#LaOi#OnDinhDuongHuyet#GiamDuongHuyet #HoTroTieuDuong ",881,2,45,cách giảm đường huyết,2026-03-30T22:08:28+07:00,24S
7219609125876010266,https://www.tiktok.com/@hongvaobep/video/7219609125876010266,hongvaobep,Hồng vào bếp,Bài thuốc dân gian giúp hạ đường huyết #tiktok #xuhuongtiktok #songkhoe #suckhoesắcđẹp #vuikhoemoingay ,37900,14,290,cách giảm đường huyết,2023-04-08T16:30:54+07:00,52S
7623263933381610759,https://www.tiktok.com/@onghoanvlog2/video/7623263933381610759,onghoanvlog2,Onghoanvlog  Đông y,Cây kỳ linh giúp ổn định đường huyết #tieuduong #duonghuyet #thuocnam #songkhoe #meovat,4361,4,37,cách giảm đường huyết,2026-03-31T10:57:43+07:00,39S
7508346758791957767,https://www.tiktok.com/@nhathuocngocchau5/video/7508346758791957767,nhathuocngocchau5,Ngọc Châu parmacy,"Dưới đây là giải pháp chi tiết, từng bước giúp giảm đường huyết nhanh và an toàn cho người lớn tuổi (67 tuổi) với chỉ số đường huyết rất cao (32.2 mmol/L), đang dùng thuốc hạ đường huyết từ bệnh viện.  Giải pháp này gồm 3 nhóm chính: xử lý cấp cứu, hỗ trợ bằng thực phẩm và sản phẩm thiên nhiên, đồng thời duy trì chế độ ăn uống và sinh hoạt phù hợp. 1. XỬ LÝ CẤP CỨU NGAY LẬP TỨC Uống nhiều nước lọc: Giúp pha loãng máu, tăng đào thải glucose qua nước tiểu, giảm nhanh đường huyết. Nên uống 1.5-2 lít nước trong vài giờ đầu. Dùng thuốc hạ đường huyết theo chỉ định bác sĩ: Nếu đang dùng insulin hoặc thuốc uống, cần tuân thủ đúng liều và thời gian. Không tự ý tăng liều khi chưa có chỉ định. Theo dõi triệu chứng: Nếu có dấu hiệu: khát nhiều, tiểu nhiều, mệt mỏi, buồn nôn, nôn, khó thở, lú lẫn, cần đến bệnh viện ngay để được xử trí y tế kịp thời. 2. HỖ TRỢ GIẢM ĐƯỜNG HUYẾT NHANH BẰNG THỰC PHẨM VÀ SẢN PHẨM TỰ NHIÊN A. Thực phẩm hỗ trợ giảm đường huyết nhanh Nước ép mướp đắng tươi: Cách làm: Ép 1 quả mướp đắng bỏ hạt, uống ngay. Tác dụng: Charantin và polypeptide-p giúp giảm hấp thu glucose, tăng nhạy cảm insulin, hạ đường huyết sau 30-60 phút. Lưu ý: Uống lúc đói hoặc sau ăn 30 phút, không lạm dụng quá 2 lần/ngày. Trà quế pha chanh: Cách pha: 1 thìa bột quế + 200ml nước ấm + 1/2 quả chanh tươi. Công dụng: Quế kích thích tế bào beta tụy sản xuất insulin và cải thiện chuyển hóa glucose, chanh giúp cân bằng pH và tăng hấp thu vitamin C chống oxy hóa. Giấm táo pha loãng: Cách dùng: 1 thìa giấm táo + 200ml nước, uống trước bữa ăn. Tác dụng: Giấm táo làm chậm hấp thu carbohydrate, giảm đường huyết sau ăn. #HàngChínhHãng  #SiêuưuđãiDroppii #NhàthuốcNgọcChâu5 #DượcsĩNguyễnThịBíchChâu #Chuyêngiaphattrienchieucao #đotquy #nhânsamcanada #tangduonghuyet ",771,2,5,cách giảm đường huyết,2025-05-25T18:40:12+07:00,15S
7035459177589804290,https://www.tiktok.com/@covansuckhoe_giadinh/video/7035459177589804290,covansuckhoe_giadinh,Phạm Văn Chương,4 loại nước giúp hạ đường huyết #learnontiktok #suckhoe #songkhoe247 #xuhuong #covansuckhoe_giadinh,30200,18,441,cách giảm đường huyết,2021-11-28T10:34:43+07:00,1M03S
7540302763444522257,https://www.tiktok.com/@bacsyhoa/video/7540302763444522257,bacsyhoa,Bác sĩ Hoa,5 Cách làm hạ đường h.uyết ngay sau khi ăn #bacsihoa #suckhoe #haduonghuyet #thucpham,155200,294,3090,cách giảm đường huyết,2025-08-22T11:00:00+07:00,2M54S
7604750825533000968,https://www.tiktok.com/@songkhoe1210/video/7604750825533000968,songkhoe1210,Sống Khoẻ,"Lá Ổi – Khắc Tinh Đường Huyết Cao Tao là lá ổi đây tụi mày. Ngày nào cũng trà sữa, cơm trắng đầy mồm rồi than đường huyết cao thì coi video này đi. Trong lá ổi có quercetin, flavonoid và tannin – những hợp chất thực vật giúp làm chậm hấp thu đường sau ăn. Không phải thuốc, không thay thế điều trị, nhưng dùng đúng cách có thể giúp cơ thể đỡ mệt hơn sau bữa nhiều tinh bột. Lá non rửa sạch, hãm nước uống ngày một ly là đủ, đừng uống như nước lã. Lưu lại liền, mấy chuyện này không phải ai cũng nói cho bạn nghe đâu. #laoi #duonghuyetcao #meosuckhoe #suckhoedangian #healthdecoded #tieuDuong #anNhieuTinhBot #kienthucsuckhoe #meotunhien #videonhanhoa",11500,1,99,cách giảm đường huyết,2026-02-09T13:37:14+07:00,23S
7612121078407679253,https://www.tiktok.com/@khoinguyensuckhoechudong/video/7612121078407679253,khoinguyensuckhoechudong,Kênh Của Nguyên,1 CỦ HÀNH TÂY + 1 TRÁI DỪA NHIỀU NGƯỜI ĐANG LÀM MỖI NGÀY Mẹo dân gian hỗ trợ kiểm soát đường huyết 🌿  #duonghuyet #kiemsoatduonghuyet #kenhcuanguyen #videoviral #videoreelsシ ,29600,27,518,cách giảm đường huyết,2026-03-01T10:17:43+07:00,35S
7622152545229688080,https://www.tiktok.com/@dinhduongsuckhoe1/video/7622152545229688080,dinhduongsuckhoe1,Dinhduong&Suckhoe,Bạn sẽ bất ngờ vì có một cách hạ đường huyết rất đơn giản mà ai cũng làm được. #meohaymoingay #meovat #meohay #suckhoe #biquyet #haduonghuyet #tanghuyetap,374,2,19,cách giảm đường huyết,2026-03-28T20:00:00+07:00,19S
7626216552391527681,https://www.tiktok.com/@hien.tran841/video/7626216552391527681,hien.tran841,STORE Trầnhiền,Đường huyết ổn định giảm ngay tiểu đường#tranhien #meotrilieu24 #trend #viraltiktok #xuhuongtiktok ,452,0,12,cách giảm đường huyết,2026-04-08T09:55:27+07:00,19S
7213782618104433921,https://www.tiktok.com/@bacsyhoa/video/7213782618104433921,bacsyhoa,Bác sĩ Hoa,8 thực phẩm hạ đường huyết tại nhà! #bacsihoa,59400,45,1033,cách giảm đường huyết,2023-03-23T23:40:55+07:00,3M41S
7618088230382030087,https://www.tiktok.com/@mo.kho.mo.hay/video/7618088230382030087,mo.kho.mo.hay,Mẹo Khoẻ Mẹo Hay,"🥥🧅 Mẹo dân gian cho người đường huyết cao: Nước dừa + hành tây – nhiều người truyền nhau giúp hỗ trợ ổn định đường huyết. Dễ làm, nguyên liệu quen thuộc! #duonghuyet #tieuduong #meodangian #meosuckhoe #learnontiktok",1036,1,26,cách giảm đường huyết,2026-03-17T12:13:15+07:00,28S
7588397825772326165,https://www.tiktok.com/@dntt906/video/7588397825772326165,dntt906,Trang Thư chia sẻ,03 mẹo ăn uống đơn giản cho người tiểu đường để kiểm soát đường huyết #foryoupage #learnontiktok #tiktokvietnam ,103700,86,3458,cách giảm đường huyết,2025-12-27T11:59:19+07:00,4M00S
7382927457185189128,https://www.tiktok.com/@tsdsngocan/video/7382927457185189128,tsdsngocan,Tiến sĩ An,"Trả lời @phamnguyet3873 Thìa canh, mướp đắng hạ đường huyết? #tsdsngocan #whcsktt #duczohar ",151100,133,3114,cách giảm đường huyết,2024-06-21T19:09:15+07:00,2M28S
7624319905956908295,https://www.tiktok.com/@dogohuyngoan00/video/7624319905956908295,dogohuyngoan00,Đồ Gỗ Huy Ngoan,"Bạn có biết người Trung Hoa đã giảm đường huyết từ 300 xuống chỉ từ cách này không?  1 củ hành tây tím thái nhỏ vào nồi_+ nước dừa quả cho vào nồi đun sôi 3 _5 phút +cho thêm 1quả chanh vắt lấy nước cốt vào,, uống lúc còn ấm  #xuhuongfacebook #meovatcuocsong  #hanhtrinhxaykenh #videovirale🥰🥰 #dogohuyngoan ",170,0,8,cách giảm đường huyết,2026-04-03T07:15:21+07:00,19S
7607340539641564424,https://www.tiktok.com/@giadinhcoca2019/video/7607340539641564424,giadinhcoca2019,Gia Đình Coca,mẹo kiểm soát đường huyết tại nhà đơn giản,1187,4,54,cách giảm đường huyết,2026-02-16T13:06:43+07:00,33S
7602992835872214290,https://www.tiktok.com/@nangtho.makeup/video/7602992835872214290,nangtho.makeup,Makeup Nàng Thơ,Thói quen giúp kiểm soát đường huyết,727100,36,33500,cách giảm đường huyết,2026-02-04T19:55:18+07:00,31S
7623568224231148808,https://www.tiktok.com/@thanhthaoduoc71/video/7623568224231148808,thanhthaoduoc71,Thanh thảo dược,Ổn định đường huyết#hottrend #rewiuthaoduoc #viralvideo #viralvideo #ondinhduonghuyet ,705,0,22,cách giảm đường huyết,2026-04-01T06:38:24+07:00,1M49S
7602167183027768596,https://www.tiktok.com/@kienthucsuckhoe101/video/7602167183027768596,kienthucsuckhoe101,Kiến Thức Sức Khỏe,"Đường huyết cao mà bỏ qua bài thuốc nước dừa hành tây này là dở rồi nhen mấy bồ! Vừa rẻ vừa dễ làm tại gia. Xem hết clip Thầy Dừa chỉ cho cách làm chuẩn chỉnh, không là đắng nghét khó uống lắm à nghen! #tieuduong #ha-duong-huyet #suckhoe #thaydua #meodangian #dongy",156800,60,4825,cách giảm đường huyết,2026-02-02T14:31:26+07:00,40S
7615540353092963592,https://www.tiktok.com/@lim.l3383/video/7615540353092963592,lim.l3383,Liêm Lê,Phương pháp giúp kiểm soát đường huyết,136,0,7,cách giảm đường huyết,2026-03-10T15:26:11+07:00,20S
7554757260111596801,https://www.tiktok.com/@thaymocduc/video/7554757260111596801,thaymocduc,Lương y Phạm Duy Đức,Bài tập đơn giản cải thiện đường huyết #suckhoe #luongyphamduyduc #lernontiktok #tieuduong ,42800,9,614,cách giảm đường huyết,2025-09-27T20:16:47+07:00,24S
7607726026663136532,https://www.tiktok.com/@thieutaidinhduong.com/video/7607726026663136532,thieutaidinhduong.com,Thiều Tài,Đừng lo lắng đường huyết tăng cao Hãy làm ngay bài tập giảm đường huyết này#daithaoduong#thieutai#baitapgiamduonghuyetnhanh#suckhoe#,6486,16,178,cách giảm đường huyết,2026-02-17T14:02:39+07:00,43S
7245590741681016070,https://www.tiktok.com/@yeusuckhoe6868/video/7245590741681016070,yeusuckhoe6868,yeusuckhoe68,Cách giảm lượng đường trong máu tự nhiên  #yeusuckhoe68 #songkhoe247 #xuhuong2023 #songkhoemoingay #luongduong #giamduonghuyet ,1886,2,14,cách giảm đường huyết,2023-06-17T16:52:39+07:00,10S
7618275109165436168,https://www.tiktok.com/@meongchuyenhoa/video/7618275109165436168,meongchuyenhoa,Mẹ Ong,4 cách hạ đường huyết hiệu quả!  #khanginsulin #giamcan #giammobung ,715,1,22,cách giảm đường huyết,2026-03-18T00:18:26+07:00,1M40S
7340542844907703559,https://www.tiktok.com/@duoc247.365/video/7340542844907703559,duoc247.365,duoc247,Chỉ số đường huyết bệnh tiểu đường #xuhuong #duonghuyet #tieuduongvadaiduong #duoc247 ,123600,69,423,cách giảm đường huyết,2024-02-28T13:55:22+07:00,27S
7609302824148651284,https://www.tiktok.com/@thucduonglinhtamduc/video/7609302824148651284,thucduonglinhtamduc,Thực dưỡng Linh Tâm Đức,Mẹo hạ đường huyết sau ăn chỉ với 4 loại củ rẻ tiền này  #ThucduongLinhTamDuc #PhucLinhChay #thucduong #chualanh #anchay ,106800,5,1839,cách giảm đường huyết,2026-02-21T20:01:23+07:00,4M21S
7572661959930154261,https://www.tiktok.com/@user5659654021859/video/7572661959930154261,user5659654021859,HAYW͙I͙N͙͙ Sáng suốt,Mẹo nhỏ giúp giảm đường huyết tự nhiên#shots#songkhoe #duonghuyet,150,0,4,cách giảm đường huyết,2025-11-15T02:16:03+07:00,15S
7615789283768683797,https://www.tiktok.com/@tranthithuy740/video/7615789283768683797,tranthithuy740,Trần Thị Thúy  sức khỏe,Mẹo giúp hạ đường huyết ngay tại nhà  #cuhanh  #quachanh  #chamsocsuckhoechudong  #xuhuong  #tranthithuysuckhoe ,333,1,11,cách giảm đường huyết,2026-03-11T07:32:12+07:00,1M28S
7605387676464008468,https://www.tiktok.com/@bacsihanginsullin/video/7605387676464008468,bacsihanginsullin,Bác sĩ không kê đơn,Mẹo uống nước đẩy lùi đường huyết cao ngày Tết #viralvideo #reels__tiktok #reel #viral #duonghuyet ,859,1,35,cách giảm đường huyết,2026-02-11T06:48:36+07:00,21S
7613254617232641300,https://www.tiktok.com/@.suckhoegiadinh_/video/7613254617232641300,.suckhoegiadinh_,Sức Khoẻ Gia Đình,5 loại cây “khắc tinh” của đường huyết cao - Xem để biết!#xuhuong #ai #meohay #suckhoegiadinh #tieuduong ,841,0,20,cách giảm đường huyết,2026-03-04T11:36:25+07:00,39S
7318283456407031041,https://www.tiktok.com/@kienthucsuckhoe99/video/7318283456407031041,kienthucsuckhoe99,Kiến Thức Sức Khoẻ,ổn định đường huyết với quả cà tím #huyetapcao #ondinhhuyetap #suckhoechomoinguoi🍀 #catim #tetnguyendan2024🧧🎆🧨 #xuhuong ,82000,35,1625,cách giảm đường huyết,2023-12-30T14:17:47+07:00,1M17S
7601295440134393109,https://www.tiktok.com/@drchauluong/video/7601295440134393109,drchauluong,Dr Châu Lương - Da liễu,Những việc làm giúp hạ đường huyết tự nhiên #drchauluong #xuhuong ,420,0,8,cách giảm đường huyết,2026-01-31T06:08:41+07:00,21S
7577749426421222663,https://www.tiktok.com/@hamuotprowellness/video/7577749426421222663,hamuotprowellness,Hà Mượt Prowellness,4 cách hạ đường huyết hiệu quả #khanginsulin #tieuduongtuyp2 #hamuot #giamcan #pcos  ,1831,1,70,cách giảm đường huyết,2025-11-28T19:18:01+07:00,1M48S
7481237859895168274,https://www.tiktok.com/@songkhoemoingay_85/video/7481237859895168274,songkhoemoingay_85,Sống khoẻ mỗi ngày,Top 5 Loại rau ăn càng nhiều đường huyết càng giảm #tieuduong #tieuduongtuyp2 #suckhoe #songkhoemoingay #songkhoe,236300,104,3400,cách giảm đường huyết,2025-03-13T17:24:11+07:00,41S
7584698088070188308,https://www.tiktok.com/@bacsytung/video/7584698088070188308,bacsytung,BS. NGUYỄN VĂN TÙNG,3 thực phẩm làm giảm đường huyết,8445,5,96,cách giảm đường huyết,2025-12-17T12:42:27+07:00,15S
7568747932153859349,https://www.tiktok.com/@bacsicuachinhminh/video/7568747932153859349,bacsicuachinhminh,Bacsicuachinhminh,Cách này giúp bạn hạ đường huyết xuống 3 lần ngay sau bữa ăn  #bacsicuachinhminh #songkhoechudong #khanginsulin #canbangchuyenhoa ,722,1,27,cách giảm đường huyết,2025-11-04T13:07:40+07:00,1M27S
7514203049779383560,https://www.tiktok.com/@bacsythuhang/video/7514203049779383560,bacsythuhang,Dr.Thu_Hang,Làm sao để giảm chỉ số đường huyết? | Dr Thu Hằng #drthuhang #bacsythuhang #bacsigiadinh #chisoduonghuyet #tieuduong,843,0,22,cách giảm đường huyết,2025-06-10T19:00:00+07:00,1M33S
7428905081019387144,https://www.tiktok.com/@thieutaidinhduong.com/video/7428905081019387144,thieutaidinhduong.com,Thiều Tài,Uống 1 ly đậu bắp mỗi sáng đường huyết sẽ giảm nhanh?bất ngờ trước lợi ích#daithaoduong#daithaoduongtuyp2#daithaoduongtuyp1#tieuduongtuyp2#hạduonghuyet#suckhoe#thieutai#tieuduongvadaithaoduong#kiemsoatduonghuyet#duonghuyet#tieuduongtuyp1#duonghuyet101#,196500,351,3828,cách giảm đường huyết,2024-10-23T16:46:00+07:00,1M07S
7619915039369071890,https://www.tiktok.com/@ngalinh_dongy/video/7619915039369071890,ngalinh_dongy,Ngalinhdongy,3 mẹo giúp giảm đường huyết sau ăn #trainsulin #dongyngalinh #tieuduong ,3409,2,160,cách giảm đường huyết,2026-03-22T10:22:08+07:00,2M15S
7499790880237227272,https://www.tiktok.com/@thieutaidinhduong.com/video/7499790880237227272,thieutaidinhduong.com,Thiều Tài,1 loại uống hạ đường huyết nhanh như hầu hết đều không biết uống bao nhiêu để hạ đường huyết và bảo vệ thận#daithaoduong#daithaoduongtuyp2#daithaoduongtuypii#tieuduongtuyp2#tieuduongtuyp1#thieutai#kiemxoatduonghuyet#tieuduonguongnuocgi#uonggidegiamduong#suckhoe#,121100,70,1642,cách giảm đường huyết,2025-05-02T17:19:01+07:00,1M18S
7584099672071998727,https://www.tiktok.com/@hoanganh.insulin/video/7584099672071998727,hoanganh.insulin,Hoàng Anh Insulin,4 cách hạ đường huyết hiệu quả #canbangchuyenhoa #giammonoitang #khanginsulin #tieuduongtuyp2 #giamcan ,1477,0,84,cách giảm đường huyết,2025-12-15T22:00:13+07:00,1M48S
7585211817736211732,https://www.tiktok.com/@ly.insulin/video/7585211817736211732,ly.insulin,Ly eo 59,"4 Cách hạ đường huyết hiệu quả, an toàn & tự nhiên #LyChuyenHoa  #KhangInsulin #GiamMoAnToan #GiamMoBungDuoi #khoedeptugoc    ",17600,7,596,cách giảm đường huyết,2025-12-18T21:55:55+07:00,1M52S
7623313350675483924,https://www.tiktok.com/@doadang_90/video/7623313350675483924,doadang_90,doa dang 90,Khi đường huyết tăng cao đột ngột các bác hãy làm ngay 4 cách này #doadang1990 #tieuduong #duonghuyet #tieuduongtuyp2 #xuhuong ,1592,0,31,cách giảm đường huyết,2026-03-31T14:09:28+07:00,1M47S
7208907033578392858,https://www.tiktok.com/@thanhtuyenprotandimnrf2/video/7208907033578392858,thanhtuyenprotandimnrf2,Nguyễn Thanh Tuyền,Chia sẻ gia đình minh cách hạ đường huyết cưc nhạn #LEAMTIKTOK #8baihocsuckhoe ,1088,0,9,cách giảm đường huyết,2023-03-10T20:21:10+07:00,30S
7503909128125926664,https://www.tiktok.com/@ds.maibinh/video/7503909128125926664,ds.maibinh,Dược sĩ Mai Bình,Đường huyết cao đừng chủ quan | Dược sĩ Mai Bình #dsmaibinh #kienthuc #learnontiktok #suckhoe #duonghuyet #duonghyuyetcao,59500,43,1610,cách giảm đường huyết,2025-05-13T19:39:55+07:00,2M24S
7621151761985735944,https://www.tiktok.com/@song_khoe_moi_ngay_ls/video/7621151761985735944,song_khoe_moi_ngay_ls,Song_khoe_moi_ngay,"Ai đang bị đường huyết cao thì thử cách này nhé! Nguyên liệu cực dễ tìm, làm cũng đơn giản mà nhiều người áp dụng rồi 👍 Quan trọng là phải làm đều mỗi ngày! 👉 Lưu lại để dùng dần 👉 Ai cần mình hướng dẫn kỹ hơn thì comment “HỒI” nhé! #duonghuyet #meovat #songkhoe #healthtips #vietphucedit ",378,0,7,cách giảm đường huyết,2026-03-25T20:00:00+07:00,30S
7329123331997781255,https://www.tiktok.com/@bsnamnoitiet/video/7329123331997781255,bsnamnoitiet,Bác sĩ Nam nội tiết,"Một Phương Pháp Giảm Đường Huyết An Toàn, Hiệu Quả Mà Các Bạn Nên Biết Và Áp Dụng Ngày Nhé #bsnamnoitiet #bsnam #education #learnontiktok #longervideos #duonghuyetcao ",33600,25,651,cách giảm đường huyết,2024-01-28T19:21:50+07:00,1M10S
7582162079944117522,https://www.tiktok.com/@h.vu340/video/7582162079944117522,h.vu340,Hà Vũ,Có hơn 3 phương pháp để kiểm soát đường huyết tại nhà #tieuduongvadaiduong #trendingtiktok ,1834,2,18,cách giảm đường huyết,2025-12-10T16:41:21+07:00,2M04S
7113734557437791489,https://www.tiktok.com/@kiotsuckhoeviet/video/7113734557437791489,kiotsuckhoeviet,Kiot sức khoẻ Việt,3 GỢI Ý THAY ĐỔI NHỎ ĐỂ GIẢM ĐƯỜNG HUYẾT CAO SAU BỮA ĂN #songkhoe247 #songkhoe247♥️ #xuhuong2022,4628,0,10,cách giảm đường huyết,2022-06-27T09:03:30+07:00,57S
7182539647539531035,https://www.tiktok.com/@sontruong978/video/7182539647539531035,sontruong978,SƠN TRƯƠNG TIENS STORE,#Mẹo thứ 2 :Hạ đường  huyết cực nhanh và hiệu quả#Sức khoẻ là vàng ,3762,13,82,cách giảm đường huyết,2022-12-29T19:02:15+07:00,17S
7624020694539504916,https://www.tiktok.com/@phuong.jewels/video/7624020694539504916,phuong.jewels,phuong.jewels,Top 5 sự kết hợp với rau ngót… giúp giảm đường huyết một cách nhanh chóng .! #suckhoechomoinguoi #xuhuong #viralvideoシfyp #meohay ,685,3,12,cách giảm đường huyết,2026-04-02T11:54:11+07:00,34S
7575554742303165704,https://www.tiktok.com/@huong_nguyen_song_khoe/video/7575554742303165704,huong_nguyen_song_khoe,Hương Nguyễn Sống Khoẻ,3 mẹo giúp hạ đường huyết tức thời mà không cần đến thuốc#khanginsulin #giảmmỡ #nhinangiandoan #giảm_cân_giảm_mỡ #khoedepmoingay ,230,0,3,cách giảm đường huyết,2025-11-22T21:21:31+07:00,2M10S
7622152274739039508,https://www.tiktok.com/@tai.nutrition.tieu.duong/video/7622152274739039508,tai.nutrition.tieu.duong,Tài nutrition tiểu đường,B71.4 mẹo giúp hạ đường huyết sau ăn đơn giản tại nhà#tieuduong #tieuduongtuyp2 #daithaoduongtuyp2 #videoviral,1598,3,43,cách giảm đường huyết,2026-04-02T12:00:00+07:00,1M32S
7616341394642308373,https://www.tiktok.com/@thuy74nhaunonifam/video/7616341394642308373,thuy74nhaunonifam,THUỲ (NHÀU NONIFAM),Rất nhiều người bị đường huyết cao mà không biết mẹo đơn giản này… Đây là bí quyết của người Trung Hoa dùng để giảm đường huyết trong máu cực kỳ hiệu quả Chỉ cần hành tây + nước dừa + chanh. 20h tối nay mình bật mí cách làm chi tiết trong video nhé! Anh chi nào hoặc người thân bị đường huyết cao nhớ xem nhé! #Video #viralreelschallenge #trendingreels #fypシ゚#thanhthuy,429,3,7,cách giảm đường huyết,2026-03-12T19:14:44+07:00,29S
7623068428479335687,https://www.tiktok.com/@ngaphamthi585/video/7623068428479335687,ngaphamthi585,ngaphamthi585,"ĐƯỜNG HUYẾT CAO ĐỪNG CHỦ QUAN – THỬ NGAY CÁCH NÀY! Nhiều người truyền tai nhau: khi đường huyết tăng cao, chỉ cần đun hành tây tím với nước dừa, gạn lấy nước rồi thêm chút nước cốt chanh uống. Nghe thì đơn giản, nhưng hỗn hợp này giúp thanh lọc cơ thể, hỗ trợ ổn định đường huyết tự nhiên. Cách làm: – 1 củ hành tây tím thái nhỏ   – 1 quả dừa lấy nước   – Đun sôi 10–15 phút   – Gạn ra, thêm nước cốt nửa quả chanh   Uống ấm, dùng liên tục vài ngày để cảm nhận sự thay đổi. 👉 Nhớ chia sẻ cho người thân đang bị tiểu đường #suckhoe #viraltiktok #video #viral_video #ngaphamsongkhoe ",1090,1,13,cách giảm đường huyết,2026-03-30T22:18:52+07:00,23S
7434121265645915412,https://www.tiktok.com/@thieutaidinhduong.com/video/7434121265645915412,thieutaidinhduong.com,Thiều Tài,uống 1 ly trà gừng đường huyết sẽ giảm nhanh chóng kiểm tra ngay#daithaoduong#daithaoduongtuyp1#daithaoduongtuyp2#tieuduongtuyp2#tieuduongvadaithaoduong#thieutai#sứckhoetieuduong#sứckhoetieuduong#haduonghuyet#duonghuyet#duonghuyet101#kiemsoatduonghuyet#suckhoe#,82400,280,2167,cách giảm đường huyết,2024-11-06T18:07:27+07:00,1M10S
7579446733202050325,https://www.tiktok.com/@duocsithao6/video/7579446733202050325,duocsithao6,Dược sĩ Thảo,Loại Trà Giúp Ngủ Ngon – Sáng Dậy Đường Huyết Ổn Định Bất Ngờ #duocsithao #matngu #phongbenh #kienthucsuckhoe #meohay,4847,20,106,cách giảm đường huyết,2025-12-03T19:00:00+07:00,5M36S
7327795383512452373,https://www.tiktok.com/@phuc_thucduong/video/7327795383512452373,phuc_thucduong,phuc_thucduong Thiện Phước,Cách giảm đường huyết tăng cao mà không cần dùng thuốc #phuc_thucduong #suckhoe #thucduong #thaytuehai #botsanday #tamari #tieuduong #tinhchatnhau ,968,0,23,cách giảm đường huyết,2024-01-25T05:32:55+07:00,1M31S
7623959167904140551,https://www.tiktok.com/@hung_tieu_duong/video/7623959167904140551,hung_tieu_duong,TIỂU ĐƯỜNG VIỆT NAM,"Hai khái niệm chỉ số đường huyết (GI) và tải lượng đường huyết (GL) đều dùng để đánh giá ảnh hưởng của thực phẩm đến mức đường trong máu, nhưng chúng không giống nhau.  1. Chỉ số đường huyết (Glycemic Index – GI) GI đo tốc độ thực phẩm làm tăng đường huyết sau khi ăn. 	•	Thang điểm: 0 – 100 	•	So sánh với glucose tinh khiết (GI = 100) 2. Tải lượng đường huyết (Glycemic Load – GL) GL đo tác động thực tế của một khẩu phần thực phẩm lên đường huyết. GL tính cả hai yếu tố: 	•	Tốc độ hấp thu (GI) 	•	Lượng carbohydrate trong khẩu phần Công thức: GL = \frac{GI \times lượng\ carbohydrate\ (g)}{100} #tieuduongtype2 #diabetes2 #momau #khanginsulin ",924,1,29,cách giảm đường huyết,2026-04-02T07:55:30+07:00,2M14S
7584377900527291668,https://www.tiktok.com/@nganthontha/video/7584377900527291668,nganthontha,Ngân Thon Thả,"3 cách giúp hạ đường huyết hiệu quả ngay tại nhà, không cần dùng thuốc #giamcan #giammo #khanginsulin #U40 #fasting #nganthontha ",453,0,2,cách giảm đường huyết,2025-12-16T16:00:00+07:00,1M43S
7480775334275730706,https://www.tiktok.com/@xoa.bp.bm.huyt2/video/7480775334275730706,xoa.bp.bm.huyt2,"Đào tạo Spa trị liệu, châm cứu",Cách hạ đường huyết nhanh tại nhà ,8325,0,63,cách giảm đường huyết,2025-03-12T11:29:01+07:00,1M23S
7600339697407233300,https://www.tiktok.com/@toigungvuonnha/video/7600339697407233300,toigungvuonnha,TỎI GỪNG VƯỜN NHÀ OANH BÌNH,Bạn có biết người Trung Hoa đã giảm đường huyết từ 300 xuống chỉ từ cách này không? #videoviral #tiktokviral  #tieuduong #songkhoe #toigungvuonnha,7169,12,75,cách giảm đường huyết,2026-01-28T16:19:56+07:00,21S
7580597007903902983,https://www.tiktok.com/@oanhnguyenthioanh2/video/7580597007903902983,oanhnguyenthioanh2,oanh sớm.123,4 bước giảm đường huyết tại nhà một cách tự nhiên ,9058,3,79,cách giảm đường huyết,2025-12-06T11:28:05+07:00,1M20S
7568484846448708882,https://www.tiktok.com/@bsnhatvy/video/7568484846448708882,bsnhatvy,BS Nhật Vy - Sản phụ khoa,"Trả lời @Thoois đây Khi có tăng chỉ số đường huyết đói, ngoài hướng dẫn như video mình nên: - Bữa ăn tối thay tinh bột hấp thu nhanh: (cơm trắng, bún, mì) thành tinh bột hấp thu chậm (gạo lứt, khoai, yến mạch). - vận động nhẹ sau bữa ăn tối giúp tăng nhạy cảm insulin và giảm glucose máu nền. - Ăn nhẹ trước khi ngủ 30–60 phút (sữa tươi không đường, phô mai, 1/2 quả táo,…) để đêm ngủ cơ thể không bị quá đói. - Ngủ đủ giấc, tránh căng thẳng. ",11900,58,114,cách giảm đường huyết,2025-11-03T20:06:43+07:00,35S
7476444987144572178,https://www.tiktok.com/@bsmilanguyen/video/7476444987144572178,bsmilanguyen,Bs Mila Nguyễn,3 Cách giúp giảm đường huyết sau bữa ăn #kiemsoatduonghuyet #bsmilanguyen #dieutritieuduong #daithaoduongthaiky #câyinsulintuoi #câyinsulin #suckhoe #dinhduong #tieuduong #daithaoduong #duonghuyet #insulin #learnontiktok #thucpham ,33300,34,501,cách giảm đường huyết,2025-02-28T19:25:05+07:00,1M18S
7458584404110183698,https://www.tiktok.com/@drbienyhocgiadinh/video/7458584404110183698,drbienyhocgiadinh,Dr Biên,5 việc làm đơn giản để kiểm soát đường huyết tại nhà #duonghuyet #tangduonghuyet #kiemsoatduonghuyet #bacsibien #drbien ,7283,4,116,cách giảm đường huyết,2025-01-11T16:16:54+07:00,1M16S
7593679227824786709,https://www.tiktok.com/@duocsithao6/video/7593679227824786709,duocsithao6,Dược sĩ Thảo,Cứu người tiểu đường khỏi tụt đường đột ngột nhờ 3 mẹo nhanh tại nhà #tieuduong #tieuduongvadaiduong #tieuduongthaiky #duocsithao #duonghuyet,543800,178,6147,cách giảm đường huyết,2026-01-12T19:00:00+07:00,6M57S
7621514040040361229,https://www.tiktok.com/@sam.m.vn/video/7621514040040361229,sam.m.vn,MY VÂN,Người tiểu đường có uống nước dừa đc ko  #tieuduong #tieuduongtuyp2 #shop_sam_my_van #xuhuong2025 #bienchungtieuduong ,208900,56,3057,biến chứng tiểu đường,2026-03-26T17:47:16+07:00,2M21S
7541621263744158983,https://www.tiktok.com/@dhanordicvn/video/7541621263744158983,dhanordicvn,Shop Thực Phẩm Bổ Sung,Biến chứng tiểu đường gây ra nhiều bệnh#drwynntran #suckhoechomoinguoi #songkhoe #suckhoesắcđẹp,10900,7,220,biến chứng tiểu đường,2025-08-23T10:42:18+07:00,1M06S
7479609743258963207,https://www.tiktok.com/@ds.maibinh/video/7479609743258963207,ds.maibinh,Dược sĩ Mai Bình,5 Biến chứng tiểu đường không nên bỏ qua | Dược sĩ Mai Bình #dsmaibinh #learontiktok2025 #kienthuchay #xuhuong #songkhoe247 #phongbenh #tieuduong ,25500,17,277,biến chứng tiểu đường,2025-03-09T10:00:00+07:00,1M43S
7609879835887930638,https://www.tiktok.com/@sam.m.vn/video/7609879835887930638,sam.m.vn,MY VÂN,Rất tiếc cho những ai đang bị tiểu đường mà ko biết đến loại trà này #tieuduong #tieuduongtuyp2 #bienchungtieuduong #xuhuong2025 #shop_sam_my_van ,55800,70,1080,biến chứng tiểu đường,2026-02-23T09:20:45+07:00,2M42S
7620763426687700241,https://www.tiktok.com/@tam.dan046.thaoduoctutam/video/7620763426687700241,tam.dan046.thaoduoctutam,Tâm Đan Thảo Dược,Hạ đường300-400 xuống nhanh chóng nhờ hoạt chất của chanh và hành tím#tieuduong #tieuduongvadaiduong #bienchungtieuduong #xuhuong #ilovetiktok ,3931,4,37,biến chứng tiểu đường,2026-03-24T17:15:06+07:00,1M25S
7618363763925863701,https://www.tiktok.com/@mythu.sam/video/7618363763925863701,mythu.sam,Shop mẹ Sam,Nước đậu đen! Cực tốt cho người tiểu đường và cả người bị Thận#tieuduong #tieuduongvadaiduong #bienchungtieuduong #xuhuong #xuhuongtiktok ,43800,6,1427,biến chứng tiểu đường,2026-03-18T06:02:27+07:00,1M43S
7535711428397813005,https://www.tiktok.com/@sam.m.vn/video/7535711428397813005,sam.m.vn,MY VÂN,Muốn hạ đường huyết và ngăn ngừa biến chứng tiểu đường thì hãy uống ngay trà insulin ấn độ #tieuduong #bienchungtieuduong #suckhoe #xuhuongtiktok2025 #Shop_Sam_Mỹ_Vân ,62300,192,560,biến chứng tiểu đường,2025-08-07T12:29:18+07:00,1M50S
7611442224496200976,https://www.tiktok.com/@tam.dan046.thaoduoctutam/video/7611442224496200976,tam.dan046.thaoduoctutam,Tâm Đan Thảo Dược,Lá này dành cho người bị tiểu đường và cho người muốn phòng tránh bệnh tiểu đường.#tieuduong #tieuduongvadaiduong #bienchungtieuduong #xuhuong #ilovetiktok ,309300,73,7385,biến chứng tiểu đường,2026-02-27T14:24:21+07:00,1M44S
7611697265849208081,https://www.tiktok.com/@tam.dan046.thaoduoctutam/video/7611697265849208081,tam.dan046.thaoduoctutam,Tâm Đan Thảo Dược,Người tiểu đường nấu nước đậu đen uống sẽ thấy bất ngờ.#tieuduong #tieuduongvadaiduong #bienchungtieuduong #xuhuong #ilovetiktok ,52100,11,1764,biến chứng tiểu đường,2026-02-28T06:54:06+07:00,1M46S
7625601989694590229,https://www.tiktok.com/@mythu.sam/video/7625601989694590229,mythu.sam,Shop mẹ Sam,5 món canh giúp người tiểu đường ngủ ngon và ổn định đường huyết #tieuduong #tieuduongvadaiduong #bienchungtieuduong #xuhuong #ilovetiktok ,1847,1,21,biến chứng tiểu đường,2026-04-06T18:10:30+07:00,1M12S
7625863943256296718,https://www.tiktok.com/@sam.m.vn/video/7625863943256296718,sam.m.vn,MY VÂN,Nếu ko muốn bị tiểu đường hãy bỏ ngay những thói quen sau đây #tieuduong #tieuduongtuyp2 #bienchungtieuduong #xuhuong #shop_sam_my_van ,4237,1,43,biến chứng tiểu đường,2026-04-07T11:07:17+07:00,1M31S
7567385809427500301,https://www.tiktok.com/@sam.m.vn/video/7567385809427500301,sam.m.vn,MY VÂN,Tạm biệt tiểu đường chỉ bằng một nồi nước rẻ bèo#tieuduong #tieuduongtuyp2 #bienchungtieuduong #shop_sam_mỹ_vân #xuhuong2025 ,575300,193,11600,biến chứng tiểu đường,2025-10-31T21:02:36+07:00,1M27S
7615034271073438992,https://www.tiktok.com/@tam.dan046.thaoduoctutam/video/7615034271073438992,tam.dan046.thaoduoctutam,Tâm Đan Thảo Dược,Nước dừa! Người tiểu đường nên hay không nên uống.#tieuduong #tieuduongvadaiduong #bienchungtieuduong #xuhuong #ilovetiktok ,142100,48,2750,biến chứng tiểu đường,2026-03-09T06:43:41+07:00,1M26S
7602521687107636493,https://www.tiktok.com/@sam.m.vn/video/7602521687107636493,sam.m.vn,MY VÂN,Cách hạ đường huyết ngay tại nhà cực kỳ đơn giản #tieuduong #tieuduongtuyp2 #bienchungtieuduong #xuhuong2025 #shop_sam_my_van ,52800,38,2124,biến chứng tiểu đường,2026-02-03T13:28:01+07:00,3M08S
7613352521851014416,https://www.tiktok.com/@tam.dan046.thaoduoctutam/video/7613352521851014416,tam.dan046.thaoduoctutam,Tâm Đan Thảo Dược,Người tiểu đường ép ngay 3 loại nước bày uống thì đường huyết sẽ luôn ổn.#tieuduong #tieuduongvadaiduong #bienchungtieuduong #xuhuong #ilovetiktok ,11400,1,424,biến chứng tiểu đường,2026-03-04T17:57:00+07:00,1M32S
7622134814354869525,https://www.tiktok.com/@dsyen/video/7622134814354869525,dsyen,Dược sĩ Yến,Mẹo nhỏ giúp nhận biết sớm biến chứng thần kinh ở bệnh tiểu đường #duocsiyen #tieuduongtuyp2 #ondinhduonghuyet #bienchungtieuduong #meo ,3557,6,62,biến chứng tiểu đường,2026-03-28T09:56:13+07:00,4M14S
7577314889979464980,https://www.tiktok.com/@andungonduong/video/7577314889979464980,andungonduong,Ăn Đúng Cho Ổn Đường Huyết,Tại sao bệnh tiểu đường gây hoại tử #tieuduong #bienchungtieuduong #xuhuong ,1514,3,40,biến chứng tiểu đường,2025-11-27T15:11:54+07:00,1M09S
7592602017676201234,https://www.tiktok.com/@thatkhoetuduongruot/video/7592602017676201234,thatkhoetuduongruot,Thật - Khỏe Từ Đường Ruột,Biến chứng tiểu đường thể gầy ốm #tieuduong #khanginsulin #duonghuyet #hba1c #xh ,5478,4,67,biến chứng tiểu đường,2026-01-07T19:53:38+07:00,1M44S
7625980775934020882,https://www.tiktok.com/@ds.monghuynh/video/7625980775934020882,ds.monghuynh,DƯỢC TỪ TÂM DS MỘNG HUỲNH,người tiểu đường nhờ mẹo này ổn định đường huyết mỗi ngày #tieuduong #biengchungtieuduong  #reels #dsmonghuynh ,2612,0,30,biến chứng tiểu đường,2026-04-07T18:40:18+07:00,1M17S
7603900962922597645,https://www.tiktok.com/@sam.m.vn/video/7603900962922597645,sam.m.vn,MY VÂN,Có 3 loại vitamin mà người tiểu đường nên bổ sung để ngăn ngừa biến chứng #Tieuduong #tieuduongtuyp2 #bienchungtieuduong #xuhuong2025 #shop_sam_my_van ,25600,19,570,biến chứng tiểu đường,2026-02-07T06:39:40+07:00,1M43S
7623696569279204609,https://www.tiktok.com/@tam.dan046.thaoduoctutam/video/7623696569279204609,tam.dan046.thaoduoctutam,Tâm Đan Thảo Dược,Tin vui cho bác nào đang bị tiểu đường#tieuduong #tieuduongvadaiduong #bienchungtieuduong #xuhuong #ilovetiktok ,4504,2,42,biến chứng tiểu đường,2026-04-01T14:56:33+07:00,56S
7563482896401534221,https://www.tiktok.com/@sam.m.vn/video/7563482896401534221,sam.m.vn,MY VÂN,Muốn hạ đường huyết nhanh hơn hãy uống ngay 3 loại nước ép này#tieuduong #bienchungtieuduong #tieuduongtuyp2 #shop_sam_mỹ_vân #xuhuong2025 ,68600,16,1812,biến chứng tiểu đường,2025-10-21T08:37:04+07:00,1M31S
7595773479148883213,https://www.tiktok.com/@sam.m.vn/video/7595773479148883213,sam.m.vn,MY VÂN,Người tiểu đường nấu ngay loại nước này uống #tieuduong #bienchungtieuduong #tieuduongtuyp2 #shop_sam_my_van #xuhuong2025 ,72600,27,1306,biến chứng tiểu đường,2026-01-16T09:00:55+07:00,2M00S
7608073427416534286,https://www.tiktok.com/@sam.m.vn/video/7608073427416534286,sam.m.vn,MY VÂN,Bài thuốc dành cho người tiểu đường #Tieuduong #tieuduongtuyp2 #xuhuong2025 #bienchungtieuduong #shop_sam_my_van ,2582,8,39,biến chứng tiểu đường,2026-02-18T12:31:22+07:00,1M39S
7579257250502413623,https://www.tiktok.com/@sam.m.vn/video/7579257250502413623,sam.m.vn,MY VÂN,Có 1 loại lá giúp tạm biệt bệnh tiểu đường mà ít ai biết #tieuduong #tieuduongtuyp2 #bienchungtieuduong #xuhuong2025 #shop_sam_mỹ_vân ,33600,26,1344,biến chứng tiểu đường,2025-12-02T20:49:37+07:00,2M32S
7586629116330265870,https://www.tiktok.com/@sam.m.vn/video/7586629116330265870,sam.m.vn,MY VÂN,Đường huyết cao tận 300-400 phải làm sao cho mau hạ #tieuduong #bienchungtieuduong #tieuduongtuyp2 #xuhuong2025 #shop_sam_mỹ_vân ,5056,5,62,biến chứng tiểu đường,2025-12-22T17:35:55+07:00,3M10S
7582180498886135054,https://www.tiktok.com/@sam.m.vn/video/7582180498886135054,sam.m.vn,MY VÂN,Nếu ko muốn bị tiểu đường thì hãy ăn ngay cáo này càng nhiều càng tốt #tieuduong #tieuduongtuyp2 #bienchungtieuduong #shop_sam_mỹ_vân #xuhuong2025 ,467200,304,7046,biến chứng tiểu đường,2025-12-10T17:53:04+07:00,2M04S
7570328888077962503,https://www.tiktok.com/@ds.monghuynh/video/7570328888077962503,ds.monghuynh,DƯỢC TỪ TÂM DS MỘNG HUỲNH,4 loại rau giúp hạ đường như như th.uoc#tieuduong #bienchungtieuduong #LearnOnTikTok2025 #xuhuongtiktok2025 #duoctutamdsmonghuynh ,11100,5,163,biến chứng tiểu đường,2025-11-08T19:22:31+07:00,1M30S
7621855246725238030,https://www.tiktok.com/@sam.m.vn/video/7621855246725238030,sam.m.vn,MY VÂN,Vì sao người gầy vẫn bị tiểu đường #tieuduong #tieuduongtuyp2 #shop_sam_my_van #xuhuong2025 #bienchungtieuduong ,1174,0,14,biến chứng tiểu đường,2026-03-27T15:52:59+07:00,2M04S
7624397829083073806,https://www.tiktok.com/@sam.m.vn/video/7624397829083073806,sam.m.vn,MY VÂN,Đường 270 ha còn 123 sau 1 hộp trà cây insulin ấn độ#tieuduong #tieuduongtuyp2 #bienchungtieuduong #xuhuong #shop_sam_my_van ,1370,1,11,biến chứng tiểu đường,2026-04-03T12:18:10+07:00,50S
7623057845247937805,https://www.tiktok.com/@sam.m.vn/video/7623057845247937805,sam.m.vn,MY VÂN,Trà thảo mộc dành cho người tiểu đường và muốn ngăn ngừa tiểu đường#tieuduongtuyp2 #tieuduong #shop_sam_my_van #xuhuong2025 #bienchungtieuduong ,1408,3,20,biến chứng tiểu đường,2026-03-30T21:38:45+07:00,1M43S
7614849759311875341,https://www.tiktok.com/@sam.m.vn/video/7614849759311875341,sam.m.vn,MY VÂN,Nếu ko muốn bị tiểu đường thì nhai lá này càng nhiều càng tốt #tieuduong #tieuduongtuyp2 #bienchungtieuduong #shop_sam_my_van #xuhuong2025 ,11000,4,136,biến chứng tiểu đường,2026-03-08T18:48:10+07:00,2M35S
7538035519238802696,https://www.tiktok.com/@ds.monghuynh/video/7538035519238802696,ds.monghuynh,DƯỢC TỪ TÂM DS MỘNG HUỲNH,bảo bối giúp người tiểu đường sống khỏe đến già nhờ 3 mẹo này#tieuduong #bienchungtieuduong #suckhoe #xuhuongtiktok2025 #duoctutamdsmonghuynh ,17300,2,171,biến chứng tiểu đường,2025-08-13T18:47:45+07:00,59S
7537871276921130248,https://www.tiktok.com/@ds.monghuynh/video/7537871276921130248,ds.monghuynh,DƯỢC TỪ TÂM DS MỘNG HUỲNH,nếu cô chú nào bị tiểu đường sau ăn nên kèm 1 ly trà nữa hổ trợ đường huyết trà#tieuduong #bienchungtieuduong #suckhoe #xuhuongtiktok2025 #duoctutamdsmonghuynh ,10100,17,96,biến chứng tiểu đường,2025-08-13T08:10:28+07:00,59S
7565901111098461495,https://www.tiktok.com/@sam.m.vn/video/7565901111098461495,sam.m.vn,MY VÂN,Có 4 loại quả rất ngọt nhưng người tiểu đường càng ăn càng khoẻ#tieuduong #bienchungtieuduong #tieuduongtuyp2 #shop_sam_mỹ_vân #xuhuong2025 ,145500,49,4336,biến chứng tiểu đường,2025-10-27T21:01:16+07:00,2M04S
7624779538123279630,https://www.tiktok.com/@sam.m.vn/video/7624779538123279630,sam.m.vn,MY VÂN,Từ nay các bác bị tiểu đường ko cần phải lo lắng nữa vì đã có trà cây insulin ấn độ#tieuduong #tieuduongtuyp2 #bienchungtieuduong #xuhuong #shop_sam_my_van ,374,0,4,biến chứng tiểu đường,2026-04-04T12:59:36+07:00,1M25S
7564244523979738381,https://www.tiktok.com/@sam.m.vn/video/7564244523979738381,sam.m.vn,MY VÂN,Tiểu đường có gây teo cơ ko e #tieuduong #bienchungtieuduong #tieuduongtuyp2 #shop_sam_mỹ_vân #xuhuong2025 ,9906,10,93,biến chứng tiểu đường,2025-10-23T09:52:34+07:00,1M47S
7625245273496751380,https://www.tiktok.com/@covythaomoctra/video/7625245273496751380,covythaomoctra,CÔ VY THẢO MỘC TRÀ,Tiểu đường lên cao mà không hạ xuống được thì bà con mình tìm ngay cây này#xuhuong #tratieuduong #learnontiktok #baithuocdangian #bienchungtieuduong ,449,0,6,biến chứng tiểu đường,2026-04-05T19:06:11+07:00,25S
7541685450075917586,https://www.tiktok.com/@ds.monghuynh/video/7541685450075917586,ds.monghuynh,DƯỢC TỪ TÂM DS MỘNG HUỲNH,em muốn mua trà tiểu đường #tieuduong #bienchungtieuduong #xuhuongtiktok2025 #suckhoe #duoctutamdsmonghuynh ,38700,68,456,biến chứng tiểu đường,2025-08-23T14:51:22+07:00,59S
7552717619883707655,https://www.tiktok.com/@ds.monghuynh/video/7552717619883707655,ds.monghuynh,DƯỢC TỪ TÂM DS MỘNG HUỲNH,tiểu đường nên chọn bánh trung thu thập cẩm hay đậu xanh là tốt nhất#tieuduong #bienchungtieuduong #LearnOnTikTok2025 #xuhuongtiktok2025 #duoctutamdsmonghuynh ,13400,19,114,biến chứng tiểu đường,2025-09-22T08:21:50+07:00,15S
7623708213854080263,https://www.tiktok.com/@ngochuynh.trainsulin/video/7623708213854080263,ngochuynh.trainsulin,Ngọc Huỳnh Shop 83,Tin vui cho cô chú anh chị đang bị tiểu đường #tieuduong #tieuduongtuyp1vatuyp2  #bienchungtieuduong #tieuduongtuyp1 #thinhhanh ,200,1,5,biến chứng tiểu đường,2026-04-01T15:41:35+07:00,2M20S
7523963705369939208,https://www.tiktok.com/@khoa.hoc.ve.duong.huyet/video/7523963705369939208,khoa.hoc.ve.duong.huyet,tư vấn sức khỏe online,Cẩn trọng vết thương hở khi bị tiểu đường #tieuduong #bienchungtieuduong #daithaoduong #duonghuyet #viral #tiktok ,660,0,8,biến chứng tiểu đường,2025-07-06T20:41:57+07:00,1M32S
7587641573685447991,https://www.tiktok.com/@sam.m.vn/video/7587641573685447991,sam.m.vn,MY VÂN,Tiểu đường nặng mấy cũng khỏi nếu như biết đến loại lá này #tieuduong #bienchungtieuduong #tieuduongtuyp2 #xuhuong2025 #shop_sam_mỹ_vân ,14400,16,144,biến chứng tiểu đường,2025-12-25T11:04:59+07:00,2M03S
7342365806820347143,https://www.tiktok.com/@suckhoehz_/video/7342365806820347143,suckhoehz_,Sức khoẻ Hz,Nhập viện do biến chứng đái tháo đường #benhtieuduong #bienchung #bienchungtieuduong #suckhoehz  #tiktoknews  #songkhoe247  #learnontiktok,1069,0,16,biến chứng tiểu đường,2024-03-04T11:49:53+07:00,37S
7538784573828648210,https://www.tiktok.com/@dsmonghuynh/video/7538784573828648210,dsmonghuynh,DƯỢC TỪ TÂM HUYNH,đường huyết ổn định sức khỏe vàng#tieuduong #bienchungtieuduong #suckhoe #learnontiktok2025 #xuhuongtiktok2025 #duoctutammomghuynh ,47900,95,999,biến chứng tiểu đường,2025-08-15T19:14:28+07:00,50S
7501886438246698258,https://www.tiktok.com/@bacsinguyenskin/video/7501886438246698258,bacsinguyenskin,Bác sĩ Nguyên,"Dừng lại, Người tiểu đường không nên uống sữa tiểu đường! #bacsinguyen #bsnguyen",145000,222,2840,biến chứng tiểu đường,2025-05-11T20:00:00+07:00,2M42S
7591878127861746957,https://www.tiktok.com/@sam.m.vn/video/7591878127861746957,sam.m.vn,MY VÂN,Từ nay các bác bị tiểu đường cứ an tâm ăn ngon ngủ ngon ko lo đường huyết tăng cao #tieuduong #bienchungtieuduong #tieuduongtuyp2 #xuhuong2025 #shop_sam_my_van ,6277,3,61,biến chứng tiểu đường,2026-01-05T21:05:34+07:00,1M39S
7619558225037298960,https://www.tiktok.com/@tam.dan046.thaoduoctutam/video/7619558225037298960,tam.dan046.thaoduoctutam,Tâm Đan Thảo Dược,Ở đây có trà cho người bị tiểu đường #xuhuongtiktok #tieuduong #tieuduongvadaiduong #bienchungtieuduong ,368,2,1,biến chứng tiểu đường,2026-03-21T11:19:11+07:00,15S
7491923831716728071,https://www.tiktok.com/@bacsitranminh/video/7491923831716728071,bacsitranminh,Bác Sĩ Trần Minh,5 biến chứng bệnh tiểu đường mà 80% mọi người không biết | Bác Sĩ Trần Minh #tieuduong #duphongtieuduong #bacsigiadinh #short #bacsitranminh,43900,7,433,biến chứng tiểu đường,2025-04-12T07:00:00+07:00,1M04S
7565705359831092488,https://www.tiktok.com/@ds.monghuynh/video/7565705359831092488,ds.monghuynh,DƯỢC TỪ TÂM DS MỘNG HUỲNH,tiểu đường cô nên tham khảo trà nào#tieuduong #bienchungtieuduong #LearnOnTikTok2025 #xuhuongtiktok2025 #duoctutamdsmonghuynh ,1163,2,26,biến chứng tiểu đường,2025-10-27T08:20:54+07:00,1M30S
7624076627382717704,https://www.tiktok.com/@ds.monghuynh/video/7624076627382717704,ds.monghuynh,DƯỢC TỪ TÂM DS MỘNG HUỲNH,tiểu đường cô chú hay lo#tieuduong #tieuduongtpye1 #tieuduongtpye2 #biengchungtieuduong #dsmonghuynh ,336,0,7,biến chứng tiểu đường,2026-04-02T15:31:14+07:00,1M47S
7291578123475242247,https://www.tiktok.com/@ho_tang_duong/video/7291578123475242247,ho_tang_duong,Hỏi đáp về bệnh tiểu đường,Cải thiện biến chứng tiểu đường #hotangduong #bienchungtieuduong #songkhoe #songkhoemoingay #learnontiktok,2000000,10,2406,biến chứng tiểu đường,2023-10-19T15:07:17+07:00,10S
7360778450652744976,https://www.tiktok.com/@bshanhang/video/7360778450652744976,bshanhang,Bác sĩ Hán Hằng,"Biến chứng nguy hiểm của đái tháo đường,nếu không được kiểm soát #DrHanHang #daithaoduong #tieuduong #bienchungtieuduong",6572,2,13,biến chứng tiểu đường,2024-04-23T08:00:00+07:00,8S
7510523476789316882,https://www.tiktok.com/@laodong.vn/video/7510523476789316882,laodong.vn,Báo Lao Động,"TPHCM - Đối với những bệnh nhân có bệnh lý nền tiểu đường, việc tự ý bỏ thuốc khiến bệnh dễ tiến triển sang suy thận. #tiktoknews #baolaodong #tieuduong #suythan #tieuduong #tphcm",63600,4,555,tiểu đường suy thận,2025-06-02T17:00:00+07:00,1M43S
7625958758006394132,https://www.tiktok.com/@noitietbenhvientamanh/video/7625958758006394132,noitietbenhvientamanh,Bác sĩ Nội tiết Tâm Anh,Tiểu đường loại nào dễ dẫn đến suy thận? #tieuduong #daithaoduong #kiemsoattieuduong #TiktokForHealth #benhvientamanh #YteCongnghecao #songkhoe247 #suckhoe247 #suythan,1416,0,22,tiểu đường suy thận,2026-04-07T18:00:00+07:00,33S
7546559069293776129,https://www.tiktok.com/@noitietbenhvientamanh/video/7546559069293776129,noitietbenhvientamanh,Bác sĩ Nội tiết Tâm Anh,Dấu hiệu phát hiện sớm bệnh nhân suy thận do biến chứng tiểu đường #benhvientamanh #TiktokForHealth #tieuduong #daithaoduong #suythan,4328,2,103,tiểu đường suy thận,2025-09-05T19:55:00+07:00,1M19S
7220394046261447963,https://www.tiktok.com/@danghung_15/video/7220394046261447963,danghung_15,Chuyên Toán - Đặng Thành Đạt,Điều trị bệnh Tiểu Đường bằng ăn uống khoa học và thực tâp thiền.  #congdongnhungnguoimacbenhtieuduong #tieuduong #benhtieuduong #suythan #benhsuythan #thiendinh #thuctapthien #anuongkhoahoc ,36300,16,465,tiểu đường suy thận,2023-04-10T19:16:45+07:00,8M25S
7624024609477938452,https://www.tiktok.com/@chamthan2026/video/7624024609477938452,chamthan2026,Sống khỏe thấu đáo,Vì sao người tiểu đường dễ bị suy thận#tieuduong #suythan #nguoimoixaykenh #songkhoethaudao #suckhoe ,221,0,5,tiểu đường suy thận,2026-04-02T12:09:30+07:00,23S
7463078611558386952,https://www.tiktok.com/@nguyentrungha.tpn/video/7463078611558386952,nguyentrungha.tpn,Ds. Nguyễn Trung Hà TPN,Một người đàn ông bị tiểu đường phải chạy thận suốt đời chỉ vì 2 lý do sau #suckhoe #tieuduong #suythan #thienphucnhan ,6875,14,124,tiểu đường suy thận,2025-01-23T18:56:40+07:00,1M34S
7433751160353312018,https://www.tiktok.com/@tueminhvolamphunggiao/video/7433751160353312018,tueminhvolamphunggiao,Tuệ Minh Võ Lâm Phụng Giao,Nhiều chị em hỏi Tuệ Minh NƯỚC MÍA CÓ TRỊ TIỂU ĐƯỜNG VÀ SUY THẬN?#tieuduong #suythan ,109600,134,2402,tiểu đường suy thận,2024-11-05T18:11:11+07:00,2M27S
7556875208456441089,https://www.tiktok.com/@bacluongdinhduongthan/video/7556875208456441089,bacluongdinhduongthan,Bác Lượng dinh dưỡng thận,“Check VAR” các thực phẩm cho người tiểu đường và thận yếu #tuvandinhduongthan #suythan #tieuduong #food #tuvandinhduongtieuduong ,115000,77,3901,tiểu đường suy thận,2025-10-03T13:15:52+07:00,1M08S
7582889827704507664,https://www.tiktok.com/@bacsibenhvientamanh/video/7582889827704507664,bacsibenhvientamanh,Bác sĩ Bệnh viện Tâm Anh,Bệnh tiểu đường lâu năm âm thầm gây suy thận và nhiều bệnh nguy hiểm mà ít người ngờ tới #benhvientamanh #ytecongnghecao #songkhoe247 #TiktokForHealth #suythan #tieuduong,668,2,26,tiểu đường suy thận,2025-12-12T15:46:35+07:00,57S
7217336696654908698,https://www.tiktok.com/@danghung_15/video/7217336696654908698,danghung_15,Chuyên Toán - Đặng Thành Đạt,Điều trị bệnh Tiểu Đường bằng ăn uống khoa học và thực tâp thiền.  #congdongnhungnguoimacbenhtieuduong #tieuduong #benhtieuduong #suythan #benhsuythan #thiendinh #thuctapthien #anuongkhoahoc ,6146,5,43,tiểu đường suy thận,2023-04-02T13:32:43+07:00,1M59S
7511918047406394632,https://www.tiktok.com/@linhthietthaoduoc/video/7511918047406394632,linhthietthaoduoc,Thuốc Nam Gia Truyền 1984,4 loại nước này giúp người Tiểu Đường ngừa được biến chứng Suy Thận ! #linhthiet84 #benhtieuduong #ondinhduonghuyet #tieuduong #thaidocthan ,3294,3,53,tiểu đường suy thận,2025-06-04T09:38:40+07:00,1M32S
7217804463606615322,https://www.tiktok.com/@danghung_15/video/7217804463606615322,danghung_15,Chuyên Toán - Đặng Thành Đạt,Điều trị bệnh Tiểu Đường bằng ăn uống khoa học và thực tâp thiền.  #congdongnhungnguoimacbenhtieuduong #tieuduong #benhtieuduong #suythan #benhsuythan #thiendinh #thuctapthien #anuongkhoahoc ,1631,2,21,tiểu đường suy thận,2023-04-03T19:47:49+07:00,2M02S
7219163528979041563,https://www.tiktok.com/@danghung_15/video/7219163528979041563,danghung_15,Chuyên Toán - Đặng Thành Đạt,Điều trị bệnh Tiểu Đường bằng ăn uống khoa học và thực tâp thiền.  #congdongnhungnguoimacbenhtieuduong #tieuduong #benhtieuduong #suythan #benhsuythan #thiendinh #thuctapthien #anuongkhoahoc ,991,3,27,tiểu đường suy thận,2023-04-07T11:41:45+07:00,2M01S
7218028147265064219,https://www.tiktok.com/@danghung_15/video/7218028147265064219,danghung_15,Chuyên Toán - Đặng Thành Đạt,Điều trị bệnh Tiểu Đường bằng ăn uống khoa học và thực tâp thiền.  #congdongnhungnguoimacbenhtieuduong #tieuduong #benhtieuduong #suythan #benhsuythan #thiendinh #thuctapthien #anuongkhoahoc ,978,2,20,tiểu đường suy thận,2023-04-04T10:15:50+07:00,2M01S
7624030575610957069,https://www.tiktok.com/@sam.m.vn/video/7624030575610957069,sam.m.vn,MY VÂN,Biến chứng suy thận ở người tiểu đường #tieuduong #tieuduongtuyp2 #bienchungtieuduong #xuhuong #shop_sam_my_van ,1788,2,24,tiểu đường suy thận,2026-04-02T12:33:20+07:00,2M42S
7605554923123543316,https://www.tiktok.com/@bstramidinhduong/video/7605554923123543316,bstramidinhduong,BS Trà Mi Dinh dưỡng,Trả lời @Dung mập thực đơn người suy thận có tiểu đường #SuyThan #NERCI #BSMidinhduong ,2733,8,60,tiểu đường suy thận,2026-02-11T17:37:32+07:00,1M12S
7495017545242709255,https://www.tiktok.com/@nhungdinhduong89/video/7495017545242709255,nhungdinhduong89,Nhung dinh dưỡng,Suy thận kèm tiểu đường rất nên ăn các loại thực phẩm này #suythan #dinhduong #thucdon #suckhoe #tieuduong ,1919,1,16,tiểu đường suy thận,2025-04-19T20:36:02+07:00,8S
7624112888646520085,https://www.tiktok.com/@thaoduocmyvan/video/7624112888646520085,thaoduocmyvan,Sam Mỹ Vân shop,Đừng xem thường biến chứng suy thận ở người tiểu đường#tieuduong #tieuduongtuyp2 #sứckhoẻ #xuhuong #Đôngymyvan ,689,1,8,tiểu đường suy thận,2026-04-02T17:52:00+07:00,2M30S
7565941317243571464,https://www.tiktok.com/@hoangthuong_khoedep/video/7565941317243571464,hoangthuong_khoedep,Hoang Thuong Khoe Dep,Dấu hiệu nhận biết suy thận ở bệnh nhân tiểu đường... #TIỂU_ĐƯỜNG  #Machmausach  #Thuongthaomoc  #Momau . #xuhuongtiktok ,564,0,19,tiểu đường suy thận,2025-10-27T23:36:33+07:00,59S
7544235001395662088,https://www.tiktok.com/@noitietbenhvientamanh/video/7544235001395662088,noitietbenhvientamanh,Bác sĩ Nội tiết Tâm Anh,Biến chứng đái tháo đường ảnh hưởng đến nhiều cơ quan trong cơ thể #benhvientamanh #daithaoduong #tieuduong #suythan #TiktokForHealth #songkhoe247,1095,3,34,tiểu đường suy thận,2025-08-30T12:00:00+07:00,1M22S
7445853642541813000,https://www.tiktok.com/@hung_tieu_duong/video/7445853642541813000,hung_tieu_duong,TIỂU ĐƯỜNG VIỆT NAM,Những món ăn sáng tốt cho người tiểu đường #tieuduong #khanginsulin #suythan #tieuduongangi #hungtieuduong ,18500,42,388,tiểu đường suy thận,2024-12-08T08:55:02+07:00,4M38S
7526186813568847112,https://www.tiktok.com/@linhthietthaoduoc/video/7526186813568847112,linhthietthaoduoc,Thuốc Nam Gia Truyền 1984,Uống ngay nước này kẻo biến chứng Suy thận #linhthiet84 #benhtieuduong #thaidocthan #cayinsulin #tieuduong #tratuiloc ,6965,3,134,tiểu đường suy thận,2025-07-12T20:28:44+07:00,1M15S
7554939832720461074,https://www.tiktok.com/@mc.ng.an/video/7554939832720461074,mc.ng.an,Mộc Đường An,loại Vitamin  hỗ trợ điều trị suy thận do tiểu đường #mocduongan #suckhoe #suythan#thânjduong #xuhuong ,1431,1,11,tiểu đường suy thận,2025-09-28T08:05:09+07:00,30S
7582198531822341397,https://www.tiktok.com/@bacsithiendr/video/7582198531822341397,bacsithiendr,Bác sĩ Thiên,Bổ sung dinh dưỡng thế nào cho người TIỂU ĐƯỜNG #bacsithien #suythan #tieuduongvadaiduong #tieuduong #dinhduongbenhthan ,12000,5,82,tiểu đường suy thận,2025-12-10T19:02:53+07:00,1M05S
7416215568488860929,https://www.tiktok.com/@drngo/video/7416215568488860929,drngo,BS LỘC - NỘI TIẾT,Bảo tồn chức năng cho bệnh nhân tiểu đường kèm suy thận #bsloc #bslocnoitiet #tieuduong #diabetes #suythan #learnontiktok #longervideos ,124300,86,2152,tiểu đường suy thận,2024-09-19T12:04:16+07:00,3M19S
7613925481653472519,https://www.tiktok.com/@thiacanhmoccan/video/7613925481653472519,thiacanhmoccan,Tiểu Đường Sống Khoẻ,"Tê bì tay chân, mờ mắt, suy thận - Nôi sợ của người tiểu đường. #suckhoe #tientieuduong #tieuduongtuyp2 #tieuduong #tieuduongvadaiduong ",4835,0,15,tiểu đường suy thận,2026-03-06T06:59:36+07:00,40S
7563228663349529876,https://www.tiktok.com/@linhthietthaoduoc/video/7563228663349529876,linhthietthaoduoc,Thuốc Nam Gia Truyền 1984,Loại lá giúp tạm biệt Tiểu Đường mà ít ai biết ! #ondinhduonghuyet #linhthiet84 #benhtieuduong #tieuduong #tracayinsulin ,129100,100,4032,tiểu đường suy thận,2025-10-20T16:10:03+07:00,1M49S
7554750743983426834,https://www.tiktok.com/@nhathuocanduc8/video/7554750743983426834,nhathuocanduc8,Dược sĩ An,Tiểu đường và tránh nguy cơ suy thận #linhxuanthuduc #anduc8 #suckhoe #tieuduong #suythan ,420,6,14,tiểu đường suy thận,2025-09-27T19:51:21+07:00,1M09S
7252539218885364997,https://www.tiktok.com/@_kieumihd199/video/7252539218885364997,_kieumihd199,kiều mi,Trả lời @user6080790171657 TINH CHẤT NHÀU CHỮA TIỂU ĐƯỜNG@kiều mi #suythan #tieuduongvadaiduong #tieudem #huyetapcao ,2962,2,17,tiểu đường suy thận,2023-07-06T10:16:17+07:00,26S
7455949102228999431,https://www.tiktok.com/@thuoc_nam_ut_bong/video/7455949102228999431,thuoc_nam_ut_bong,Thuốc Nam Út Bông,Trả lời @Trần Phượng Bài thuốc tham khảo  Hỗ trợ điều trị  Người tiểu đường  Suy thận  Tiền tai-biến ,5121,8,112,tiểu đường suy thận,2025-01-04T13:50:32+07:00,2M11S
7543486999215213832,https://www.tiktok.com/@haihau19841211/video/7543486999215213832,haihau19841211,Hauthuocnam,Dấu hiệu bệnh tiểu đường biến chứng qua thận ,120200,23,705,tiểu đường suy thận,2025-08-28T11:22:20+07:00,1M12S
7448145713503997192,https://www.tiktok.com/@thaoduocritado/video/7448145713503997192,thaoduocritado,Lương Y Nguyễn Công Đức,Biến chứng suy thận của bệnh tiểu đường #tieuduong #daithaoduong #insulin #bepharin #nguyencongduc #baithuocdangian #xuhuong #learnontiktok #viral,1242,3,31,tiểu đường suy thận,2024-12-14T19:30:00+07:00,2M58S
7502690997902527752,https://www.tiktok.com/@quynhmot6886/video/7502690997902527752,quynhmot6886,Quỳnh MÓT6886,Bị tiểu đường hay tỉnh giữa đêm và mất ngủ thì video này dành cho bạn #truongsinhquyet #suckhoe247 #kienthuc #fyp #learnontiktok    #tieuduong ,80800,88,1829,tiểu đường suy thận,2025-05-10T12:52:59+07:00,2M41S
7580219098081070337,https://www.tiktok.com/@tam.dan046.thaoduoctutam/video/7580219098081070337,tam.dan046.thaoduoctutam,Tâm Đan Thảo Dược,Nước đậu đen giúp người tiểu đường ổn định đường huyết cải thiện suy thận.#tieuduong #tieuduongvadaiduong #bienchungtieuduong #xuhuong #ilovetiktok ,19800,2,437,tiểu đường suy thận,2025-12-05T11:03:02+07:00,1M49S
7205817488699968794,https://www.tiktok.com/@bstungtansoi/video/7205817488699968794,bstungtansoi,Bác sĩ Tùng,Mới hơn 30 tuổi mà sỏi khủng + nhiễm trùng + tiểu đường😤 #Soithan #soinieuquan  #dieutrisoithan  #bacsitung #tansoithan #benhvienbuudien ,175200,83,2580,tiểu đường suy thận,2023-03-02T12:32:13+07:00,14S
7118022420555959579,https://www.tiktok.com/@thsbsphananhtuan/video/7118022420555959579,thsbsphananhtuan,Ths Bs Phan Anh Tuấn,Tại Sao Người Tiểu Đường Suy Thận Không Nên Ăn Nhiều Trái Cây #suckhoe #learnontiktok #bacsichinhminh #suckhoe #LearnOnTikTok,6324,5,179,tiểu đường suy thận,2022-07-08T22:22:25+07:00,58S
7564687007218257172,https://www.tiktok.com/@thaodinhduong_86/video/7564687007218257172,thaodinhduong_86,Thảo Dinh Dưỡng,Chế độ ăn cho người suy thận giai đoạn 3B kèm tiểu đường! #suythan #suythanmantinh #viemcauthan #xuhuong #dinhduong ,4399,3,67,tiểu đường suy thận,2025-10-24T14:29:12+07:00,2M20S
7620733439074962709,https://www.tiktok.com/@thaynguyencongduc/video/7620733439074962709,thaynguyencongduc,Thầy Công Đức,Tiểu đường giai đoạn cuối là gì #tieuduong #daithaoduong #suythan #bepharin #nguyencongduc ,760,5,25,tiểu đường suy thận,2026-03-24T15:18:03+07:00,1M21S
7475573954774699282,https://www.tiktok.com/@suckhoequygia88/video/7475573954774699282,suckhoequygia88,Nguyễn Hiệp Sức Khoẻ,Tiểu đường Sỏi than cũng hết nhờ bài thuốc này##Suckhoecongdong❤️❤️❤️❤️❤️##vanhoasuckhoecongdong##suckhoemoinha☘️☘️☘️☘️☘️☘️☘️☘️☘️🌳🌳❤️💕💕💕💕💕##suckhoemienphi🌿🌿🌿☘️☘️,289,1,8,tiểu đường suy thận,2025-02-26T11:05:03+07:00,25S
7571033361439853845,https://www.tiktok.com/@dsquang.than/video/7571033361439853845,dsquang.than,DsQuang - Sức Khỏe Thận,"Suy thận nên ăn gì, Suy thận kèm tiểu đường có ăn sữa chua được không? #suythan #suckhoe #kienthucsuckhoe #dinhduong #suythanangi #giaidapthacmac #dstranvanquang",3268,6,43,tiểu đường suy thận,2025-11-10T16:56:16+07:00,1M48S
7522102075870678279,https://www.tiktok.com/@pdshiratieuduong/video/7522102075870678279,pdshiratieuduong,TT Hỗ Trợ Trị Liệu Tiểu Đường,Bởi lẽ tại sao mục tiêu điều trị tiểu đường lại là ngăn ngừa biến chứng #tieuduongvadaiduong #daithaoduong #tieuduong #duonghuyet #learnontiktok #bienchungtieuduong #xuhuongtiktok ,1703,0,8,tiểu đường suy thận,2025-07-01T20:17:52+07:00,15S
7402569704298007816,https://www.tiktok.com/@thieutaidinhduong.com/video/7402569704298007816,thieutaidinhduong.com,Thiều Tài,Suy thận do tiểu đường nỗi lo sợ từng ngày#tieuduongtuyp1#tieuduongtuyp2#tieuduongtuyp1vatuyp2#duonghuyet101#thieutai#suckhoe#,1577,0,32,tiểu đường suy thận,2024-08-13T17:31:11+07:00,41S
7618203584253021461,https://www.tiktok.com/@mythu.sam/video/7618203584253021461,mythu.sam,Shop mẹ Sam,Suy thận ở người bị tiểu đường#tieuduong #tieuduongvadaiduong #bienchungtieuduong #xuhuong #xuhuongtiktok ,458,0,4,tiểu đường suy thận,2026-03-17T19:40:55+07:00,1M12S
7480555634153327879,https://www.tiktok.com/@dodangtruongnee/video/7480555634153327879,dodangtruongnee,Đỗ Đang Trường,Sữa Glucerna Dành Cho Bệnh Nhân Tiểu Đường #dodangtruong #glucerna #tieuduong #suadinhduong #nikdo ,34200,86,116,tiểu đường suy thận,2025-03-11T21:16:28+07:00,37S
7539470911083203858,https://www.tiktok.com/@drbienyhocgiadinh/video/7539470911083203858,drbienyhocgiadinh,Dr Biên,Tiểu đường đừng bỏ qua suy thậ #suythan #tieuduong #bacsibien,1214,3,38,tiểu đường suy thận,2025-08-17T18:55:00+07:00,2M22S
7369045314151468296,https://www.tiktok.com/@bacsitranminh/video/7369045314151468296,bacsitranminh,Bác Sĩ Trần Minh,Chỉ số đường huyết cao không nên ăn những thực phẩm này | Bác Sĩ Trần Minh #chisoduonghuyet #chisoduonghuyetcao #short #bacsitranminh #bacsigiadinh,56700,19,635,đường huyết cao,2024-05-16T09:00:00+07:00,1M16S
7277875154800119041,https://www.tiktok.com/@bacsyngoc.official/video/7277875154800119041,bacsyngoc.official,Dr Ngọc Clinic,Đường huyết bao nhiêu thì là nguy hiểm? | Dr Ngọc #duonghuyet #duonghuyetcao #duonghuyetbaonhieu #chisoduonghuyet #chisoduonghuyetonguoibitieuduong #suckhoe  #caithiensuckhoe  #songkhoe  #songkhoemoingay  #short  #shorts  #bacsigiadinh  #drngoc,274800,199,2879,đường huyết cao,2023-09-12T16:52:53+07:00,2M58S
7599577795500461333,https://www.tiktok.com/@dakhoaphuongchaust/video/7599577795500461333,dakhoaphuongchaust,Đa Khoa Phương Châu Sóc Trăng,"Nhầm tưởng là bị bệnh xoang, thực chất là nhức đầu do đường huyết cao #pcst #phuongchausoctrang #noitiet #daithaoduong #duonghuyetcao ",11500,2,111,đường huyết cao,2026-01-26T15:03:21+07:00,43S
7585169779606981909,https://www.tiktok.com/@duocsithanhhai2023/video/7585169779606981909,duocsithanhhai2023,DS THANH HẢI,Đây Là Thứ Quyết Định 80% Kết Quả Kiểm Soát Đường Huyết #dsthanhhai #duonghuyetcao #tieuduong #chedoantieuduong #xuhuong ,3317,9,73,đường huyết cao,2025-12-18T19:12:47+07:00,46S
7123066111167368449,https://www.tiktok.com/@drthuydung1/video/7123066111167368449,drthuydung1,Dr Thuỳ Dung,5 Dấu Hiệu Cảnh Báo Đường Huyết Tăng #learnontiktok #drthuydung #duonghuyet #canhbao #duonghuyetcao,178700,113,3053,đường huyết cao,2022-07-22T12:34:38+07:00,2M20S
7595112829305244936,https://www.tiktok.com/@kimdomkhang.aau/video/7595112829305244936,kimdomkhang.aau,Kim Đởm Khang-Xua tan Sỏi mật,"Đường huyết 5,6-7 mmol/l người bệnh phải làm sao? #daithaoduong #duonghuyetcao #tientieuduong #glutex #songkhoe ",25800,27,360,đường huyết cao,2026-01-14T14:16:53+07:00,2M19S
7624364162382105877,https://www.tiktok.com/@thanhtiemdongy/video/7624364162382105877,thanhtiemdongy,Thanh Tiềm Đông Y,Cô bác anh chị nào đường huyết cao nên lưu lại ngay 6 món ăn này #thanhtiemdongy #suckhoe #tieuduong #duonghuyetcao #baithuocdangian ,1432,0,16,đường huyết cao,2026-04-03T10:07:04+07:00,1M06S
7537246140903771410,https://www.tiktok.com/@duocsithao6/video/7537246140903771410,duocsithao6,Dược sĩ Thảo,"ĐƯỜNG HUYẾT CAO, HẠT CHIA CỨU TINH #duonghuyet #tieuduong #tieuduongvadaiduong #tieuduongthaiki #tieuduongtuyp2 #duocsithao",7094,16,153,đường huyết cao,2025-08-13T06:00:00+07:00,1M47S
7624360335767670023,https://www.tiktok.com/@songkhoecungthat/video/7624360335767670023,songkhoecungthat,Sống Khỏe Cùng Thật,Ban đêm ngủ mà có 5 dấu hiệu này rất có thể đường huyết đang cao #duonghuyet #tieuduong #khanginsulin #xuhuongtiktok #songkhoe ,2260,1,23,đường huyết cao,2026-04-03T09:52:09+07:00,1M24S
7486422458531122439,https://www.tiktok.com/@nhontranthaomoc/video/7486422458531122439,nhontranthaomoc,Nhơn Trần Thảo Mộc,#3 Test đường huyết với người lạ - Bất ngờ với đường huyết cao kỷ lục - Trà khổ qua rừng bất lực #testduonghuyet #nhontranthaomoc #testduonghuyetnguoila#thunghiemduonghuyet,72000,118,944,đường huyết cao,2025-03-27T18:00:00+07:00,7M32S
7617847014591630599,https://www.tiktok.com/@songkhoecungthat/video/7617847014591630599,songkhoecungthat,Sống Khỏe Cùng Thật,Đường huyết cao bao nhiêu sẽ có biến chứng #duonghuyet #tieuduong #hba1c #xuhuongtiktok #khanginsulin ,4925,2,54,đường huyết cao,2026-03-16T20:37:09+07:00,1M33S
7623407727187954965,https://www.tiktok.com/@bshiep.gene/video/7623407727187954965,bshiep.gene,Bs.Hiệp - Giải mã Gene,Ngày 43: Đường huyết cao nguy hiểm thế nào ?  #dotquy #dotquynao #100ngayphongdotquy #BsHiep #duonghuyetcao,292,0,4,đường huyết cao,2026-03-31T20:15:33+07:00,49S
7538419521837714696,https://www.tiktok.com/@bsquangvinh3/video/7538419521837714696,bsquangvinh3,Bs.QUANG VINH - KHOÁNG ĐVL,💚 “Đường huyết cao ban đêm — kẻ cắp thầm lặng của giấc ngủ!”☘️ #fyp #duonghuyetcao #tieuduongtuyp2  @Bs.QUANG VINH ,214000,165,3948,đường huyết cao,2025-08-14T19:37:52+07:00,41S
7621690859968351496,https://www.tiktok.com/@bacsithunoitiet/video/7621690859968351496,bacsithunoitiet,Bác sĩ Thu Nội Tiết,Bệnh nhân để đường huyết cao | Thu Nội Tiết #bacsithunoitiet #tuyengiap #tieuduong,24900,69,345,đường huyết cao,2026-03-27T11:00:00+07:00,2M06S
7611888556256136455,https://www.tiktok.com/@ds.monghuynh/video/7611888556256136455,ds.monghuynh,DƯỢC TỪ TÂM DS MỘNG HUỲNH,nếu đường huyết cao người mệt mỏi#tieuduong #tieuduongtype1 #tieuduongtype2 #biengchungtieuduong #dsmonghuynh ,5420,13,69,đường huyết cao,2026-02-28T19:15:19+07:00,1M11S
7506891925807484168,https://www.tiktok.com/@thongkinhlacstore/video/7506891925807484168,thongkinhlacstore,THÔNG KINH LẠC STORE,Phần 24 | Đường Huyết cao ấn ngay vị trí này #thongkinhlacstore #suckhoe #xuongkhop #duongsinh #dongy #duonghuyet #fyp ,318500,146,5698,đường huyết cao,2025-05-21T20:34:42+07:00,23S
7322652250608880897,https://www.tiktok.com/@tranxuanson.com/video/7322652250608880897,tranxuanson.com,Trần Sơn.,Chỉ số đường huyết cao bao nhiêu là nguy hiểm? | Trần Sơn #transon #tieuduong #tieuduongvadaiduong #chamsocsuckhoechudong,180200,82,1403,đường huyết cao,2024-01-11T08:51:21+07:00,3M09S
7610816831586110741,https://www.tiktok.com/@thincanbangchuyenhoa/video/7610816831586110741,thincanbangchuyenhoa,Nguyễn Viết Thìn,Loại cơ đang hút đường hiệu quả mà 90% người tiểu đường đang không sử dụng #thincanbangchuyenhoa #khanginsulin #tieuduong #roiloanchuyenhoa #momau ,224500,239,6185,đường huyết cao,2026-02-25T21:56:31+07:00,1M41S
7597801165547506951,https://www.tiktok.com/@thaymocduc/video/7597801165547506951,thaymocduc,Lương y Phạm Duy Đức,Đường huyết cao thử ngay cách này #tieuduong #luongyphamduyduc #suckhoe #lernontiktok ,13500,7,137,đường huyết cao,2026-01-21T20:08:59+07:00,24S
7594112104030801172,https://www.tiktok.com/@dongyhongloan/video/7594112104030801172,dongyhongloan,dongyhongloan,nếu lượng đường trong m.á.u cao làm ngay nhé quý cô bác anh chị!! #duonghuyet #suckhoe #truongthihongloan #trilieutainha #chamsocsuckhoetainha ,29400,40,640,đường huyết cao,2026-01-11T21:33:38+07:00,23S
7572605182320676116,https://www.tiktok.com/@songkhoehappy369/video/7572605182320676116,songkhoehappy369,Healthier,"Xơ vữa động mạch là do mỡ bám vào thành mạch, làm mạch hẹp lại và dễ gây nhồi máu tim, đột quỵ. Nguyên nhân chính: huyết áp cao, hút thuốc, cholesterol cao, đường huyết cao. Muốn giảm rủi ro: ăn lành mạnh, hạn chế đồ béo, tập thể dục, kiểm soát huyết áp – đường – mỡ máu, và bỏ thuốc. #suckhoe #xovuadongmach #timach ",1700000,515,27100,đường huyết cao,2025-11-14T22:35:43+07:00,12S
7625622527863196949,https://www.tiktok.com/@quyetphan.hba1c/video/7625622527863196949,quyetphan.hba1c,Quyet Phan HbA1c,"Trả lời @user3059666166171 Cô chú anh chị bị tiểu đường tuýp 2, kháng insulin, ăn xong mệt mỏi buồn ngủ đường huyết bị tăng cao tham khảo thêm gói uống chất xơ trước bữa ăn này nhé #khanginsulin #glucose #duonghuyet #roiloanchuyenhoa #tieuduong ",4972,8,57,đường huyết cao,2026-04-06T19:30:10+07:00,1M02S
7363281963521789185,https://www.tiktok.com/@bstuan.ivf.bvphusantw/video/7363281963521789185,bstuan.ivf.bvphusantw,Bs Tuấn - Khoa sản 2 -BVPSTW,Vấn nạn Đái tháo đường thai kỳ,192500,328,2385,đường huyết cao,2024-04-29T20:34:49+07:00,58S
7472510923526262023,https://www.tiktok.com/@hoathinhbox/video/7472510923526262023,hoathinhbox,Hoạt Hình Bổ X,Nguyên nhân dẫn đến hạ đường huyết ! #hoathinhbox #kienthuc #learnontiktok #ykhoa #hhbx #yhoc,412800,86,17000,đường huyết cao,2025-02-18T10:25:00+07:00,1M06S
7622993800285146375,https://www.tiktok.com/@phngphng3438/video/7622993800285146375,phngphng3438,Hiểu Cơ Thể Bạn,"Quái vật ĐƯỜNG HUYẾT – Tao kiểm soát cơ thể mày Đường huyết cao không phải lúc nào cũng biểu hiện rõ ràng… nhưng lại âm thầm ảnh hưởng đến cơ thể mỗi ngày. Ăn uống không kiểm soát, hấp thụ đường nhiều khiến cơ thể mệt mỏi, uể oải và tiềm ẩn nhiều vấn đề sức khỏe. Giải pháp không chỉ là kiêng khem… mà là hỗ trợ cơ thể điều chỉnh từ bên trong. Trà lá ổi với thành phần chính từ lá ổi tự nhiên giúp hỗ trợ tiêu hoá, ổn định đường huyết, thanh lọc cơ thể, đồng thời tăng cường sức đề kháng và cải thiện sức khỏe tổng thể. Khi cơ thể được cân bằng từ bên trong… bạn sẽ cảm nhận rõ sự nhẹ nhàng và ổn định mỗi ngày. #traláổi #duonghuyet #tieuduong #thanhloc #giamduong    ",345,0,5,đường huyết cao,2026-03-30T17:29:17+07:00,25S
7431427738281561360,https://www.tiktok.com/@thieutaidinhduong.com/video/7431427738281561360,thieutaidinhduong.com,Thiều Tài,"3 cách tránh đường huyết tăng cao rất dễ thực hiện an toàn,đặc biệt số 3#daithaoduong#daithaoduongtuyp1#daithaoduongtuyp2#tieuduongtuyp2#tieuduongtuyp1#tieuduongvadaithaoduong#thieutai#kiemsoatduonghuyet#haduonghuyet#duonghuyet101#dieutritieuduong#suckhoe#",70300,82,1546,đường huyết cao,2024-10-30T11:55:12+07:00,1M07S
7338707661287984402,https://www.tiktok.com/@tranthanhson.040102/video/7338707661287984402,tranthanhson.040102,TRẦN THANH SƠN💮,4 tác hại của đường huyết cao #suckhoe #suckhoe247 #songkhoe247 #tranthanhson #daophat #vansonsuckhoe,6523,5,104,đường huyết cao,2024-02-23T15:13:53+07:00,1M53S
7586658971491061013,https://www.tiktok.com/@uthacute/video/7586658971491061013,uthacute,Út Hà zui- khoẻ,Tiểu đường và đường huyết cao nó khác hay giống nhau ạ. #khanginsulin #haduonghuyet #giamcan,34300,79,575,đường huyết cao,2025-12-22T19:31:36+07:00,25S
7459272183978691847,https://www.tiktok.com/@bacsihuy.official/video/7459272183978691847,bacsihuy.official,Bác Huy,Theo dõi đường huyết chính xác ngay tại nhà!  #LongChau2025 #FPTLongChau #MediUSA ,161400,35,14100,đường huyết cao,2025-01-13T12:45:52+07:00,1M25S
7581122876837727496,https://www.tiktok.com/@viet_vibe/video/7581122876837727496,viet_vibe,VietVibe,Món ăn nào làm tăng đường huyết? #suckhoe #dinhduong ,1200000,154,10500,đường huyết cao,2025-12-07T21:28:44+07:00,14S
7546825701975002369,https://www.tiktok.com/@ts.bshoa_noitiet/video/7546825701975002369,ts.bshoa_noitiet,Tiến sĩ Hồng Hoa-Tuyến giáp,Vì sao đường huyết lúc đói tăng cao? Cách khắc phục như thế nào? #daithaoduongthaiky #tieuduongthaiky #duonghuyetdoi #testtieuduong #nghiemphapdungnapduong #kiemsoatdaithaoduong #bvbaoson #baosonhospital #fyp,91700,41,1173,đường huyết cao,2025-09-06T20:35:00+07:00,1M09S
7445496198095473938,https://www.tiktok.com/@bstamhuyet/video/7445496198095473938,bstamhuyet,Bác sĩ Tâm huyết,"Thuốc không uống, cơm cứ ăn tăng tý vô tư - một suy nghĩ đáng lo ngại ở người bệnh tiểu đường! #tieuduong #duonghuyet #bacsitamhuyet ",8749,5,86,đường huyết cao,2024-12-07T09:47:57+07:00,47S
7532692339706400008,https://www.tiktok.com/@nhathuocngocchau5/video/7532692339706400008,nhathuocngocchau5,Ngọc Châu parmacy,"🌡 Những Nguyên Nhân Gây Bệnh Cao Huyết Áp – Ai Cũng Nên Biết! Bạn có biết cao huyết áp là “người thầm lặng” dẫn đến nhiều biến chứng nguy hiểm như đột quỵ, suy tim, suy thận? Đáng lo hơn nữa, rất nhiều người đang sống chung với bệnh mà không hề hay biết nguyên nhân. Cùng khám phá ngay những nguyên nhân gây bệnh cao huyết áp phổ biến nhất hiện nay để phòng ngừa hiệu quả! 📈 Top 7 nguyên nhân gây bệnh cao huyết áp phổ biến: 🌿 Chế độ ăn uống không lành mạnh: Ăn nhiều muối, đồ chiên rán, thực phẩm chế biến sẵn khiến huyết áp tăng nhanh chóng. 🌸 Thừa cân, béo phì: Trọng lượng dư thừa làm tăng áp lực lên hệ tuần hoàn, dễ dẫn đến tăng huyết áp. 🌿 Thiếu vận động thể chất: Ngồi nhiều, ít vận động làm suy giảm tuần hoàn máu, tăng nguy cơ cao huyết áp. 🌸 Căng thẳng, stress kéo dài: Áp lực tinh thần khiến cơ thể tiết hormon làm co mạch máu và tăng huyết áp. 🌿 Lạm dụng rượu bia, thuốc lá: Đây là nguyên nhân làm tổn thương mạch máu, tăng nguy cơ bệnh tim mạch và huyết áp cao. 🌸 Di truyền, yếu tố gia đình: Nếu cha mẹ hoặc người thân bị cao huyết áp, bạn cũng có nguy cơ cao mắc bệnh. 🌿 Tuổi tác và các bệnh nền như tiểu đường, thận: Tuổi càng cao, nguy cơ càng lớn. Các bệnh nền cũng góp phần tăng huyết áp. Hiểu rõ nguyên nhân cao huyết áp chính là bước đầu để bảo vệ sức khỏe tim mạch. Hãy chủ động điều chỉnh lối sống từ hôm nay! #NhàThuốcNgọcChâu #ĐồngHànhCùngKháchHàng #CamKếtSứcKhỏe #canxisaichovoihoa #",12500,22,65,đường huyết cao,2025-07-30T09:13:32+07:00,15S
7623420542795664660,https://www.tiktok.com/@_my.nng_/video/7623420542795664660,_my.nng_,Lunar 美娘,"Có một thời gian, mình rất lo cho mẹ… Mẹ mình bị tiểu đường, có lúc đường huyết lên cao, nhìn mẹ mệt mà mình không biết phải làm sao. Rồi một ngày, mẹ mình biết đến một loại cây – “cây insulin” 🌿 Mẹ bắt đầu dùng thử, kết hợp với ăn uống và sinh hoạt điều độ. Thật may mắn, dạo gần đây lượng đường của mẹ đã ổn định hơn, không còn tăng cao như trước nữa. Không phải là “thần dược”, nhưng với gia đình mình, đó là một sự thay đổi rất đáng quý… Hôm nay mình mang một chậu nhỏ từ quê lên, vừa là để nhớ về nhà, vừa muốn chia sẻ với những ai đang quan tâm 💛 Nếu bạn cũng đang tìm hiểu, có thể nhắn mình nhé. #tieuduong #cayinsulin #songkhoe #hoctiengtrung #dailyvlog ",328,0,20,đường huyết cao,2026-03-31T21:05:17+07:00,24S
7565793854721494290,https://www.tiktok.com/@drtrannhutminh/video/7565793854721494290,drtrannhutminh,Dr Trần Nhựt Minh,Chỉ số đường huyết cao ăn gì để giảm |Dr Trần Nhựt Minh#bacsigiadinh #short #drtrannhutminh #duonghuyetcao #giamduonghuyet,481,0,32,đường huyết cao,2025-10-28T07:00:00+07:00,53S
7468138687247830279,https://www.tiktok.com/@giahan.food/video/7468138687247830279,giahan.food,GIAHAN.FOOD,Bổ sung ngay bốn loại hạt này khi đường huyết tăng cao nhé .  #medengiahanfood #giahanfood #vungden #botmeden #meden #botmedennguyenchat #botmedengiahanfood #suamedengiahanfood #suamedennguyenchat #BỘT_GẠO_LỨT_MÈ_ĐEN_ĐẬU_ĐEN_XANH_LÒNG #suahatngucoc #botgaolutmeden #ngucocduongsinh #BOTGAOLUT #botdaudenxanhlong #botdaudenxanhlongrangxay #suameden #me_den,4000000,896,15500,đường huyết cao,2025-02-06T10:12:47+07:00,1M03S
7606196923250314497,https://www.tiktok.com/@glutex.11/video/7606196923250314497,glutex.11,Chuyên gia về Tiểu đường,5 cách giúp giảm đường huyết tại nhà hiệu quả #daithaoduong #tieuduong #duonghuyetcao #glutex #songkhoe,15200,10,239,đường huyết cao,2026-02-13T11:09:01+07:00,2M39S
7265281313073073409,https://www.tiktok.com/@duonghuyetthethao/video/7265281313073073409,duonghuyetthethao,Đường huyết thể thao,REDBULL ảnh hưởng thế nào tới đường huyết #duonghuyetthethao #duonghuyetcao #duonghuyetgymer #duonghuyetfitness #dinhduong #anuong #songkhoe247 #learnontiktok #longvideos ,4722,1,32,đường huyết cao,2023-08-09T18:22:11+07:00,1M10S
7582556408181263623,https://www.tiktok.com/@songkhoe40/video/7582556408181263623,songkhoe40,Sống Khoẻ 4.0,Sự Thật Về Tiểu Đường #tieuduong #songkhoe40 ,1059,0,11,tieuduong,2025-12-11T18:11:34+07:00,45S
7625942841407147282,https://www.tiktok.com/@namphucsinh/video/7625942841407147282,namphucsinh,NAM PHỤC SINH STORE,Người tiểu đường nên lưu ý nhé #tieuduong #namphucsinh #phucanduong #tieuduongtuyp2 #tiktik ,38,1,3,tieuduong,2026-04-08T11:42:00+07:00,37S
7483000316464516360,https://www.tiktok.com/@thuongquyet9394/video/7483000316464516360,thuongquyet9394,QYT PHARMA,Chỉ số đường huyết bao nhiêu được coi là bình thường? #duonghuyetcao #duonghuyetbaonhieu #tieuduong #hba1c #suckhoe #tiktok ,185200,50,1093,tieuduong,2025-03-18T11:23:05+07:00,12S
7497794905276828936,https://www.tiktok.com/@mebecammiu/video/7497794905276828936,mebecammiu,Mẹ Cam Miu🍊🐱,"6 lưu ý khi đi làm xét nghiệm tiểu đường thai kì,mẹ bầu nào tập đầu thì nhớ lưu lại nha, nhả vía ko vị tđtk cho các m nhez  #mecammiu #mevabe #mebau #mebauthongthai #mangthai #xntđtk #tieuduongthaiki #xetnghiemtieuduongthaiki #CapCut ",447700,667,5954,tieuduong,2025-04-27T08:13:42+07:00,41S
7394065546796485909,https://www.tiktok.com/@thaosongkhoemoingay/video/7394065546796485909,thaosongkhoemoingay,Trần Thu Thảo,3 dấu hiệu mắc tiểu đường #thaosongkhoemoingay #songkhoe #songxanh #tieuduong ,612,0,9,tieuduong,2024-07-21T19:30:48+07:00,39S
7540634899514936594,https://www.tiktok.com/@dsmonghuynh/video/7540634899514936594,dsmonghuynh,DƯỢC TỪ TÂM HUYNH,người bị tiểu đường mà biết trà này coi như trúng số luôn nha#tieuduong #bienchungtieuduong #suckhoe #learnontiktok2025 #xuhuongtiktok2025 #duoctutammomghuynh ,52500,121,497,tieuduong,2025-08-20T18:54:39+07:00,15S
7620655961514003732,https://www.tiktok.com/@nguyentrieutin/video/7620655961514003732,nguyentrieutin,Dược Sĩ Triệu Tín,ĐÁI THÁO ĐƯỜNG VÀ CÁC NHÓM THUỐC#TIEUDUONG #daithaoduong #ADA2026,936,4,28,daithaoduong,2026-03-28T19:00:00+07:00,11M57S
7508425585773923591,https://www.tiktok.com/@lithvit02/video/7508425585773923591,lithvit02,Zenda Lại,"ĐÁI THÁO ĐƯỜNG (1) || Osmosis Vietnamese Đái tháo đường type 1 là một bệnh tự miễn, trong đó hệ miễn dịch phá hủy các tế bào beta của tuyển tụy - nơi sản xuất insulin. Hậu quả là cơ thể không còn khả năng sản xuất insulin, dẫn đến tăng đường huyết. Bệnh thường khởi phát ở trẻ em và thanh thiếu niên, nhưng có thể xuất hiện ở mọi lứa tuổi. Nguyên nhân chính chưa rõ ràng, nhưng có liên quan đến yếu tố di truyền và môi trường. Triệu chứng điển hình gồm: tiểu nhiều, khát nước, sụt cân nhanh, mệt mỏi. Nêu không được điêu trị, bệnh có thể gây ra các biển chứng cấp tính như nhiễm toan ceton do đái tháo đường và các biến chứng mạn tính như bệnh lý tim mạch, thận, võng mạc và thân kinh. Hiện chưa có cách chữa khỏi, nhưng bệnh có thể kiểm soát nhờ tiêm insulin, cùng với chế độ ăn, vận động và theo dõi đường huyết chặt chẽ. #daithaoduong #daithaoduongtuyp1 #ĐTĐ #DTD #Osmosis #hocycogivui👨‍⚕️ #LearnOnTiktok #kienthucmoingay ",10500,4,536,daithaoduong,2025-05-25T23:46:06+07:00,8M51S
7425168709360094482,https://www.tiktok.com/@bsvang/video/7425168709360094482,bsvang,BS.VÀNG-TiêuHoáGanMật,💢Đái tháo đường có thể điều trị khỏi mà không cần dùng thuốc?@BS HỮU VÀNG @PK GOLDMed TÊN LỬA #bsvang #phongkhamtenlua #goldmedclinic #pkgoldmed #LearnOnTikTok #daithaoduong #tieuduong #tieuduongvadaiduong ,172400,208,3263,daithaoduong,2024-10-13T15:06:55+07:00,1M27S
7574296843836771602,https://www.tiktok.com/@kin.thc.ni.khoa.s/video/7574296843836771602,kin.thc.ni.khoa.s,Kiến Thức Nội Khoa sinh viên y,Nhóm thuốc điều trụ đái tháo đường phần 1#ykhoa #sinhvienyduoc #sinhvien #kienthucthuvi #daithaoduong ,30400,16,861,daithaoduong,2025-11-19T12:00:13+07:00,5M57S
7616927592200834325,https://www.tiktok.com/@ths.ds.buithienkhanh/video/7616927592200834325,ths.ds.buithienkhanh,ThS-Ds.Bùi Thiện Khánh,3 lưu ý trong ăn uống của người tiểu đường #tieuduong #daithaoduong #dskhanhbui ,14100,4,367,daithaoduong,2026-03-21T05:30:00+07:00,1M00S
7620354553510219028,https://www.tiktok.com/@song.khoe.moi.ngay.11/video/7620354553510219028,song.khoe.moi.ngay.11,Sống Khỏe Mỗi Ngày,7 Loại Rau Củ Có Thể Làm Đường Huyết Tăng Vọt – Người Tiểu Đường Nên Hạn Chế #suckhoe #songkhoe #tieuduongvadaiduong #tieuduongtuyp2 #duonghuyet #tieuduong #xuhuong #viral #fyp,10600,5,64,duonghuyet,2026-03-23T19:30:00+07:00,52S
7616210631737249032,https://www.tiktok.com/@yeutunhien369/video/7616210631737249032,yeutunhien369,Yêu Tự Nhiên ☘,"THÓI QUEN ĂN UỐNG ĐANG LÀM CHÚNG TA NHANH GIÀ HƠN Đây là chia sẻ của Jessie Inchauspé trên kênh Lewis Howes. Jessie là tác giả sách bán chạy nhất thế giới, còn được biết đến với biệt danh Glucose Goddess, là một nhà hóa sinh người Pháp chuyên nghiên cứu về cách đường huyết ảnh hưởng đến năng lượng, cảm giác thèm ăn, cân nặng và quá trình lão hóa. Cô tốt nghiệp toán học tại King's College London, sau đó làm việc trong lĩnh vực công nghệ sinh học trước khi bắt đầu phổ biến kiến thức về chuyển hóa glucose cho công chúng. Jessie trở nên nổi tiếng toàn cầu sau cuốn sách bán chạy Glucose Revolution - Tạm dịch: Cuộc cách mạng Glucose, đã có bản tiếng Việt phát hành bởi HuyhoangBooks, trong đó cô chia sẻ nhiều “mẹo sinh học” đơn giản giúp ổn định đường huyết mà không cần ăn kiêng khắc nghiệt.  Sách ""Cuộc cách mạng Glucose"" của Jessie đã bán được hơn 2 triệu bản trên toàn thế giới, dịch ra hơn 40 ngôn ngữ. Nó cũng lọt vào danh sách bán chạy của USA Today và Wall Street Journal, đứng top đầu ở nhiều nước như Pháp, Anh, Úc, Tây Ban Nha và Đức. (Mình sẽ để link sách phía dưới cho ai cần). Trong video này, Jessie giải thích rằng ăn đồ ngọt khi bụng đói hoặc vào buổi sáng dễ làm đường huyết tăng vọt rồi tụt nhanh, khiến cơ thể mệt mỏi và kích hoạt cảm giác thèm đường liên tục suốt cả ngày. Cách đơn giản để giảm tác động này là ăn đồ ngọt sau bữa ăn và kết hợp cùng protein, chất béo hoặc chất xơ, giúp làm chậm hấp thu glucose và hạn chế những “cú sốc đường huyết” cho cơ thể. #ổn_định_đường_huyết  #ăn_đúng_cách #ngănngừalãohóa ",274600,261,13900,duonghuyet,2026-03-12T10:47:14+07:00,4M57S
7616555384844635400,https://www.tiktok.com/@meohaymoingay663/video/7616555384844635400,meohaymoingay663,Mẹo Hay Mỗi Ngày,Đường huyết lên xuống thất thường như giá xăng thế bà con? Thử ngay mẹo này để ổn định đường huyết nha! #duonghuyet #ondinhduonghuyet #tieuduong #tieuduongvadaiduong #tieuduongthaiki ,20100,3,287,duonghuyet,2026-03-13T09:04:59+07:00,33S
7604097391968472321,https://www.tiktok.com/@duocsithao6/video/7604097391968472321,duocsithao6,Dược sĩ Thảo,Đường huyết tăng chóng mặt nếu ăn sai 4 loại rau củ sau #duocsithao #suahattinhbotcham #tieuduong #duonghuyet #tieuduongangi #duonghuyetondinh,217100,229,3648,duonghuyet,2026-02-10T06:00:00+07:00,4M48S
7585508943565262101,https://www.tiktok.com/@thieutaidinhduong.com/video/7585508943565262101,thieutaidinhduong.com,Thiều Tài,3 bài tập giảm đường huyết nhanh không tốn sức nhiều#daithaoduong#thieutai#baitapgiamduonghuyetnhanh#giamduonghuyet#suckhoe,223100,218,6065,duonghuyet,2025-12-19T17:08:59+07:00,1M00S
7618538758555667732,https://www.tiktok.com/@oanh.tr.tho.mc.nps/video/7618538758555667732,oanh.tr.tho.mc.nps,OANH TRÀ THẢO MỘC NPS,Anh bắp đúng cách sẽ giảm đường huyết các bạn lưu ý và chia sẻ mọi người cùng biết nhé ! #xuhuongtiktok  #duonghuyet   #đau   #suckhoe   #đaunhức ,8757,8,75,duonghuyet,2026-03-18T17:21:32+07:00,36S
7576573203838012680,https://www.tiktok.com/@kinhnghiemsuckhoe/video/7576573203838012680,kinhnghiemsuckhoe,Kinh Nghiệm Sức Khoẻ,Cách Đo Và Đọc Chỉ Số Đường Huyết Tại Nhà #duonghuyet #tieuduong #suckhoe #magnesium #glutathione ,24400,5,188,duonghuyet,2025-11-25T15:13:42+07:00,57S
7523080085335854354,https://www.tiktok.com/@sapilachealthy/video/7523080085335854354,sapilachealthy,Sapilac Healthy,lượng đường huyết của người bình thường là bao nhiêu #suckhoemoingay #suckhoe #luongduonghuyet #duonghuyet,8309,2,52,duonghuyet,2025-07-06T18:00:00+07:00,44S
7561022008545381650,https://www.tiktok.com/@tuyenhettieuduong/video/7561022008545381650,tuyenhettieuduong,TUYỂN HẾT TIỂU ĐƯỜNG,3 Mẹo hạ đường huyết Ngay lập tức ‼️#tuyenduonghuyet #glucose #diabetes #tieuduong #duonghuyet ,13100,16,373,duonghuyet,2025-10-14T17:27:05+07:00,1M52S
